IFUEL,ITECHP2,1,2,3,4,5,6,7,8,9,10,11,12,13,14,15,16,17,18,19
1,1,1,1,1,1,1,1,1,1,0.35956174,0.35625428,0.34731668,1,0.35003641,0.33399218,0.32898235,0.35582897,0.34718406,0.34256843,0
1,2,0,0,0,0,0,0,0,0,0.28138947,0.27980292,0.27552903,0,0.2768015,0.26894012,0.26638854,0.27962178,0.2753523,0.27317369,0
1,3,0,0,0,0,0,0,0,0,0.33661342,0.34035385,0.35042971,0,0.34742981,0.36596328,0.37197879,0.34078085,0.35084629,0.35598248,0
1,4,0,0,0,0,0,0,0,0,0,0,0,0,0,0,0,0,0,0,0
1,5,0,0,0,0,0,0,0,0,0,0,0,0,0,0,0,0,0,0,0
1,6,0,0,0,0,0,0,0,0,0,0,0,0,0,0,0,0,0,0,0
1,7,0,0,0,0,0,0,0,0,0,0,0,0,0,0,0,0,0,0,0
1,8,0.78704715,0,0.78704715,0,0,0,0,0,1,0,1,0,1,0,1,1,0,1,0
1,9,0,0,0,0,0,0,0,0,0.05,0,0.27934659,0,0.05,0,0.35622048,0.28691208,0,0.27939188,0
1,10,0,0,0,0,0,0,0,0,0.06625588,0.06672503,0.06672503,0,0.06672503,0.06672503,0.06672503,0.06176487,0.06381039,0.06371129,0
1,11,0,0,0,0,0,0,0,0,0,0,0,0,0,0,0,0,0,0,0
1,12,0,0,0,0,0,0,0,0,0,0,0,0,0,0,0,0,0,0,0
1,13,0,0,0,0,0,0,0,0,0,0,0,0,0,0,0,0,0,0,0
1,14,0,0,0,0,0,0,0,0,0,0,0,0,0,0,0,0,0,0,0
1,15,0,0,0,0,0,0,0,0,0,0,0,0,0,0,0,0,0,0,0
1,16,0,0,0,0,0,0,0,0,0,0,0,0,0,0,0,0,0,0,0
1,17,0,0,0,0,0,0,0,0,0,0,0,0,0,0,0,0,0,0,0
1,18,0,0,0,0,0,0,0,0,0,0,0,0,0,0,0,0,0,0,0
1,19,0,0,0,0,0,0,0,0,0,0,0,0,0,0,0,0,0,0,0
1,20,0,0,0,0,0,0,0,0,0,0,0,0,0,0,0,0,0,0,0
1,21,0,0,0,0,0,0,0,0,0,0,0,0,0,0,0,0,0,0,0
1,22,0,0,0,0,0,0,0,0,0,0,0,0,0,0,0,0,0,0,0
1,23,0,0,0,0,0,0,0,0,0,0,0,0,0,0,0,0,0,0,0
1,24,0,0,0,0,0,0,0,0,0,0,0,0,0,0,0,0,0,0,0
1,25,0,0,0,0,0,0,0,0,0,0,0,0,0,0,0,0,0,0,0
1,26,0.7294699,0.7294699,0.7294699,0.7294699,0.7294699,0.7294699,0,0,0,0,0,0,0,0,0,0,0,0,0
1,27,0,0,0,0,0,0,0,0,0,0,0,0,0,0,0,0,0,0,0
1,28,0.90963769,0.90963769,0.90963769,0.90963769,0.90963769,0.90963769,0.78704715,0.78704715,0.78704715,0.78704715,0.78704715,0.78704715,0.78704715,0.78704715,0.78704715,0.78704715,0.78704715,0.78704715,0
1,29,0.52185053,0.44008422,0.49925908,0.64899516,0.63638341,0.63638341,0.53925222,0.53925222,0.56183726,0.56183726,0.56183726,0.52051395,0.56183726,0.56183726,0.56183726,0.56183726,0.56183726,0.56183726,0
1,30,0,0.32358429,0,0.39137626,0.36863983,0.36863983,0.7294699,0.7294699,0.56183726,0.56183726,0.56183726,0.56183726,0.56183726,0.56183726,0.56183726,0.56183726,0.56183726,0.56183726,0
1,31,0,0,0,0,0,0,0,0,0,0,0,0,0,0,0,0,0,0,0
1,32,0,0.02702349,0,0.03480032,0,0,0.3240653,0.3240653,0.56183726,0.56183726,0.56183726,0.46720433,0.56183726,0.56183726,0.56183726,0.56183726,0.56183726,0.56183726,0
1,33,0,0.78704715,0,0.78704715,0.78704715,0.78704715,0.78704715,0.78704715,0.78704715,0.78704715,0.78704715,0.78704715,0.78704715,0.78704715,0.78704715,0.78704715,0.78704715,0.78704715,0
1,34,0.7294699,0,0.7294699,0,0,0,0,0,0,0,0,0,0,0,0,0,0,0,0
1,35,0,0,0,0,0,0,0,0,0.22386687,0.22637764,0.23314108,0,0.2311274,0.24356803,0.24760598,0.22666429,0.23342073,0.23686843,0
1,36,0,0.90963769,0,0.90963769,0.90963769,0.90963769,0.90963769,0.90963769,0.78704715,0.78704715,0.78704715,0.78704715,0.78704715,0.78704715,0.78704715,0.78704715,0.78704715,0.78704715,0
1,37,0,0,0,0,0,0,0,0,0,0,0,0,0,0,0,0,0,0,0
1,38,0,0,0,0,0,0,0,0,0.04815231,0.04815231,0.04815231,0,0.04815231,0.04815231,0.04815231,0.04815231,0.04815231,0.04815231,0
1,39,0,0,0,0,0,0,0,0,0,0,0,0,0,0,0,0,0,0,0
1,40,0,0,0,0,0,0,0,0,0,0,0,0,0,0,0,0,0,0,0
1,41,0,0,0,0,0,0,0,0,0,0,0,0,0,0,0,0,0,0,0
1,42,0,0,0,0,0,0,0,0,0,0,0,0,0,0,0,0,0,0,0
1,43,0,0,0,0,0,0,0,0,0,0,0,0,0,0,0,0,0,0,0
1,44,0,0,0,0,0,0,0,0,0,0,0,0,0,0,0,0,0,0,0
1,45,0,0,0,0,0,0,0,0,0,0,0,0,0,0,0,0,0,0,0
1,46,0,0,0,0,0,0,0,0,0,0,0,0,0,0,0,0,0,0,0
1,47,0,0,0,0,0,0,0,0,0,0,0,0,0,0,0,0,0,0,0
1,48,0,0,0,0,0,0,0,0,0,0,0,0,0,0,0,0,0,0,0
1,49,0,0,0,0,0,0,0,0,0,0,0,0,0,0,0,0,0,0,0
1,50,0,0,0,0,0,0,0,0,0,0,0,0,0,0,0,0,0,0,0
1,51,0,0,0,0,0,0,0,0,0,0,0,0,0,0,0,0,0,0,0
1,52,0,0,0,0,0,0,0,0,0,0,0,0,0,0,0,0,0,0,0
1,53,0,0,0,0,0,0,0,0,0,0,0,0,0,0,0,0,0,0,0
1,54,0,0,0,0,0,0,0,0,0,0,0,0,0,0,0,0,0,0,0
1,55,0,0,0,0,0,0,0,0,0,0,0,0,0,0,0,0,0,0,0
1,56,0,0,0,0,0,0,0,0,0,0,0,0,0,0,0,0,0,0,0
1,57,0,0,0,0,0,0,0,0,0,0,0,0,0,0,0,0,0,0,0
1,58,0,0,0,0,0,0,0,0,0,0,0,0,0,0,0,0,0,0,0
1,59,0,0,0,0,0,0,0,0,0,0,0,0,0,0,0,0,0,0,0
1,60,0,0,0,0,0,0,0,0,0,0,0,0,0,0,0,0,0,0,0
1,61,0,0,0,0,0,0,0,0,0,0,0,0,0,0,0,0,0,0,0
1,62,0,0,0,0,0,0,0,0,0,0,0,0,0,0,0,0,0,0,0
1,63,0,0,0,0,0,0,0,0,0,0,0,0,0,0,0,0,0,0,0
1,64,0,0,0,0,0,0,0,0,0,0,0,0,0,0,0,0,0,0,0
1,65,0,0,0,0,0,0,0,0,0,0,0,0,0,0,0,0,0,0,0
1,66,0,0,0,0,0,0,0,0,0,0,0,0,0,0,0,0,0,0,0
1,67,0,0,0,0,0,0,0,0,0,0,0,0,0,0,0,0,0,0,0
1,68,0,0,0,0,0,0,0,0,0,0,0,0,0,0,0,0,0,0,0
1,69,0,0,0,0,0,0,0,0,0,0,0,0,0,0,0,0,0,0,0
1,70,0,0,0,0,0,0,0,0,0,0,0,0,0,0,0,0,0,0,0
1,71,0,0,0,0,0,0,0,0,0,0,0,0,0,0,0,0,0,0,0
1,72,0,0,0,0,0,0,0,0,0,0,0,0,0,0,0,0,0,0,0
1,73,0,0,0,0,0,0,0,0,0,0,0,0,0,0,0,0,0,0,0
1,74,0,0,0,0,0,0,0,0,0,0,0,0,0,0,0,0,0,0,0
1,75,0,0,0,0,0,0,0,0,0,0,0,0,0,0,0,0,0,0,0
1,76,0,0,0,0,0,0,0,0,0,0,0,0,0,0,0,0,0,0,0
1,77,0,0,0,0,0,0,0,0,0,0,0,0,0,0,0,0,0,0,0
1,78,0,0,0,0,0,0,0,0,0,0,0,0,0,0,0,0,0,0,0
1,79,0,0,0,0,0,0,0,0,0,0,0,0,0,0,0,0,0,0,0
1,80,0,0,0,0,0,0,0,0,0,0,0,0,0,0,0,0,0,0,0
1,81,0,0,0,0,0,0,0,0,0,0,0,0,0,0,0,0,0,0,0
1,82,0,0,0,0,0,0,0,0,0,0,0,0,0,0,0,0,0,0,0
1,83,0,0,0,0,0,0,0,0,0,0,0,0,0,0,0,0,0,0,0
2,1,1,0.87364858,1,0.87364858,0.87364858,0.87364858,1,1,0.30779883,0.30779883,0.30779883,0.60000002,0.30779883,0.30779883,0.30779883,0.30779883,0.30779883,0.30779883,0
2,2,0,0,0,0,0,0,0,0,0.03491686,0.03491686,0.03491686,0,0.03491686,0.03491686,0.03491686,0.03491686,0.03491686,0.03491686,0
2,3,0,0,0,0,0,0,0,0,0.05,0.05,0.05,0,0.05,0.05,0.05,0.05,0.05,0.05,0
2,4,0,0,0,0,0,0,0,0,0,0,0,0,0,0,0,0,0,0,0
2,5,0,0,0,0,0,0,0,0,0,0,0,0,0,0,0,0,0,0,0
2,6,0,0,0,0,0,0,0,0,0,0,0,0,0,0,0,0,0,0,0
2,7,0,0,0,0,0,0,0,0,0,0,0,0,0,0,0,0,0,0,0
2,8,0.78704715,0,0.78704715,0,0,0,0,0,0.69999999,0,0.69999999,0,0.69999999,0,0.69999999,0.69999999,0,0.69999999,0
2,9,0,0,0,0,0,0,0,0,0.05,0,0.05,0,0.05,0,0.05,0.05,0,0.05,0
2,10,0,0,0,0,0,0,0,0,0,0,0,0,0,0,0,0,0,0,0
2,11,0,0,0,0,0,0,0,0,0,0,0,0,0,0,0,0,0,0,0
2,12,0,0,0,0,0,0,0,0,0,0,0,0,0,0,0,0,0,0,0
2,13,0,0,0,0,0,0,0,0,0,0,0,0,0,0,0,0,0,0,0
2,14,0,0,0,0,0,0,0,0,0,0,0,0,0,0,0,0,0,0,0
2,15,0,0,0,0,0,0,0,0,0,0,0,0,0,0,0,0,0,0,0
2,16,0,0,0,0,0,0,0,0,0,0,0,0,0,0,0,0,0,0,0
2,17,0,0,0,0,0,0,0,0,0,0,0,0,0,0,0,0,0,0,0
2,18,0,0,0,0,0,0,0,0,0,0,0,0,0,0,0,0,0,0,0
2,19,0,0,0,0,0,0,0,0,0,0,0,0,0,0,0,0,0,0,0
2,20,0,0,0,0,0,0,0,0,0,0,0,0,0,0,0,0,0,0,0
2,21,0,0,0,0,0,0,0,0,0,0,0,0,0,0,0,0,0,0,0
2,22,0,0,0,0,0,0,0,0,0,0,0,0,0,0,0,0,0,0,0
2,23,0,0,0,0,0,0,0,0,0,0,0,0,0,0,0,0,0,0,0
2,24,0,0,0,0,0,0,0,0,0,0,0,0,0,0,0,0,0,0,0
2,25,0,0,0,0,0,0,0,0,0,0,0,0,0,0,0,0,0,0,0
2,26,0,0,0,0,0,0,0,0,0,0,0,0,0,0,0,0,0,0,0
2,27,0,0,0,0,0,0,0,0,0,0,0,0,0,0,0,0,0,0,0
2,28,0,0,0,0,0,0,0,0,0,0,0,0,0,0,0,0,0,0,0
2,29,0,0,0,0,0,0,0,0,0,0,0,0,0,0,0,0,0,0,0
2,30,0,0,0,0,0,0,0,0,0,0,0,0,0,0,0,0,0,0,0
2,31,0,0,0,0,0,0,0,0,0,0,0,0,0,0,0,0,0,0,0
2,32,0,0,0,0,0,0,0,0,0,0,0,0,0,0,0,0,0,0,0
2,33,0,0,0,0,0,0,0,0,0,0,0,0,0,0,0,0,0,0,0
2,34,0,0,0,0,0,0,0,0,0,0,0,0,0,0,0,0,0,0,0
2,35,0,0,0,0,0,0,0,0,0,0,0,0,0,0,0,0,0,0,0
2,36,0,0,0,0,0,0,0,0,0,0,0,0,0,0,0,0,0,0,0
2,37,0,0,0,0,0,0,0,0,0,0,0,0,0,0,0,0,0,0,0
2,38,0,0,0,0,0,0,0,0,0,0,0,0,0,0,0,0,0,0,0
2,39,0,0,0,0,0,0,0,0,0,0,0,0,0,0,0,0,0,0,0
2,40,0,0,0,0,0,0,0,0,0,0,0,0,0,0,0,0,0,0,0
2,41,0,0,0,0,0,0,0,0,0,0,0,0,0,0,0,0,0,0,0
2,42,0,0,0,0,0,0,0,0,0,0,0,0,0,0,0,0,0,0,0
2,43,0,0,0,0,0,0,0,0,0,0,0,0,0,0,0,0,0,0,0
2,44,0.84834242,0.84834242,0.84834242,0.84834242,0.84834242,0.84834242,0.84834242,0.84834242,0.78704715,0.78704715,0.78704715,0.78704715,0.78704715,0.78704715,0.78704715,0.78704715,0.78704715,0.78704715,0
2,45,0.43165877,0.39034608,0.64565355,0.63978916,0.6297254,0.6297254,0.64565355,0.64565355,0,0,0,0.0421612,0,0,0,0,0,0,0
2,46,0,0,0,0,0,0,0,0,0,0,0,0,0,0,0,0,0,0,0
2,47,0,0,0,0,0,0,0,0,0,0,0,0,0,0,0,0,0,0,0
2,48,0,0,0,0,0,0,0.18899977,0.20603317,0,0,0,0,0,0,0,0,0,0,0
2,49,0,0.56183726,0,0.56183726,0.56183726,0.56183726,0.56183726,0.56183726,0,0,0,0.05870556,0,0,0,0,0,0,0
2,50,0,0,0,0,0,0,0,0,0,0,0,0,0,0,0,0,0,0,0
2,51,0,0,0,0,0,0,0,0,0,0,0,0,0,0,0,0,0,0,0
2,52,0,0,0,0,0,0,0,0,0,0,0,0,0,0,0,0,0,0,0
2,53,0,0,0,0,0,0,0,0,0,0,0,0,0,0,0,0,0,0,0
2,54,0,0,0,0,0,0,0,0,0,0,0,0,0,0,0,0,0,0,0
2,55,0,0,0,0,0,0,0,0,0,0,0,0,0,0,0,0,0,0,0
2,56,0,0,0,0,0,0,0,0,0,0,0,0,0,0,0,0,0,0,0
2,57,0,0,0,0,0,0,0,0,0,0,0,0,0,0,0,0,0,0,0
2,58,0,0,0,0,0,0,0,0,0,0,0,0,0,0,0,0,0,0,0
2,59,0,0,0,0,0,0,0,0,0,0,0,0,0,0,0,0,0,0,0
2,60,0,0,0,0,0,0,0,0,0,0,0,0,0,0,0,0,0,0,0
2,61,0,0,0,0,0,0,0,0,0,0,0,0,0,0,0,0,0,0,0
2,62,0,0,0,0,0,0,0,0,0,0,0,0,0,0,0,0,0,0,0
2,63,0,0,0,0,0,0,0,0,0,0,0,0,0,0,0,0,0,0,0
2,64,0,0,0,0,0,0,0,0,0,0,0,0,0,0,0,0,0,0,0
2,65,0,0,0,0,0,0,0,0,0,0,0,0,0,0,0,0,0,0,0
2,66,0,0,0,0,0,0,0,0,0,0,0,0,0,0,0,0,0,0,0
2,67,0,0,0,0,0,0,0,0,0,0,0,0,0,0,0,0,0,0,0
2,68,0,0,0,0,0,0,0,0,0,0,0,0,0,0,0,0,0,0,0
2,69,0,0,0,0,0,0,0,0,0,0,0,0,0,0,0,0,0,0,0
2,70,0,0,0,0,0,0,0,0,0,0,0,0,0,0,0,0,0,0,0
2,71,0,0,0,0,0,0,0,0,0,0,0,0,0,0,0,0,0,0,0
2,72,0,0,0,0,0,0,0,0,0,0,0,0,0,0,0,0,0,0,0
2,73,0,0,0,0,0,0,0,0,0,0,0,0,0,0,0,0,0,0,0
2,74,0,0,0,0,0,0,0,0,0,0,0,0,0,0,0,0,0,0,0
2,75,0,0,0,0,0,0,0,0,0,0,0,0,0,0,0,0,0,0,0
2,76,0,0,0,0,0,0,0,0,0,0,0,0,0,0,0,0,0,0,0
2,77,0,0,0,0,0,0,0,0,0,0,0,0,0,0,0,0,0,0,0
2,78,0,0,0,0,0,0,0,0,0,0,0,0,0,0,0,0,0,0,0
2,79,0,0,0,0,0,0,0,0,0,0,0,0,0,0,0,0,0,0,0
2,80,0,0,0,0,0,0,0,0,0,0,0,0,0,0,0,0,0,0,0
2,81,0,0,0,0,0,0,0,0,0,0,0,0,0,0,0,0,0,0,0
2,82,0,0,0,0,0,0,0,0,0,0,0,0,0,0,0,0,0,0,0
2,83,0,0,0,0,0,0,0,0,0,0,0,0,0,0,0,0,0,0,0
3,1,1,0.81327188,1,0.81327188,0.81327188,0.81327188,0.92290646,0.92290646,0.30779883,0.30779883,0.30779883,0.60000002,0.30779883,0.30779883,0.30779883,0.30779883,0.30779883,0.30779883,0
3,2,0,0,0,0,0,0,0,0,0.03491686,0.03491686,0.03491686,0,0.03491686,0.03491686,0.03491686,0.03491686,0.03491686,0.03491686,0
3,3,0,0,0,0,0,0,0,0,0.05,0.05,0.05,0,0.05,0.05,0.05,0.05,0.05,0.05,0
3,4,0,0,0,0,0,0,0,0,0,0,0,0,0,0,0,0,0,0,0
3,5,0,0,0,0,0,0,0,0,0,0,0,0,0,0,0,0,0,0,0
3,6,0,0,0,0,0,0,0,0,0,0,0,0,0,0,0,0,0,0,0
3,7,0,0,0,0,0,0,0,0,0,0,0,0,0,0,0,0,0,0,0
3,8,0,0,0,0,0,0,0,0,0.69999999,0,0.69999999,0,0.69999999,0,0.69999999,0.69999999,0,0.69999999,0
3,9,0,0,0,0,0,0,0,0,0.05,0,0.05,0,0.05,0,0.05,0.05,0,0.05,0
3,10,0,0,0,0,0,0,0,0,0,0,0,0,0,0,0,0,0,0,0
3,11,0,0,0,0,0,0,0,0,0,0,0,0,0,0,0,0,0,0,0
3,12,0,0,0,0,0,0,0,0,0,0,0,0,0,0,0,0,0,0,0
3,13,0,0,0,0,0,0,0,0,0,0,0,0,0,0,0,0,0,0,0
3,14,0,0,0,0,0,0,0,0,0,0,0,0,0,0,0,0,0,0,0
3,15,0,0,0,0,0,0,0,0,0,0,0,0,0,0,0,0,0,0,0
3,16,0,0,0,0,0,0,0,0,0,0,0,0,0,0,0,0,0,0,0
3,17,0,0,0,0,0,0,0,0,0,0,0,0,0,0,0,0,0,0,0
3,18,0,0,0,0,0,0,0,0,0,0,0,0,0,0,0,0,0,0,0
3,19,0,0,0,0,0,0,0,0,0,0,0,0,0,0,0,0,0,0,0
3,20,0,0,0,0,0,0,0,0,0,0,0,0,0,0,0,0,0,0,0
3,21,0,0,0,0,0,0,0,0,0,0,0,0,0,0,0,0,0,0,0
3,22,0,0,0,0,0,0,0,0,0,0,0,0,0,0,0,0,0,0,0
3,23,0,0,0,0,0,0,0,0,0,0,0,0,0,0,0,0,0,0,0
3,24,0,0,0,0,0,0,0,0,0,0,0,0,0,0,0,0,0,0,0
3,25,0,0,0,0,0,0,0,0,0,0,0,0,0,0,0,0,0,0,0
3,26,0,0,0,0,0,0,0,0,0,0,0,0,0,0,0,0,0,0,0
3,27,0,0,0,0,0,0,0,0,0,0,0,0,0,0,0,0,0,0,0
3,28,0,0,0,0,0,0,0,0,0,0,0,0,0,0,0,0,0,0,0
3,29,0,0,0,0,0,0,0,0,0,0,0,0,0,0,0,0,0,0,0
3,30,0,0,0,0,0,0,0,0,0,0,0,0,0,0,0,0,0,0,0
3,31,0,0,0,0,0,0,0,0,0,0,0,0,0,0,0,0,0,0,0
3,32,0,0,0,0,0,0,0,0,0,0,0,0,0,0,0,0,0,0,0
3,33,0,0,0,0,0,0,0,0,0,0,0,0,0,0,0,0,0,0,0
3,34,0,0,0,0,0,0,0,0,0,0,0,0,0,0,0,0,0,0,0
3,35,0,0,0,0,0,0,0,0,0,0,0,0,0,0,0,0,0,0,0
3,36,0,0,0,0,0,0,0,0,0,0,0,0,0,0,0,0,0,0,0
3,37,0,0,0,0,0,0,0,0,0,0,0,0,0,0,0,0,0,0,0
3,38,0,0,0,0,0,0,0,0,0,0,0,0,0,0,0,0,0,0,0
3,39,0,0,0,0,0,0,0,0,0,0,0,0,0,0,0,0,0,0,0
3,40,0,0,0,0,0,0,0,0,0,0,0,0,0,0,0,0,0,0,0
3,41,0,0,0,0,0,0,0,0,0,0,0,0,0,0,0,0,0,0,0
3,42,0,0,0,0,0,0,0,0,0,0,0,0,0,0,0,0,0,0,0
3,43,0,0,0,0,0,0,0,0,0,0,0,0,0,0,0,0,0,0,0
3,44,0.84834242,0.84834242,0.84834242,0.84834242,0.84834242,0.84834242,0.84834242,0.84834242,0.78704715,0.78704715,0.78704715,0.78704715,0.78704715,0.78704715,0.78704715,0.78704715,0.78704715,0.78704715,0
3,45,0.00256946,0.19112067,0.00256946,0.221138,0.221138,0.221138,0.29019567,0.29019567,0,0,0,0,0,0,0,0,0,0,0
3,46,0,0,0,0,0,0,0,0,0,0,0,0,0,0,0,0,0,0,0
3,47,0,0,0,0,0,0,0,0,0,0,0,0,0,0,0,0,0,0,0
3,48,0,0,0,0,0,0,0.13637023,0.13123424,0,0,0,0,0,0,0,0,0,0,0
3,49,0,0.11644177,0,0.11644177,0.11644177,0.11644177,0.16688408,0.16688408,0,0,0,0,0,0,0,0,0,0,0
3,50,0,0,0,0,0,0,0,0,0,0,0,0,0,0,0,0,0,0,0
3,51,0,0,0,0,0,0,0,0,0,0,0,0,0,0,0,0,0,0,0
3,52,0,0,0,0,0,0,0,0,0,0,0,0,0,0,0,0,0,0,0
3,53,0,0,0,0,0,0,0,0,0,0,0,0,0,0,0,0,0,0,0
3,54,0,0,0,0,0,0,0,0,0,0,0,0,0,0,0,0,0,0,0
3,55,0,0,0,0,0,0,0,0,0,0,0,0,0,0,0,0,0,0,0
3,56,0,0,0,0,0,0,0,0,0,0,0,0,0,0,0,0,0,0,0
3,57,0,0,0,0,0,0,0,0,0,0,0,0,0,0,0,0,0,0,0
3,58,0,0,0,0,0,0,0,0,0,0,0,0,0,0,0,0,0,0,0
3,59,0,0,0,0,0,0,0,0,0,0,0,0,0,0,0,0,0,0,0
3,60,0,0,0,0,0,0,0,0,0,0,0,0,0,0,0,0,0,0,0
3,61,0,0,0,0,0,0,0,0,0,0,0,0,0,0,0,0,0,0,0
3,62,0,0,0,0,0,0,0,0,0,0,0,0,0,0,0,0,0,0,0
3,63,0,0,0,0,0,0,0,0,0,0,0,0,0,0,0,0,0,0,0
3,64,0,0,0,0,0,0,0,0,0,0,0,0,0,0,0,0,0,0,0
3,65,0,0,0,0,0,0,0,0,0,0,0,0,0,0,0,0,0,0,0
3,66,0,0,0,0,0,0,0,0,0,0,0,0,0,0,0,0,0,0,0
3,67,0,0,0,0,0,0,0,0,0,0,0,0,0,0,0,0,0,0,0
3,68,0,0,0,0,0,0,0,0,0,0,0,0,0,0,0,0,0,0,0
3,69,0,0,0,0,0,0,0,0,0,0,0,0,0,0,0,0,0,0,0
3,70,0,0,0,0,0,0,0,0,0,0,0,0,0,0,0,0,0,0,0
3,71,0,0,0,0,0,0,0,0,0,0,0,0,0,0,0,0,0,0,0
3,72,0,0,0,0,0,0,0,0,0,0,0,0,0,0,0,0,0,0,0
3,73,0,0,0,0,0,0,0,0,0,0,0,0,0,0,0,0,0,0,0
3,74,0,0,0,0,0,0,0,0,0,0,0,0,0,0,0,0,0,0,0
3,75,0,0,0,0,0,0,0,0,0,0,0,0,0,0,0,0,0,0,0
3,76,0,0,0,0,0,0,0,0,0,0,0,0,0,0,0,0,0,0,0
3,77,0,0,0,0,0,0,0,0,0,0,0,0,0,0,0,0,0,0,0
3,78,0,0,0,0,0,0,0,0,0,0,0,0,0,0,0,0,0,0,0
3,79,0,0,0,0,0,0,0,0,0,0,0,0,0,0,0,0,0,0,0
3,80,0,0,0,0,0,0,0,0,0,0,0,0,0,0,0,0,0,0,0
3,81,0,0,0,0,0,0,0,0,0,0,0,0,0,0,0,0,0,0,0
3,82,0,0,0,0,0,0,0,0,0,0,0,0,0,0,0,0,0,0,0
3,83,0,0,0,0,0,0,0,0,0,0,0,0,0,0,0,0,0,0,0
4,1,1,0.68186682,1,0.68186682,0.68186682,0.68186682,1,1,0.50699723,0.50656343,0.48745739,0.93486965,0.40448883,0.40213573,0.40907615,0.4035458,0.40434504,0.40222418,0
4,2,0,0,0,0,0,0,0,0,0.37346798,0.37314838,0.35907441,0,0.35946244,0.35661119,0.35538611,0.36025,0.35900328,0.35792333,0
4,3,0,0,0,0,0,0,0,0,0.11953482,0.12028823,0.15346819,0,0.15255347,0.15927537,0.16216354,0.15069671,0.1536359,0.15618196,0
4,4,0,0,0,0,0,0,0,0,0,0,0,0,0,0,0,0,0,0,0
4,5,0,0,0,0,0,0,0,0,0,0,0,0,0,0,0,0,0,0,0
4,6,0,0,0,0,0,0,0,0,0,0,0,0,0,0,0,0,0,0,0
4,7,0,0,0,0,0,0,0,0,0,0,0,0,0,0,0,0,0,0,0
4,8,0.08412131,0,0.20726606,0,0,0,0,0,0.80580521,0,1,0,0.83254659,0,1,0.82083815,0,1,0
4,9,0,0,0,0,0,0,0,0,0.05,0,0.14991525,0,0.05,0,0.19681479,0.05,0,0.14601587,0
4,10,0,0,0,0,0,0,0,0,0.02362934,0.02380213,0.02438429,0,0.02440085,0.02568978,0.02603005,0.02224567,0.02273836,0.02279128,0
4,11,0,0,0,0,0,0,0,0,0,0,0,0,0,0,0,0,0,0,0
4,12,0,0,0,0,0,0,0,0,0,0,0,0,0,0,0,0,0,0,0
4,13,0,0,0,0,0,0,0,0,0,0,0,0,0,0,0,0,0,0,0
4,14,0,0,0,0,0,0,0,0,0,0,0,0,0,0,0,0,0,0,0
4,15,0,0,0,0,0,0,0,0,0,0,0,0,0,0,0,0,0,0,0
4,16,0,0,0,0,0,0,0,0,0,0,0,0,0,0,0,0,0,0,0
4,17,0,0,0,0,0,0,0,0,0,0,0,0,0,0,0,0,0,0,0
4,18,0,0,0,0,0,0,0,0,0,0,0,0,0,0,0,0,0,0,0
4,19,0,0,0,0,0,0,0,0,0,0,0,0,0,0,0,0,0,0,0
4,20,0,0,0,0,0,0,0,0,0,0,0,0,0,0,0,0,0,0,0
4,21,0,0,0,0,0,0,0,0,0,0,0,0,0,0,0,0,0,0,0
4,22,0,0,0,0,0,0,0,0,0,0,0,0,0,0,0,0,0,0,0
4,23,0,0,0,0,0,0,0,0,0,0,0,0,0,0,0,0,0,0,0
4,24,0,0,0,0,0,0,0,0,0,0,0,0,0,0,0,0,0,0,0
4,25,0,0,0,0,0,0,0,0,0,0,0,0,0,0,0,0,0,0,0
4,26,0.19269811,0.4424915,0.41350728,0.45584947,0.45232484,0.45232484,0,0,0,0,0,0,0,0,0,0,0,0,0
4,27,0,0,0,0,0,0,0,0,0,0,0,0,0,0,0,0,0,0,0
4,28,0.90963769,0.90963769,0.90963769,0.90963769,0.90963769,0.90963769,0.78704715,0.78704715,0.78704715,0.78704715,0.78704715,0.78704715,0.78704715,0.78704715,0.78704715,0.78704715,0.78704715,0.78704715,0
4,29,0.14930676,0.10551915,0.1504198,0.23173955,0.22907428,0.22907428,0.46813938,0.46813938,0.3240653,0.3240653,0.3240653,0.18950541,0.3240653,0.3240653,0.3240653,0.3240653,0.3240653,0.3240653,0
4,30,0,0.05917746,0,0.03550391,0.0344074,0.0344074,0.46813938,0.46813938,0.3240653,0.3240653,0.56183726,0.3240653,0.56183726,0.56183726,0.56183726,0.56183726,0.56183726,0.56183726,0
4,31,0,0,0,0,0,0,0,0,0,0,0,0,0,0,0,0,0,0,0
4,32,0,0,0,0,0,0,0.23517425,0.23517425,0.21857038,0.22020452,0.22752577,0.17191964,0.2258669,0.23517425,0.3240653,0.22249968,0.22782993,0.23244716,0
4,33,0,0.44914979,0,0.44914979,0.44914979,0.44914979,0.78704715,0.78704715,0.78704715,0.78704715,0.78704715,0.78704715,0.78704715,0.78704715,0.78704715,0.78704715,0.78704715,0.78704715,0
4,34,0.17186667,0,0.41350728,0,0,0,0,0,0,0,0,0,0,0,0,0,0,0,0
4,35,0,0,0,0,0,0,0,0,0.06088551,0.0616482,0.0861664,0,0.08564802,0.08945743,0.0910942,0.08459576,0.08626147,0.08770435,0
4,36,0,0.63931984,0,0.63931984,0.63931984,0.63931984,0.90963769,0.90963769,0.78704715,0.78704715,0.78704715,0.78704715,0.78704715,0.78704715,0.78704715,0.78704715,0.78704715,0.78704715,0
4,37,0,0,0,0,0,0,0,0,0,0,0,0,0,0,0,0,0,0,0
4,38,0,0,0,0,0,0,0,0,0.04815231,0.04815231,0.04815231,0,0.04815231,0.04815231,0.04815231,0.04815231,0.04815231,0.04815231,0
4,39,0,0,0,0,0,0,0,0,0,0,0,0,0,0,0,0,0,0,0
4,40,0,0,0,0,0,0,0,0,0,0,0,0,0,0,0,0,0,0,0
4,41,0,0,0,0,0,0,0,0,0,0,0,0,0,0,0,0,0,0,0
4,42,0,0,0,0,0,0,0,0,0,0,0,0,0,0,0,0,0,0,0
4,43,0,0,0,0,0,0,0,0,0,0,0,0,0,0,0,0,0,0,0
4,44,0,0,0,0,0,0,0,0,0,0,0,0,0,0,0,0,0,0,0
4,45,0,0,0,0,0,0,0,0,0,0,0,0,0,0,0,0,0,0,0
4,46,0,0,0,0,0,0,0,0,0,0,0,0,0,0,0,0,0,0,0
4,47,0,0,0,0,0,0,0,0,0,0,0,0,0,0,0,0,0,0,0
4,48,0,0,0,0,0,0,0,0,0,0,0,0,0,0,0,0,0,0,0
4,49,0,0,0,0,0,0,0,0,0,0,0,0,0,0,0,0,0,0,0
4,50,0,0,0,0,0,0,0,0,0,0,0,0,0,0,0,0,0,0,0
4,51,0,0,0,0,0,0,0,0,0,0,0,0,0,0,0,0,0,0,0
4,52,0,0,0,0,0,0,0,0,0,0,0,0,0,0,0,0,0,0,0
4,53,0,0,0,0,0,0,0,0,0,0,0,0,0,0,0,0,0,0,0
4,54,0,0,0,0,0,0,0,0,0,0,0,0,0,0,0,0,0,0,0
4,55,0,0,0,0,0,0,0,0,0,0,0,0,0,0,0,0,0,0,0
4,56,0,0,0,0,0,0,0,0,0,0,0,0,0,0,0,0,0,0,0
4,57,0,0,0,0,0,0,0,0,0,0,0,0,0,0,0,0,0,0,0
4,58,0,0,0,0,0,0,0,0,0,0,0,0,0,0,0,0,0,0,0
4,59,0,0,0,0,0,0,0,0,0,0,0,0,0,0,0,0,0,0,0
4,60,0,0,0,0,0,0,0,0,0,0,0,0,0,0,0,0,0,0,0
4,61,0,0,0,0,0,0,0,0,0,0,0,0,0,0,0,0,0,0,0
4,62,0,0,0,0,0,0,0,0,0,0,0,0,0,0,0,0,0,0,0
4,63,0,0,0,0,0,0,0,0,0,0,0,0,0,0,0,0,0,0,0
4,64,0,0,0,0,0,0,0,0,0,0,0,0,0,0,0,0,0,0,0
4,65,0,0,0,0,0,0,0,0,0,0,0,0,0,0,0,0,0,0,0
4,66,0,0,0,0,0,0,0,0,0,0,0,0,0,0,0,0,0,0,0
4,67,0,0,0,0,0,0,0,0,0,0,0,0,0,0,0,0,0,0,0
4,68,0,0,0,0,0,0,0,0,0,0,0,0,0,0,0,0,0,0,0
4,69,0,0,0,0,0,0,0,0,0,0,0,0,0,0,0,0,0,0,0
4,70,0,0,0,0,0,0,0,0,0,0,0,0,0,0,0,0,0,0,0
4,71,0,0,0,0,0,0,0,0,0,0,0,0,0,0,0,0,0,0,0
4,72,0,0,0,0,0,0,0,0,0,0,0,0,0,0,0,0,0,0,0
4,73,0,0,0,0,0,0,0,0,0,0,0,0,0,0,0,0,0,0,0
4,74,0,0,0,0,0,0,0,0,0,0,0,0,0,0,0,0,0,0,0
4,75,0,0,0,0,0,0,0,0,0,0,0,0,0,0,0,0,0,0,0
4,76,0,0,0,0,0,0,0,0,0,0,0,0,0,0,0,0,0,0,0
4,77,0,0,0,0,0,0,0,0,0,0,0,0,0,0,0,0,0,0,0
4,78,0,0,0,0,0,0,0,0,0,0,0,0,0,0,0,0,0,0,0
4,79,0,0,0,0,0,0,0,0,0,0,0,0,0,0,0,0,0,0,0
4,80,0,0,0,0,0,0,0,0,0,0,0,0,0,0,0,0,0,0,0
4,81,0,0,0,0,0,0,0,0,0,0,0,0,0,0,0,0,0,0,0
4,82,0,0,0,0,0,0,0,0,0,0,0,0,0,0,0,0,0,0,0
4,83,0,0,0,0,0,0,0,0,0,0,0,0,0,0,0,0,0,0,0
5,1,1,0.87364858,1,0.87364858,0.87364858,0.87364858,1,1,0.30779883,0.30779883,0.30779883,0.60000002,0.30779883,0.30779883,0.30779883,0.30779883,0.30779883,0.30779883,0
5,2,0,0,0,0,0,0,0,0,0.03491686,0.03491686,0.03491686,0,0.03491686,0.03491686,0.03491686,0.03491686,0.03491686,0.03491686,0
5,3,0,0,0,0,0,0,0,0,0.05,0.05,0.05,0,0.05,0.05,0.05,0.05,0.05,0.05,0
5,4,0,0,0,0,0,0,0,0,0,0,0,0,0,0,0,0,0,0,0
5,5,0,0,0,0,0,0,0,0,0,0,0,0,0,0,0,0,0,0,0
5,6,0,0,0,0,0,0,0,0,0,0,0,0,0,0,0,0,0,0,0
5,7,0,0,0,0,0,0,0,0,0,0,0,0,0,0,0,0,0,0,0
5,8,0.78704715,0,0.78704715,0,0,0,0,0,0.69999999,0,0.69999999,0,0.69999999,0,0.69999999,0.69999999,0,0.69999999,0
5,9,0,0,0,0,0,0,0,0,0.05,0,0.05,0,0.05,0,0.05,0.05,0,0.05,0
5,10,0,0,0,0,0,0,0,0,0,0,0,0,0,0,0,0,0,0,0
5,11,0,0,0,0,0,0,0,0,0,0,0,0,0,0,0,0,0,0,0
5,12,0,0,0,0,0,0,0,0,0,0,0,0,0,0,0,0,0,0,0
5,13,0,0,0,0,0,0,0,0,0,0,0,0,0,0,0,0,0,0,0
5,14,0,0,0,0,0,0,0,0,0,0,0,0,0,0,0,0,0,0,0
5,15,0,0,0,0,0,0,0,0,0,0,0,0,0,0,0,0,0,0,0
5,16,0,0,0,0,0,0,0,0,0,0,0,0,0,0,0,0,0,0,0
5,17,0,0,0,0,0,0,0,0,0,0,0,0,0,0,0,0,0,0,0
5,18,0,0,0,0,0,0,0,0,0,0,0,0,0,0,0,0,0,0,0
5,19,0,0,0,0,0,0,0,0,0,0,0,0,0,0,0,0,0,0,0
5,20,0,0,0,0,0,0,0,0,0,0,0,0,0,0,0,0,0,0,0
5,21,0,0,0,0,0,0,0,0,0,0,0,0,0,0,0,0,0,0,0
5,22,0,0,0,0,0,0,0,0,0,0,0,0,0,0,0,0,0,0,0
5,23,0,0,0,0,0,0,0,0,0,0,0,0,0,0,0,0,0,0,0
5,24,0,0,0,0,0,0,0,0,0,0,0,0,0,0,0,0,0,0,0
5,25,0,0,0,0,0,0,0,0,0,0,0,0,0,0,0,0,0,0,0
5,26,0,0,0,0,0,0,0,0,0,0,0,0,0,0,0,0,0,0,0
5,27,0,0,0,0,0,0,0,0,0,0,0,0,0,0,0,0,0,0,0
5,28,0,0,0,0,0,0,0,0,0,0,0,0,0,0,0,0,0,0,0
5,29,0,0,0,0,0,0,0,0,0,0,0,0,0,0,0,0,0,0,0
5,30,0,0,0,0,0,0,0,0,0,0,0,0,0,0,0,0,0,0,0
5,31,0,0,0,0,0,0,0,0,0,0,0,0,0,0,0,0,0,0,0
5,32,0,0,0,0,0,0,0,0,0,0,0,0,0,0,0,0,0,0,0
5,33,0,0,0,0,0,0,0,0,0,0,0,0,0,0,0,0,0,0,0
5,34,0,0,0,0,0,0,0,0,0,0,0,0,0,0,0,0,0,0,0
5,35,0,0,0,0,0,0,0,0,0,0,0,0,0,0,0,0,0,0,0
5,36,0,0,0,0,0,0,0,0,0,0,0,0,0,0,0,0,0,0,0
5,37,0,0,0,0,0,0,0,0,0,0,0,0,0,0,0,0,0,0,0
5,38,0,0,0,0,0,0,0,0,0,0,0,0,0,0,0,0,0,0,0
5,39,0,0,0,0,0,0,0,0,0,0,0,0,0,0,0,0,0,0,0
5,40,0,0,0,0,0,0,0,0,0,0,0,0,0,0,0,0,0,0,0
5,41,0,0,0,0,0,0,0,0,0,0,0,0,0,0,0,0,0,0,0
5,42,0,0,0,0,0,0,0,0,0,0,0,0,0,0,0,0,0,0,0
5,43,0,0,0,0,0,0,0,0,0,0,0,0,0,0,0,0,0,0,0
5,44,0.84834242,0.84834242,0.84834242,0.84834242,0.84834242,0.84834242,0.84834242,0.84834242,0.78704715,0.78704715,0.78704715,0.78704715,0.78704715,0.78704715,0.78704715,0.78704715,0.78704715,0.78704715,0
5,45,0.43165877,0.39034608,0.64565355,0.63978916,0.6297254,0.6297254,0.64565355,0.64565355,0,0,0,0.0421612,0,0,0,0,0,0,0
5,46,0,0,0,0,0,0,0,0,0,0,0,0,0,0,0,0,0,0,0
5,47,0,0,0,0,0,0,0,0,0,0,0,0,0,0,0,0,0,0,0
5,48,0,0,0,0,0,0,0.18899977,0.20603317,0,0,0,0,0,0,0,0,0,0,0
5,49,0,0.56183726,0,0.56183726,0.56183726,0.56183726,0.56183726,0.56183726,0,0,0,0.05870556,0,0,0,0,0,0,0
5,50,0,0,0,0,0,0,0,0,0,0,0,0,0,0,0,0,0,0,0
5,51,0,0,0,0,0,0,0,0,0,0,0,0,0,0,0,0,0,0,0
5,52,0,0,0,0,0,0,0,0,0,0,0,0,0,0,0,0,0,0,0
5,53,0,0,0,0,0,0,0,0,0,0,0,0,0,0,0,0,0,0,0
5,54,0,0,0,0,0,0,0,0,0,0,0,0,0,0,0,0,0,0,0
5,55,0,0,0,0,0,0,0,0,0,0,0,0,0,0,0,0,0,0,0
5,56,0,0,0,0,0,0,0,0,0,0,0,0,0,0,0,0,0,0,0
5,57,0,0,0,0,0,0,0,0,0,0,0,0,0,0,0,0,0,0,0
5,58,0,0,0,0,0,0,0,0,0,0,0,0,0,0,0,0,0,0,0
5,59,0,0,0,0,0,0,0,0,0,0,0,0,0,0,0,0,0,0,0
5,60,0,0,0,0,0,0,0,0,0,0,0,0,0,0,0,0,0,0,0
5,61,0,0,0,0,0,0,0,0,0,0,0,0,0,0,0,0,0,0,0
5,62,0,0,0,0,0,0,0,0,0,0,0,0,0,0,0,0,0,0,0
5,63,0,0,0,0,0,0,0,0,0,0,0,0,0,0,0,0,0,0,0
5,64,0,0,0,0,0,0,0,0,0,0,0,0,0,0,0,0,0,0,0
5,65,0,0,0,0,0,0,0,0,0,0,0,0,0,0,0,0,0,0,0
5,66,0,0,0,0,0,0,0,0,0,0,0,0,0,0,0,0,0,0,0
5,67,0,0,0,0,0,0,0,0,0,0,0,0,0,0,0,0,0,0,0
5,68,0,0,0,0,0,0,0,0,0,0,0,0,0,0,0,0,0,0,0
5,69,0,0,0,0,0,0,0,0,0,0,0,0,0,0,0,0,0,0,0
5,70,0,0,0,0,0,0,0,0,0,0,0,0,0,0,0,0,0,0,0
5,71,0,0,0,0,0,0,0,0,0,0,0,0,0,0,0,0,0,0,0
5,72,0,0,0,0,0,0,0,0,0,0,0,0,0,0,0,0,0,0,0
5,73,0,0,0,0,0,0,0,0,0,0,0,0,0,0,0,0,0,0,0
5,74,0,0,0,0,0,0,0,0,0,0,0,0,0,0,0,0,0,0,0
5,75,0,0,0,0,0,0,0,0,0,0,0,0,0,0,0,0,0,0,0
5,76,0,0,0,0,0,0,0,0,0,0,0,0,0,0,0,0,0,0,0
5,77,0,0,0,0,0,0,0,0,0,0,0,0,0,0,0,0,0,0,0
5,78,0,0,0,0,0,0,0,0,0,0,0,0,0,0,0,0,0,0,0
5,79,0,0,0,0,0,0,0,0,0,0,0,0,0,0,0,0,0,0,0
5,80,0,0,0,0,0,0,0,0,0,0,0,0,0,0,0,0,0,0,0
5,81,0,0,0,0,0,0,0,0,0,0,0,0,0,0,0,0,0,0,0
5,82,0,0,0,0,0,0,0,0,0,0,0,0,0,0,0,0,0,0,0
5,83,0,0,0,0,0,0,0,0,0,0,0,0,0,0,0,0,0,0,0
6,1,1,1,1,1,1,1,1,1,0.35956174,0.35625428,0.34731668,1,0.35003641,0.33399218,0.32898235,0.35582897,0.34718406,0.34256843,0
6,2,0,0,0,0,0,0,0,0,0.28138947,0.27980292,0.27552903,0,0.2768015,0.26894012,0.26638854,0.27962178,0.2753523,0.27317369,0
6,3,0,0,0,0,0,0,0,0,0.33661342,0.34035385,0.35042971,0,0.34742981,0.36596328,0.37197879,0.34078085,0.35084629,0.35598248,0
6,4,0,0,0,0,0,0,0,0,0,0,0,0,0,0,0,0,0,0,0
6,5,0,0,0,0,0,0,0,0,0,0,0,0,0,0,0,0,0,0,0
6,6,0,0,0,0,0,0,0,0,0,0,0,0,0,0,0,0,0,0,0
6,7,0,0,0,0,0,0,0,0,0,0,0,0,0,0,0,0,0,0,0
6,8,0,0,0,0,0,0,0,0,0,0,0,0,0,0,0,0,0,0,0
6,9,0,0,0,0,0,0,0,0,0,0,0,0,0,0,0,0,0,0,0
6,10,0.78704715,0,0.78704715,0,0,0,0,0,1,0,1,0,1,0,1,1,0,1,0
6,11,0,0,0,0,0,0,0,0,0.05,0,0.27934659,0,0.05,0,0.35622048,0.28691208,0,0.27939188,0
6,12,0,0,0,0,0,0,0,0,0,0,0,0,0,0,0,0,0,0,0
6,13,0,0,0,0,0,0,0,0,0,0,0,0,0,0,0,0,0,0,0
6,14,0,0,0,0,0,0,0,0,0,0,0,0,0,0,0,0,0,0,0
6,15,0,0,0,0,0,0,0,0,0,0,0,0,0,0,0,0,0,0,0
6,16,0,0,0,0,0,0,0,0,0,0,0,0,0,0,0,0,0,0,0
6,17,0,0,0,0,0,0,0,0,0,0,0,0,0,0,0,0,0,0,0
6,18,0,0,0,0,0,0,0,0,0,0,0,0,0,0,0,0,0,0,0
6,19,0,0,0,0,0,0,0,0,0,0,0,0,0,0,0,0,0,0,0
6,20,0,0,0,0,0,0,0,0,0,0,0,0,0,0,0,0,0,0,0
6,21,0,0,0,0,0,0,0,0,0,0,0,0,0,0,0,0,0,0,0
6,22,0,0,0,0,0,0,0,0,0,0,0,0,0,0,0,0,0,0,0
6,23,0,0,0,0,0,0,0,0,0,0,0,0,0,0,0,0,0,0,0
6,24,0,0,0,0,0,0,0,0,0,0,0,0,0,0,0,0,0,0,0
6,25,0,0,0,0,0,0,0,0,0,0,0,0,0,0,0,0,0,0,0
6,26,0,0,0,0,0,0,0,0,0,0,0,0,0,0,0,0,0,0,0
6,27,0,0,0,0,0,0,0,0,0,0,0,0,0,0,0,0,0,0,0
6,28,0,0,0,0,0,0,0,0,0,0,0,0,0,0,0,0,0,0,0
6,29,0,0,0,0,0,0,0,0,0,0,0,0,0,0,0,0,0,0,0
6,30,0,0,0,0,0,0,0,0,0,0,0,0,0,0,0,0,0,0,0
6,31,0,0,0,0,0,0,0,0,0,0,0,0,0,0,0,0,0,0,0
6,32,0,0,0,0,0,0,0,0,0,0,0,0,0,0,0,0,0,0,0
6,33,0,0,0,0,0,0,0,0,0,0,0,0,0,0,0,0,0,0,0
6,34,0,0,0,0,0,0,0,0,0,0,0,0,0,0,0,0,0,0,0
6,35,0,0,0,0,0,0,0,0,0,0,0,0,0,0,0,0,0,0,0
6,36,0,0,0,0,0,0,0,0,0,0,0,0,0,0,0,0,0,0,0
6,37,0,0,0,0,0,0,0,0,0,0,0,0,0,0,0,0,0,0,0
6,38,0,0,0,0,0,0,0,0,0,0,0,0,0,0,0,0,0,0,0
6,39,0,0,0,0,0,0,0,0,0,0,0,0,0,0,0,0,0,0,0
6,40,0,0,0,0,0,0,0,0,0,0,0,0,0,0,0,0,0,0,0
6,41,0,0,0,0,0,0,0,0,0,0,0,0,0,0,0,0,0,0,0
6,42,0,0,0,0,0,0,0,0,0,0,0,0,0,0,0,0,0,0,0
6,43,0,0,0,0,0,0,0,0,0,0,0,0,0,0,0,0,0,0,0
6,44,0,0,0,0,0,0,0,0,0,0,0,0,0,0,0,0,0,0,0
6,45,0,0,0,0,0,0,0,0,0,0,0,0,0,0,0,0,0,0,0
6,46,0,0,0,0,0,0,0,0,0,0,0,0,0,0,0,0,0,0,0
6,47,0,0,0,0,0,0,0,0,0,0,0,0,0,0,0,0,0,0,0
6,48,0,0,0,0,0,0,0,0,0,0,0,0,0,0,0,0,0,0,0
6,49,0,0,0,0,0,0,0,0,0,0,0,0,0,0,0,0,0,0,0
6,50,0,0,0,0,0,0,0,0,0,0,0,0,0,0,0,0,0,0,0
6,51,0,0,0,0,0,0,0,0,0,0,0,0,0,0,0,0,0,0,0
6,52,0,0,0,0,0,0,0,0,0,0,0,0,0,0,0,0,0,0,0
6,53,0,0,0,0,0,0,0,0,0,0,0,0,0,0,0,0,0,0,0
6,54,0,0,0,0,0,0,0,0,0,0,0,0,0,0,0,0,0,0,0
6,55,0,0,0,0,0,0,0,0,0,0,0,0,0,0,0,0,0,0,0
6,56,0,0,0,0,0,0,0,0,0,0,0,0,0,0,0,0,0,0,0
6,57,0,0,0,0,0,0,0,0,0,0,0,0,0,0,0,0,0,0,0
6,58,0,0,0,0,0,0,0,0,0,0,0,0,0,0,0,0,0,0,0
6,59,0,0,0,0,0,0,0,0,0,0,0,0,0,0,0,0,0,0,0
6,60,0,0,0,0,0,0,0,0,0,0,0,0,0,0,0,0,0,0,0
6,61,0,0,0,0,0,0,0,0,0,0,0,0,0,0,0,0,0,0,0
6,62,0,0,0,0,0,0,0,0,0,0,0,0,0,0,0,0,0,0,0
6,63,0,0,0,0,0,0,0,0,0,0,0,0,0,0,0,0,0,0,0
6,64,0,0,0,0,0,0,0,0,0,0,0,0,0,0,0,0,0,0,0
6,65,0,0,0,0,0,0,0,0,0,0,0,0,0,0,0,0,0,0,0
6,66,0,0,0,0,0,0,0,0,0,0,0,0,0,0,0,0,0,0,0
6,67,0,0,0,0,0,0,0,0,0,0,0,0,0,0,0,0,0,0,0
6,68,0,0,0,0,0,0,0,0,0,0,0,0,0,0,0,0,0,0,0
6,69,0,0,0,0,0,0,0,0,0,0,0,0,0,0,0,0,0,0,0
6,70,0,0,0,0,0,0,0,0,0,0,0,0,0,0,0,0,0,0,0
6,71,0,0,0,0,0,0,0,0,0,0,0,0,0,0,0,0,0,0,0
6,72,0,0,0,0,0,0,0,0,0,0,0,0,0,0,0,0,0,0,0
6,73,0,0,0,0,0,0,0,0,0,0,0,0,0,0,0,0,0,0,0
6,74,0,0,0,0,0,0,0,0,0,0,0,0,0,0,0,0,0,0,0
6,75,0,0,0,0,0,0,0,0,0,0,0,0,0,0,0,0,0,0,0
6,76,0,0,0,0,0,0,0,0,0,0,0,0,0,0,0,0,0,0,0
6,77,0,0,0,0,0,0,0,0,0,0,0,0,0,0,0,0,0,0,0
6,78,0,0,0,0,0,0,0,0,0,0,0,0,0,0,0,0,0,0,0
6,79,0,0,0,0,0,0,0,0,0,0,0,0,0,0,0,0,0,0,0
6,80,0,0,0,0,0,0,0,0,0,0,0,0,0,0,0,0,0,0,0
6,81,0,0,0,0,0,0,0,0,0,0,0,0,0,0,0,0,0,0,0
6,82,0,0,0,0,0,0,0,0,0,0,0,0,0,0,0,0,0,0,0
6,83,0,0,0,0,0,0,0,0,0,0,0,0,0,0,0,0,0,0,0
7,1,1,1,1,1,1,1,1,1,0.35956174,0.35625428,0.34731668,1,0.35003641,0.33399218,0.32898235,0.35582897,0.34718406,0.34256843,0
7,2,0,0,0,0,0,0,0,0,0.28138947,0.27980292,0.27552903,0,0.2768015,0.26894012,0.26638854,0.27962178,0.2753523,0.27317369,0
7,3,0,0,0,0,0,0,0,0,0.33661342,0.34035385,0.35042971,0,0.34742981,0.36596328,0.37197879,0.34078085,0.35084629,0.35598248,0
7,4,0,0,0,0,0,0,0,0,0,0,0,0,0,0,0,0,0,0,0
7,5,0,0,0,0,0,0,0,0,0,0,0,0,0,0,0,0,0,0,0
7,6,0,0,0,0,0,0,0,0,0,0,0,0,0,0,0,0,0,0,0
7,7,0,0,0,0,0,0,0,0,0,0,0,0,0,0,0,0,0,0,0
7,8,0.78704715,0,0.78704715,0,0,0,0,0,1,0,1,0,1,0,1,1,0,1,0
7,9,0,0,0,0,0,0,0,0,0.05,0,0.27934659,0,0.05,0,0.35622048,0.28691208,0,0.27939188,0
7,10,0,0,0,0,0,0,0,0,0.06625588,0.06672503,0.06672503,0,0.06672503,0.06672503,0.06672503,0.06176487,0.06381039,0.06371129,0
7,11,0,0,0,0,0,0,0,0,0,0,0,0,0,0,0,0,0,0,0
7,12,0,0,0,0,0,0,0,0,0,0,0,0,0,0,0,0,0,0,0
7,13,0,0,0,0,0,0,0,0,0,0,0,0,0,0,0,0,0,0,0
7,14,0,0,0,0,0,0,0,0,0,0,0,0,0,0,0,0,0,0,0
7,15,0,0,0,0,0,0,0,0,0,0,0,0,0,0,0,0,0,0,0
7,16,0,0,0,0,0,0,0,0,0,0,0,0,0,0,0,0,0,0,0
7,17,0,0,0,0,0,0,0,0,0,0,0,0,0,0,0,0,0,0,0
7,18,0,0,0,0,0,0,0,0,0,0,0,0,0,0,0,0,0,0,0
7,19,0,0,0,0,0,0,0,0,0,0,0,0,0,0,0,0,0,0,0
7,20,0,0,0,0,0,0,0,0,0,0,0,0,0,0,0,0,0,0,0
7,21,0,0,0,0,0,0,0,0,0,0,0,0,0,0,0,0,0,0,0
7,22,0,0,0,0,0,0,0,0,0,0,0,0,0,0,0,0,0,0,0
7,23,0,0,0,0,0,0,0,0,0,0,0,0,0,0,0,0,0,0,0
7,24,0,0,0,0,0,0,0,0,0,0,0,0,0,0,0,0,0,0,0
7,25,0,0,0,0,0,0,0,0,0,0,0,0,0,0,0,0,0,0,0
7,26,0.00534894,0.00545283,0.00534894,0.00545283,0.00545283,0.00545283,0,0,0,0,0,0,0,0,0,0,0,0,0
7,27,0,0,0,0,0,0,0,0,0,0,0,0,0,0,0,0,0,0,0
7,28,0.90963769,0.90963769,0.90963769,0.90963769,0.90963769,0.90963769,0.78704715,0.78704715,0,0,0,0.78704715,0,0,0,0,0,0,0
7,29,0.00550679,0.00550679,0.00550679,0.00550679,0.00550679,0.00550679,0.00288507,0.00288507,0,0,0,0,0,0,0,0,0,0,0
7,30,0,0.00319222,0,0.00319222,0.00319222,0.00319222,0.00352021,0.00352021,0,0,0,0,0,0,0,0,0,0,0
7,31,0,0,0,0,0,0,0,0,0,0,0,0,0,0,0,0,0,0,0
7,32,0,0,0,0,0,0,0,0,0,0,0,0,0,0,0,0,0,0,0
7,33,0,0.44774112,0,0.44774112,0.44774112,0.44774112,0.44774112,0.44774112,0,0,0,0.44774112,0,0,0,0,0,0,0
7,34,0.00354963,0,0.00354963,0,0,0,0,0,0,0,0,0,0,0,0,0,0,0,0
7,35,0,0,0,0,0,0,0,0,0,0,0,0,0,0,0,0,0,0,0
7,36,0,0.03260763,0,0.03260763,0.03260763,0.03260763,0.07417188,0.07417188,0,0,0,0,0,0,0,0,0,0,0
7,37,0,0,0,0,0,0,0,0,0,0,0,0,0,0,0,0,0,0,0
7,38,0,0,0,0,0,0,0,0,0,0,0,0,0,0,0,0,0,0,0
7,39,0,0,0,0,0,0,0,0,0,0,0,0,0,0,0,0,0,0,0
7,40,0,0,0,0,0,0,0,0,0,0,0,0,0,0,0,0,0,0,0
7,41,0,0,0,0,0,0,0,0,0,0,0,0,0,0,0,0,0,0,0
7,42,0,0,0,0,0,0,0,0,0,0,0,0,0,0,0,0,0,0,0
7,43,0,0,0,0,0,0,0,0,0,0,0,0,0,0,0,0,0,0,0
7,44,0,0,0,0,0,0,0,0,0,0,0,0,0,0,0,0,0,0,0
7,45,0,0,0,0,0,0,0,0,0,0,0,0,0,0,0,0,0,0,0
7,46,0,0,0,0,0,0,0,0,0,0,0,0,0,0,0,0,0,0,0
7,47,0,0,0,0,0,0,0,0,0,0,0,0,0,0,0,0,0,0,0
7,48,0,0,0,0,0,0,0,0,0,0,0,0,0,0,0,0,0,0,0
7,49,0,0,0,0,0,0,0,0,0,0,0,0,0,0,0,0,0,0,0
7,50,0,0,0,0,0,0,0,0,0,0,0,0,0,0,0,0,0,0,0
7,51,0,0,0,0,0,0,0,0,0,0,0,0,0,0,0,0,0,0,0
7,52,0,0,0,0,0,0,0,0,0,0,0,0,0,0,0,0,0,0,0
7,53,0,0,0,0,0,0,0,0,0,0,0,0,0,0,0,0,0,0,0
7,54,0,0,0,0,0,0,0,0,0,0,0,0,0,0,0,0,0,0,0
7,55,0,0,0,0,0,0,0,0,0,0,0,0,0,0,0,0,0,0,0
7,56,0,0,0,0,0,0,0,0,0,0,0,0,0,0,0,0,0,0,0
7,57,0,0,0,0,0,0,0,0,0,0,0,0,0,0,0,0,0,0,0
7,58,0,0,0,0,0,0,0,0,0,0,0,0,0,0,0,0,0,0,0
7,59,0,0,0,0,0,0,0,0,0,0,0,0,0,0,0,0,0,0,0
7,60,0,0,0,0,0,0,0,0,0,0,0,0,0,0,0,0,0,0,0
7,61,0,0,0,0,0,0,0,0,0,0,0,0,0,0,0,0,0,0,0
7,62,0,0,0,0,0,0,0,0,0,0,0,0,0,0,0,0,0,0,0
7,63,0,0,0,0,0,0,0,0,0,0,0,0,0,0,0,0,0,0,0
7,64,0,0,0,0,0,0,0,0,0,0,0,0,0,0,0,0,0,0,0
7,65,0,0,0,0,0,0,0,0,0,0,0,0,0,0,0,0,0,0,0
7,66,0,0,0,0,0,0,0,0,0,0,0,0,0,0,0,0,0,0,0
7,67,0,0,0,0,0,0,0,0,0,0,0,0,0,0,0,0,0,0,0
7,68,0,0,0,0,0,0,0,0,0,0,0,0,0,0,0,0,0,0,0
7,69,0,0,0,0,0,0,0,0,0,0,0,0,0,0,0,0,0,0,0
7,70,0,0,0,0,0,0,0,0,0,0,0,0,0,0,0,0,0,0,0
7,71,0,0,0,0,0,0,0,0,0,0,0,0,0,0,0,0,0,0,0
7,72,0,0,0,0,0,0,0,0,0,0,0,0,0,0,0,0,0,0,0
7,73,0,0,0,0,0,0,0,0,0,0,0,0,0,0,0,0,0,0,0
7,74,0,0,0,0,0,0,0,0,0,0,0,0,0,0,0,0,0,0,0
7,75,0,0,0,0,0,0,0,0,0,0,0,0,0,0,0,0,0,0,0
7,76,0,0,0,0,0,0,0,0,0,0,0,0,0,0,0,0,0,0,0
7,77,0,0,0,0,0,0,0,0,0,0,0,0,0,0,0,0,0,0,0
7,78,0,0,0,0,0,0,0,0,0,0,0,0,0,0,0,0,0,0,0
7,79,0,0,0,0,0,0,0,0,0,0,0,0,0,0,0,0,0,0,0
7,80,0,0,0,0,0,0,0,0,0,0,0,0,0,0,0,0,0,0,0
7,81,0,0,0,0,0,0,0,0,0,0,0,0,0,0,0,0,0,0,0
7,82,0,0,0,0,0,0,0,0,0,0,0,0,0,0,0,0,0,0,0
7,83,0,0,0,0,0,0,0,0,0,0,0,0,0,0,0,0,0,0,0
8,1,1,0.87364858,1,0.87364858,0.87364858,0.87364858,1,1,0.30779883,0.30779883,0.30779883,0.60000002,0.30779883,0.30779883,0.30779883,0.30779883,0.30779883,0.30779883,0
8,2,0,0,0,0,0,0,0,0,0.03491686,0.03491686,0.03491686,0,0.03491686,0.03491686,0.03491686,0.03491686,0.03491686,0.03491686,0
8,3,0,0,0,0,0,0,0,0,0.05,0.05,0.05,0,0.05,0.05,0.05,0.05,0.05,0.05,0
8,4,0,0,0,0,0,0,0,0,0,0,0,0,0,0,0,0,0,0,0
8,5,0,0,0,0,0,0,0,0,0,0,0,0,0,0,0,0,0,0,0
8,6,0,0,0,0,0,0,0,0,0,0,0,0,0,0,0,0,0,0,0
8,7,0,0,0,0,0,0,0,0,0,0,0,0,0,0,0,0,0,0,0
8,8,0.78704715,0,0.78704715,0,0,0,0,0,0.69999999,0,0.69999999,0,0.69999999,0,0.69999999,0.69999999,0,0.69999999,0
8,9,0,0,0,0,0,0,0,0,0.05,0,0.05,0,0.05,0,0.05,0.05,0,0.05,0
8,10,0,0,0,0,0,0,0,0,0,0,0,0,0,0,0,0,0,0,0
8,11,0,0,0,0,0,0,0,0,0,0,0,0,0,0,0,0,0,0,0
8,12,0,0,0,0,0,0,0,0,0,0,0,0,0,0,0,0,0,0,0
8,13,0,0,0,0,0,0,0,0,0,0,0,0,0,0,0,0,0,0,0
8,14,0,0,0,0,0,0,0,0,0,0,0,0,0,0,0,0,0,0,0
8,15,0,0,0,0,0,0,0,0,0,0,0,0,0,0,0,0,0,0,0
8,16,0,0,0,0,0,0,0,0,0,0,0,0,0,0,0,0,0,0,0
8,17,0,0,0,0,0,0,0,0,0,0,0,0,0,0,0,0,0,0,0
8,18,0,0,0,0,0,0,0,0,0,0,0,0,0,0,0,0,0,0,0
8,19,0,0,0,0,0,0,0,0,0,0,0,0,0,0,0,0,0,0,0
8,20,0,0,0,0,0,0,0,0,0,0,0,0,0,0,0,0,0,0,0
8,21,0,0,0,0,0,0,0,0,0,0,0,0,0,0,0,0,0,0,0
8,22,0,0,0,0,0,0,0,0,0,0,0,0,0,0,0,0,0,0,0
8,23,0,0,0,0,0,0,0,0,0,0,0,0,0,0,0,0,0,0,0
8,24,0,0,0,0,0,0,0,0,0,0,0,0,0,0,0,0,0,0,0
8,25,0,0,0,0,0,0,0,0,0,0,0,0,0,0,0,0,0,0,0
8,26,0,0,0,0,0,0,0,0,0,0,0,0,0,0,0,0,0,0,0
8,27,0,0,0,0,0,0,0,0,0,0,0,0,0,0,0,0,0,0,0
8,28,0,0,0,0,0,0,0,0,0,0,0,0,0,0,0,0,0,0,0
8,29,0,0,0,0,0,0,0,0,0,0,0,0,0,0,0,0,0,0,0
8,30,0,0,0,0,0,0,0,0,0,0,0,0,0,0,0,0,0,0,0
8,31,0,0,0,0,0,0,0,0,0,0,0,0,0,0,0,0,0,0,0
8,32,0,0,0,0,0,0,0,0,0,0,0,0,0,0,0,0,0,0,0
8,33,0,0,0,0,0,0,0,0,0,0,0,0,0,0,0,0,0,0,0
8,34,0,0,0,0,0,0,0,0,0,0,0,0,0,0,0,0,0,0,0
8,35,0,0,0,0,0,0,0,0,0,0,0,0,0,0,0,0,0,0,0
8,36,0,0,0,0,0,0,0,0,0,0,0,0,0,0,0,0,0,0,0
8,37,0,0,0,0,0,0,0,0,0,0,0,0,0,0,0,0,0,0,0
8,38,0,0,0,0,0,0,0,0,0,0,0,0,0,0,0,0,0,0,0
8,39,0,0,0,0,0,0,0,0,0,0,0,0,0,0,0,0,0,0,0
8,40,0,0,0,0,0,0,0,0,0,0,0,0,0,0,0,0,0,0,0
8,41,0,0,0,0,0,0,0,0,0,0,0,0,0,0,0,0,0,0,0
8,42,0,0,0,0,0,0,0,0,0,0,0,0,0,0,0,0,0,0,0
8,43,0,0,0,0,0,0,0,0,0,0,0,0,0,0,0,0,0,0,0
8,44,0.84834242,0.84834242,0.84834242,0.84834242,0.84834242,0.84834242,0.84834242,0.84834242,0,0,0,0.78704715,0,0,0,0,0,0,0
8,45,0.00295546,0.00295546,0.00295546,0.00295546,0.00295546,0.00295546,0.00384235,0.00384235,0,0,0,0,0,0,0,0,0,0,0
8,46,0,0,0,0,0,0,0,0,0,0,0,0,0,0,0,0,0,0,0
8,47,0,0,0,0,0,0,0,0,0,0,0,0,0,0,0,0,0,0,0
8,48,0,0,0,0,0,0,0,0,0,0,0,0,0,0,0,0,0,0,0
8,49,0,0,0,0,0,0,0,0,0,0,0,0,0,0,0,0,0,0,0
8,50,0,0,0,0,0,0,0,0,0,0,0,0,0,0,0,0,0,0,0
8,51,0,0,0,0,0,0,0,0,0,0,0,0,0,0,0,0,0,0,0
8,52,0,0,0,0,0,0,0,0,0,0,0,0,0,0,0,0,0,0,0
8,53,0,0,0,0,0,0,0,0,0,0,0,0,0,0,0,0,0,0,0
8,54,0,0,0,0,0,0,0,0,0,0,0,0,0,0,0,0,0,0,0
8,55,0,0,0,0,0,0,0,0,0,0,0,0,0,0,0,0,0,0,0
8,56,0,0,0,0,0,0,0,0,0,0,0,0,0,0,0,0,0,0,0
8,57,0,0,0,0,0,0,0,0,0,0,0,0,0,0,0,0,0,0,0
8,58,0,0,0,0,0,0,0,0,0,0,0,0,0,0,0,0,0,0,0
8,59,0,0,0,0,0,0,0,0,0,0,0,0,0,0,0,0,0,0,0
8,60,0,0,0,0,0,0,0,0,0,0,0,0,0,0,0,0,0,0,0
8,61,0,0,0,0,0,0,0,0,0,0,0,0,0,0,0,0,0,0,0
8,62,0,0,0,0,0,0,0,0,0,0,0,0,0,0,0,0,0,0,0
8,63,0,0,0,0,0,0,0,0,0,0,0,0,0,0,0,0,0,0,0
8,64,0,0,0,0,0,0,0,0,0,0,0,0,0,0,0,0,0,0,0
8,65,0,0,0,0,0,0,0,0,0,0,0,0,0,0,0,0,0,0,0
8,66,0,0,0,0,0,0,0,0,0,0,0,0,0,0,0,0,0,0,0
8,67,0,0,0,0,0,0,0,0,0,0,0,0,0,0,0,0,0,0,0
8,68,0,0,0,0,0,0,0,0,0,0,0,0,0,0,0,0,0,0,0
8,69,0,0,0,0,0,0,0,0,0,0,0,0,0,0,0,0,0,0,0
8,70,0,0,0,0,0,0,0,0,0,0,0,0,0,0,0,0,0,0,0
8,71,0,0,0,0,0,0,0,0,0,0,0,0,0,0,0,0,0,0,0
8,72,0,0,0,0,0,0,0,0,0,0,0,0,0,0,0,0,0,0,0
8,73,0,0,0,0,0,0,0,0,0,0,0,0,0,0,0,0,0,0,0
8,74,0,0,0,0,0,0,0,0,0,0,0,0,0,0,0,0,0,0,0
8,75,0,0,0,0,0,0,0,0,0,0,0,0,0,0,0,0,0,0,0
8,76,0,0,0,0,0,0,0,0,0,0,0,0,0,0,0,0,0,0,0
8,77,0,0,0,0,0,0,0,0,0,0,0,0,0,0,0,0,0,0,0
8,78,0,0,0,0,0,0,0,0,0,0,0,0,0,0,0,0,0,0,0
8,79,0,0,0,0,0,0,0,0,0,0,0,0,0,0,0,0,0,0,0
8,80,0,0,0,0,0,0,0,0,0,0,0,0,0,0,0,0,0,0,0
8,81,0,0,0,0,0,0,0,0,0,0,0,0,0,0,0,0,0,0,0
8,82,0,0,0,0,0,0,0,0,0,0,0,0,0,0,0,0,0,0,0
8,83,0,0,0,0,0,0,0,0,0,0,0,0,0,0,0,0,0,0,0
9,1,1,1,1,1,1,1,1,1,0.35956174,0.35625428,0.34731668,1,0.35003641,0.33399218,0.32898235,0.35582897,0.34718406,0.34256843,0
9,2,0,0,0,0,0,0,0,0,0.28138947,0.27980292,0.27552903,0,0.2768015,0.26894012,0.26638854,0.27962178,0.2753523,0.27317369,0
9,3,0,0,0,0,0,0,0,0,0.33661342,0.34035385,0.35042971,0,0.34742981,0.36596328,0.37197879,0.34078085,0.35084629,0.35598248,0
9,4,0,0,0,0,0,0,0,0,0,0,0,0,0,0,0,0,0,0,0
9,5,0,0,0,0,0,0,0,0,0,0,0,0,0,0,0,0,0,0,0
9,6,0,0,0,0,0,0,0,0,0,0,0,0,0,0,0,0,0,0,0
9,7,0,0,0,0,0,0,0,0,0,0,0,0,0,0,0,0,0,0,0
9,8,0.78704715,0,0.78704715,0,0,0,0,0,1,0,1,0,1,0,1,1,0,1,0
9,9,0,0,0,0,0,0,0,0,0.05,0,0.27934659,0,0.05,0,0.35622048,0.28691208,0,0.27939188,0
9,10,0,0,0,0,0,0,0,0,0.06625588,0.06672503,0.06672503,0,0.06672503,0.06672503,0.06672503,0.06176487,0.06381039,0.06371129,0
9,11,0,0,0,0,0,0,0,0,0,0,0,0,0,0,0,0,0,0,0
9,12,0,0,0,0,0,0,0,0,0,0,0,0,0,0,0,0,0,0,0
9,13,0,0,0,0,0,0,0,0,0,0,0,0,0,0,0,0,0,0,0
9,14,0,0,0,0,0,0,0,0,0,0,0,0,0,0,0,0,0,0,0
9,15,0,0,0,0,0,0,0,0,0,0,0,0,0,0,0,0,0,0,0
9,16,0,0,0,0,0,0,0,0,0,0,0,0,0,0,0,0,0,0,0
9,17,0,0,0,0,0,0,0,0,0,0,0,0,0,0,0,0,0,0,0
9,18,0,0,0,0,0,0,0,0,0,0,0,0,0,0,0,0,0,0,0
9,19,0,0,0,0,0,0,0,0,0,0,0,0,0,0,0,0,0,0,0
9,20,0,0,0,0,0,0,0,0,0,0,0,0,0,0,0,0,0,0,0
9,21,0,0,0,0,0,0,0,0,0,0,0,0,0,0,0,0,0,0,0
9,22,0,0,0,0,0,0,0,0,0,0,0,0,0,0,0,0,0,0,0
9,23,0,0,0,0,0,0,0,0,0,0,0,0,0,0,0,0,0,0,0
9,24,0,0,0,0,0,0,0,0,0,0,0,0,0,0,0,0,0,0,0
9,25,0,0,0,0,0,0,0,0,0,0,0,0,0,0,0,0,0,0,0
9,26,0,0,0,0,0,0,0,0,0,0,0,0,0,0,0,0,0,0,0
9,27,0,0,0,0,0,0,0,0,0,0,0,0,0,0,0,0,0,0,0
9,28,0,0,0,0,0,0,0,0,0,0,0,0,0,0,0,0,0,0,0
9,29,0,0,0,0,0,0,0,0,0,0,0,0,0,0,0,0,0,0,0
9,30,0,0,0,0,0,0,0,0,0,0,0,0,0,0,0,0,0,0,0
9,31,0,0,0,0,0,0,0,0,0,0,0,0,0,0,0,0,0,0,0
9,32,0,0,0,0,0,0,0,0,0,0,0,0,0,0,0,0,0,0,0
9,33,0,0,0,0,0,0,0,0,0,0,0,0,0,0,0,0,0,0,0
9,34,0,0,0,0,0,0,0,0,0,0,0,0,0,0,0,0,0,0,0
9,35,0,0,0,0,0,0,0,0,0,0,0,0,0,0,0,0,0,0,0
9,36,0,0,0,0,0,0,0,0,0,0,0,0,0,0,0,0,0,0,0
9,37,0,0,0,0,0,0,0,0,0,0,0,0,0,0,0,0,0,0,0
9,38,0,0,0,0,0,0,0,0,0,0,0,0,0,0,0,0,0,0,0
9,39,0,0,0,0,0,0,0,0,0,0,0,0,0,0,0,0,0,0,0
9,40,0,0,0,0,0,0,0,0,0,0,0,0,0,0,0,0,0,0,0
9,41,0,0,0,0,0,0,0,0,0,0,0,0,0,0,0,0,0,0,0
9,42,0,0,0,0,0,0,0,0,0,0,0,0,0,0,0,0,0,0,0
9,43,0,0,0,0,0,0,0,0,0,0,0,0,0,0,0,0,0,0,0
9,44,0,0,0,0,0,0,0,0,0,0,0,0,0,0,0,0,0,0,0
9,45,0,0,0,0,0,0,0,0,0,0,0,0,0,0,0,0,0,0,0
9,46,0,0,0,0,0,0,0,0,0,0,0,0,0,0,0,0,0,0,0
9,47,0,0,0,0,0,0,0,0,0,0,0,0,0,0,0,0,0,0,0
9,48,0,0,0,0,0,0,0,0,0,0,0,0,0,0,0,0,0,0,0
9,49,0,0,0,0,0,0,0,0,0,0,0,0,0,0,0,0,0,0,0
9,50,0,0,0,0,0,0,0,0,0,0,0,0,0,0,0,0,0,0,0
9,51,0,0,0,0,0,0,0,0,0,0,0,0,0,0,0,0,0,0,0
9,52,0,0,0,0,0,0,0,0,0,0,0,0,0,0,0,0,0,0,0
9,53,0,0,0,0,0,0,0,0,0,0,0,0,0,0,0,0,0,0,0
9,54,0,0,0,0,0,0,0,0,0,0,0,0,0,0,0,0,0,0,0
9,55,0,0,0,0,0,0,0,0,0,0,0,0,0,0,0,0,0,0,0
9,56,0,0,0,0,0,0,0,0,0,0,0,0,0,0,0,0,0,0,0
9,57,0,0,0,0,0,0,0,0,0,0,0,0,0,0,0,0,0,0,0
9,58,0,0,0,0,0,0,0,0,0,0,0,0,0,0,0,0,0,0,0
9,59,0,0,0,0,0,0,0,0,0,0,0,0,0,0,0,0,0,0,0
9,60,0,0,0,0,0,0,0,0,0,0,0,0,0,0,0,0,0,0,0
9,61,0,0,0,0,0,0,0,0,0,0,0,0,0,0,0,0,0,0,0
9,62,0,0,0,0,0,0,0,0,0,0,0,0,0,0,0,0,0,0,0
9,63,0,0,0,0,0,0,0,0,0,0,0,0,0,0,0,0,0,0,0
9,64,0,0,0,0,0,0,0,0,0,0,0,0,0,0,0,0,0,0,0
9,65,0,0,0,0,0,0,0,0,0,0,0,0,0,0,0,0,0,0,0
9,66,0,0,0,0,0,0,0,0,0,0,0,0,0,0,0,0,0,0,0
9,67,0,0,0,0,0,0,0,0,0,0,0,0,0,0,0,0,0,0,0
9,68,0,0,0,0,0,0,0,0,0,0,0,0,0,0,0,0,0,0,0
9,69,0,0,0,0,0,0,0,0,0,0,0,0,0,0,0,0,0,0,0
9,70,0,0,0,0,0,0,0,0,0,0,0,0,0,0,0,0,0,0,0
9,71,0,0,0,0,0,0,0,0,0,0,0,0,0,0,0,0,0,0,0
9,72,0,0,0,0,0,0,0,0,0,0,0,0,0,0,0,0,0,0,0
9,73,0,0,0,0,0,0,0,0,0,0,0,0,0,0,0,0,0,0,0
9,74,0,0,0,0,0,0,0,0,0,0,0,0,0,0,0,0,0,0,0
9,75,0,0,0,0,0,0,0,0,0,0,0,0,0,0,0,0,0,0,0
9,76,0,0,0,0,0,0,0,0,0,0,0,0,0,0,0,0,0,0,0
9,77,0,0,0,0,0,0,0,0,0,0,0,0,0,0,0,0,0,0,0
9,78,0,0,0,0,0,0,0,0,0,0,0,0,0,0,0,0,0,0,0
9,79,0,0,0,0,0,0,0,0,0,0,0,0,0,0,0,0,0,0,0
9,80,0,0,0,0,0,0,0,0,0,0,0,0,0,0,0,0,0,0,0
9,81,0,0,0,0,0,0,0,0,0,0,0,0,0,0,0,0,0,0,0
9,82,0,0,0,0,0,0,0,0,0,0,0,0,0,0,0,0,0,0,0
9,83,0,0,0,0,0,0,0,0,0,0,0,0,0,0,0,0,0,0,0
10,1,1,1,1,1,1,1,1,1,0.35956174,0.35625428,0.34731668,1,0.35003641,0.33399218,0.32898235,0.35582897,0.34718406,0.34256843,0
10,2,0,0,0,0,0,0,0,0,0.28138947,0.27980292,0.27552903,0,0.2768015,0.26894012,0.26638854,0.27962178,0.2753523,0.27317369,0
10,3,0,0,0,0,0,0,0,0,0.33661342,0.34035385,0.35042971,0,0.34742981,0.36596328,0.37197879,0.34078085,0.35084629,0.35598248,0
10,4,0,0,0,0,0,0,0,0,0,0,0,0,0,0,0,0,0,0,0
10,5,0,0,0,0,0,0,0,0,0,0,0,0,0,0,0,0,0,0,0
10,6,0,0,0,0,0,0,0,0,0,0,0,0,0,0,0,0,0,0,0
10,7,0,0,0,0,0,0,0,0,0,0,0,0,0,0,0,0,0,0,0
10,8,0.78704715,0,0.78704715,0,0,0,0,0,1,0,1,0,1,0,1,1,0,1,0
10,9,0,0,0,0,0,0,0,0,0.05,0,0.27934659,0,0.05,0,0.35622048,0.28691208,0,0.27939188,0
10,10,0,0,0,0,0,0,0,0,0.06625588,0.06672503,0.06672503,0,0.06672503,0.06672503,0.06672503,0.06176487,0.06381039,0.06371129,0
10,11,0,0,0,0,0,0,0,0,0,0,0,0,0,0,0,0,0,0,0
10,12,0,0,0,0,0,0,0,0,0,0,0,0,0,0,0,0,0,0,0
10,13,0,0,0,0,0,0,0,0,0,0,0,0,0,0,0,0,0,0,0
10,14,0,0,0,0,0,0,0,0,0,0,0,0,0,0,0,0,0,0,0
10,15,0,0,0,0,0,0,0,0,0,0,0,0,0,0,0,0,0,0,0
10,16,0,0,0,0,0,0,0,0,0,0,0,0,0,0,0,0,0,0,0
10,17,0,0,0,0,0,0,0,0,0,0,0,0,0,0,0,0,0,0,0
10,18,0,0,0,0,0,0,0,0,0,0,0,0,0,0,0,0,0,0,0
10,19,0,0,0,0,0,0,0,0,0,0,0,0,0,0,0,0,0,0,0
10,20,0,0,0,0,0,0,0,0,0,0,0,0,0,0,0,0,0,0,0
10,21,0,0,0,0,0,0,0,0,0,0,0,0,0,0,0,0,0,0,0
10,22,0,0,0,0,0,0,0,0,0,0,0,0,0,0,0,0,0,0,0
10,23,0,0,0,0,0,0,0,0,0,0,0,0,0,0,0,0,0,0,0
10,24,0,0,0,0,0,0,0,0,0,0,0,0,0,0,0,0,0,0,0
10,25,0,0,0,0,0,0,0,0,0,0,0,0,0,0,0,0,0,0,0
10,26,0,0,0,0,0,0,0,0,0,0,0,0,0,0,0,0,0,0,0
10,27,0,0,0,0,0,0,0,0,0,0,0,0,0,0,0,0,0,0,0
10,28,0,0,0,0,0,0,0,0,0,0,0,0,0,0,0,0,0,0,0
10,29,0,0,0,0,0,0,0,0,0,0,0,0,0,0,0,0,0,0,0
10,30,0,0,0,0,0,0,0,0,0,0,0,0,0,0,0,0,0,0,0
10,31,0,0,0,0,0,0,0,0,0,0,0,0,0,0,0,0,0,0,0
10,32,0,0,0,0,0,0,0,0,0,0,0,0,0,0,0,0,0,0,0
10,33,0,0,0,0,0,0,0,0,0,0,0,0,0,0,0,0,0,0,0
10,34,0,0,0,0,0,0,0,0,0,0,0,0,0,0,0,0,0,0,0
10,35,0,0,0,0,0,0,0,0,0,0,0,0,0,0,0,0,0,0,0
10,36,0,0,0,0,0,0,0,0,0,0,0,0,0,0,0,0,0,0,0
10,37,0,0,0,0,0,0,0,0,0,0,0,0,0,0,0,0,0,0,0
10,38,0,0,0,0,0,0,0,0,0,0,0,0,0,0,0,0,0,0,0
10,39,0,0,0,0,0,0,0,0,0,0,0,0,0,0,0,0,0,0,0
10,40,0,0,0,0,0,0,0,0,0,0,0,0,0,0,0,0,0,0,0
10,41,0,0,0,0,0,0,0,0,0,0,0,0,0,0,0,0,0,0,0
10,42,0,0,0,0,0,0,0,0,0,0,0,0,0,0,0,0,0,0,0
10,43,0,0,0,0,0,0,0,0,0,0,0,0,0,0,0,0,0,0,0
10,44,0,0,0,0,0,0,0,0,0,0,0,0,0,0,0,0,0,0,0
10,45,0,0,0,0,0,0,0,0,0,0,0,0,0,0,0,0,0,0,0
10,46,0,0,0,0,0,0,0,0,0,0,0,0,0,0,0,0,0,0,0
10,47,0,0,0,0,0,0,0,0,0,0,0,0,0,0,0,0,0,0,0
10,48,0,0,0,0,0,0,0,0,0,0,0,0,0,0,0,0,0,0,0
10,49,0,0,0,0,0,0,0,0,0,0,0,0,0,0,0,0,0,0,0
10,50,0,0,0,0,0,0,0,0,0,0,0,0,0,0,0,0,0,0,0
10,51,0,0,0,0,0,0,0,0,0,0,0,0,0,0,0,0,0,0,0
10,52,0,0,0,0,0,0,0,0,0,0,0,0,0,0,0,0,0,0,0
10,53,0,0,0,0,0,0,0,0,0,0,0,0,0,0,0,0,0,0,0
10,54,0,0,0,0,0,0,0,0,0,0,0,0,0,0,0,0,0,0,0
10,55,0,0,0,0,0,0,0,0,0,0,0,0,0,0,0,0,0,0,0
10,56,0,0,0,0,0,0,0,0,0,0,0,0,0,0,0,0,0,0,0
10,57,0,0,0,0,0,0,0,0,0,0,0,0,0,0,0,0,0,0,0
10,58,0,0,0,0,0,0,0,0,0,0,0,0,0,0,0,0,0,0,0
10,59,0,0,0,0,0,0,0,0,0,0,0,0,0,0,0,0,0,0,0
10,60,0,0,0,0,0,0,0,0,0,0,0,0,0,0,0,0,0,0,0
10,61,0,0,0,0,0,0,0,0,0,0,0,0,0,0,0,0,0,0,0
10,62,0,0,0,0,0,0,0,0,0,0,0,0,0,0,0,0,0,0,0
10,63,0,0,0,0,0,0,0,0,0,0,0,0,0,0,0,0,0,0,0
10,64,0,0,0,0,0,0,0,0,0,0,0,0,0,0,0,0,0,0,0
10,65,0,0,0,0,0,0,0,0,0,0,0,0,0,0,0,0,0,0,0
10,66,0,0,0,0,0,0,0,0,0,0,0,0,0,0,0,0,0,0,0
10,67,0,0,0,0,0,0,0,0,0,0,0,0,0,0,0,0,0,0,0
10,68,0,0,0,0,0,0,0,0,0,0,0,0,0,0,0,0,0,0,0
10,69,0,0,0,0,0,0,0,0,0,0,0,0,0,0,0,0,0,0,0
10,70,0,0,0,0,0,0,0,0,0,0,0,0,0,0,0,0,0,0,0
10,71,0,0,0,0,0,0,0,0,0,0,0,0,0,0,0,0,0,0,0
10,72,0,0,0,0,0,0,0,0,0,0,0,0,0,0,0,0,0,0,0
10,73,0,0,0,0,0,0,0,0,0,0,0,0,0,0,0,0,0,0,0
10,74,0,0,0,0,0,0,0,0,0,0,0,0,0,0,0,0,0,0,0
10,75,0,0,0,0,0,0,0,0,0,0,0,0,0,0,0,0,0,0,0
10,76,0,0,0,0,0,0,0,0,0,0,0,0,0,0,0,0,0,0,0
10,77,0,0,0,0,0,0,0,0,0,0,0,0,0,0,0,0,0,0,0
10,78,0,0,0,0,0,0,0,0,0,0,0,0,0,0,0,0,0,0,0
10,79,0,0,0,0,0,0,0,0,0,0,0,0,0,0,0,0,0,0,0
10,80,0,0,0,0,0,0,0,0,0,0,0,0,0,0,0,0,0,0,0
10,81,0,0,0,0,0,0,0,0,0,0,0,0,0,0,0,0,0,0,0
10,82,0,0,0,0,0,0,0,0,0,0,0,0,0,0,0,0,0,0,0
10,83,0,0,0,0,0,0,0,0,0,0,0,0,0,0,0,0,0,0,0
11,1,1,0.87364858,1,0.87364858,0.87364858,0.87364858,1,1,0.30779883,0.30779883,0.30779883,0.60000002,0.30779883,0.30779883,0.30779883,0.30779883,0.30779883,0.30779883,0
11,2,0,0,0,0,0,0,0,0,0.03491686,0.03491686,0.03491686,0,0.03491686,0.03491686,0.03491686,0.03491686,0.03491686,0.03491686,0
11,3,0,0,0,0,0,0,0,0,0.05,0.05,0.05,0,0.05,0.05,0.05,0.05,0.05,0.05,0
11,4,0,0,0,0,0,0,0,0,0,0,0,0,0,0,0,0,0,0,0
11,5,0,0,0,0,0,0,0,0,0,0,0,0,0,0,0,0,0,0,0
11,6,0,0,0,0,0,0,0,0,0,0,0,0,0,0,0,0,0,0,0
11,7,0,0,0,0,0,0,0,0,0,0,0,0,0,0,0,0,0,0,0
11,8,0.78704715,0,0.78704715,0,0,0,0,0,0.69999999,0,0.69999999,0,0.69999999,0,0.69999999,0.69999999,0,0.69999999,0
11,9,0,0,0,0,0,0,0,0,0.05,0,0.05,0,0.05,0,0.05,0.05,0,0.05,0
11,10,0,0,0,0,0,0,0,0,0,0,0,0,0,0,0,0,0,0,0
11,11,0,0,0,0,0,0,0,0,0,0,0,0,0,0,0,0,0,0,0
11,12,0,0,0,0,0,0,0,0,0,0,0,0,0,0,0,0,0,0,0
11,13,0,0,0,0,0,0,0,0,0,0,0,0,0,0,0,0,0,0,0
11,14,0,0,0,0,0,0,0,0,0,0,0,0,0,0,0,0,0,0,0
11,15,0,0,0,0,0,0,0,0,0,0,0,0,0,0,0,0,0,0,0
11,16,0,0,0,0,0,0,0,0,0,0,0,0,0,0,0,0,0,0,0
11,17,0,0,0,0,0,0,0,0,0,0,0,0,0,0,0,0,0,0,0
11,18,0,0,0,0,0,0,0,0,0,0,0,0,0,0,0,0,0,0,0
11,19,0,0,0,0,0,0,0,0,0,0,0,0,0,0,0,0,0,0,0
11,20,0,0,0,0,0,0,0,0,0,0,0,0,0,0,0,0,0,0,0
11,21,0,0,0,0,0,0,0,0,0,0,0,0,0,0,0,0,0,0,0
11,22,0,0,0,0,0,0,0,0,0,0,0,0,0,0,0,0,0,0,0
11,23,0,0,0,0,0,0,0,0,0,0,0,0,0,0,0,0,0,0,0
11,24,0,0,0,0,0,0,0,0,0,0,0,0,0,0,0,0,0,0,0
11,25,0,0,0,0,0,0,0,0,0,0,0,0,0,0,0,0,0,0,0
11,26,0,0,0,0,0,0,0,0,0,0,0,0,0,0,0,0,0,0,0
11,27,0,0,0,0,0,0,0,0,0,0,0,0,0,0,0,0,0,0,0
11,28,0,0,0,0,0,0,0,0,0,0,0,0,0,0,0,0,0,0,0
11,29,0,0,0,0,0,0,0,0,0,0,0,0,0,0,0,0,0,0,0
11,30,0,0,0,0,0,0,0,0,0,0,0,0,0,0,0,0,0,0,0
11,31,0,0,0,0,0,0,0,0,0,0,0,0,0,0,0,0,0,0,0
11,32,0,0,0,0,0,0,0,0,0,0,0,0,0,0,0,0,0,0,0
11,33,0,0,0,0,0,0,0,0,0,0,0,0,0,0,0,0,0,0,0
11,34,0,0,0,0,0,0,0,0,0,0,0,0,0,0,0,0,0,0,0
11,35,0,0,0,0,0,0,0,0,0,0,0,0,0,0,0,0,0,0,0
11,36,0,0,0,0,0,0,0,0,0,0,0,0,0,0,0,0,0,0,0
11,37,0,0,0,0,0,0,0,0,0,0,0,0,0,0,0,0,0,0,0
11,38,0,0,0,0,0,0,0,0,0,0,0,0,0,0,0,0,0,0,0
11,39,0,0,0,0,0,0,0,0,0,0,0,0,0,0,0,0,0,0,0
11,40,0,0,0,0,0,0,0,0,0,0,0,0,0,0,0,0,0,0,0
11,41,0,0,0,0,0,0,0,0,0,0,0,0,0,0,0,0,0,0,0
11,42,0,0,0,0,0,0,0,0,0,0,0,0,0,0,0,0,0,0,0
11,43,0,0,0,0,0,0,0,0,0,0,0,0,0,0,0,0,0,0,0
11,44,0.84834242,0.84834242,0.84834242,0.84834242,0.84834242,0.84834242,0.84834242,0.84834242,0.78704715,0.78704715,0.78704715,0.78704715,0.78704715,0.78704715,0.78704715,0.78704715,0.78704715,0.78704715,0
11,45,0.43165877,0.39034608,0.64565355,0.63978916,0.6297254,0.6297254,0.64565355,0.64565355,0,0,0,0.0421612,0,0,0,0,0,0,0
11,46,0,0,0,0,0,0,0,0,0,0,0,0,0,0,0,0,0,0,0
11,47,0,0,0,0,0,0,0,0,0,0,0,0,0,0,0,0,0,0,0
11,48,0,0,0,0,0,0,0.18899977,0.20603317,0,0,0,0,0,0,0,0,0,0,0
11,49,0,0.56183726,0,0.56183726,0.56183726,0.56183726,0.56183726,0.56183726,0,0,0,0.05870556,0,0,0,0,0,0,0
11,50,0,0,0,0,0,0,0,0,0,0,0,0,0,0,0,0,0,0,0
11,51,0,0,0,0,0,0,0,0,0,0,0,0,0,0,0,0,0,0,0
11,52,0,0,0,0,0,0,0,0,0,0,0,0,0,0,0,0,0,0,0
11,53,0,0,0,0,0,0,0,0,0,0,0,0,0,0,0,0,0,0,0
11,54,0,0,0,0,0,0,0,0,0,0,0,0,0,0,0,0,0,0,0
11,55,0,0,0,0,0,0,0,0,0,0,0,0,0,0,0,0,0,0,0
11,56,0,0,0,0,0,0,0,0,0,0,0,0,0,0,0,0,0,0,0
11,57,0,0,0,0,0,0,0,0,0,0,0,0,0,0,0,0,0,0,0
11,58,0,0,0,0,0,0,0,0,0,0,0,0,0,0,0,0,0,0,0
11,59,0,0,0,0,0,0,0,0,0,0,0,0,0,0,0,0,0,0,0
11,60,0,0,0,0,0,0,0,0,0,0,0,0,0,0,0,0,0,0,0
11,61,0,0,0,0,0,0,0,0,0,0,0,0,0,0,0,0,0,0,0
11,62,0,0,0,0,0,0,0,0,0,0,0,0,0,0,0,0,0,0,0
11,63,0,0,0,0,0,0,0,0,0,0,0,0,0,0,0,0,0,0,0
11,64,0,0,0,0,0,0,0,0,0,0,0,0,0,0,0,0,0,0,0
11,65,0,0,0,0,0,0,0,0,0,0,0,0,0,0,0,0,0,0,0
11,66,0,0,0,0,0,0,0,0,0,0,0,0,0,0,0,0,0,0,0
11,67,0,0,0,0,0,0,0,0,0,0,0,0,0,0,0,0,0,0,0
11,68,0,0,0,0,0,0,0,0,0,0,0,0,0,0,0,0,0,0,0
11,69,0,0,0,0,0,0,0,0,0,0,0,0,0,0,0,0,0,0,0
11,70,0,0,0,0,0,0,0,0,0,0,0,0,0,0,0,0,0,0,0
11,71,0,0,0,0,0,0,0,0,0,0,0,0,0,0,0,0,0,0,0
11,72,0,0,0,0,0,0,0,0,0,0,0,0,0,0,0,0,0,0,0
11,73,0,0,0,0,0,0,0,0,0,0,0,0,0,0,0,0,0,0,0
11,74,0,0,0,0,0,0,0,0,0,0,0,0,0,0,0,0,0,0,0
11,75,0,0,0,0,0,0,0,0,0,0,0,0,0,0,0,0,0,0,0
11,76,0,0,0,0,0,0,0,0,0,0,0,0,0,0,0,0,0,0,0
11,77,0,0,0,0,0,0,0,0,0,0,0,0,0,0,0,0,0,0,0
11,78,0,0,0,0,0,0,0,0,0,0,0,0,0,0,0,0,0,0,0
11,79,0,0,0,0,0,0,0,0,0,0,0,0,0,0,0,0,0,0,0
11,80,0,0,0,0,0,0,0,0,0,0,0,0,0,0,0,0,0,0,0
11,81,0,0,0,0,0,0,0,0,0,0,0,0,0,0,0,0,0,0,0
11,82,0,0,0,0,0,0,0,0,0,0,0,0,0,0,0,0,0,0,0
11,83,0,0,0,0,0,0,0,0,0,0,0,0,0,0,0,0,0,0,0
12,1,1,0.87364858,1,0.87364858,0.87364858,0.87364858,1,1,0.30779883,0.30779883,0.30779883,0.60000002,0.30779883,0.30779883,0.30779883,0.30779883,0.30779883,0.30779883,0
12,2,0,0,0,0,0,0,0,0,0.03491686,0.03491686,0.03491686,0,0.03491686,0.03491686,0.03491686,0.03491686,0.03491686,0.03491686,0
12,3,0,0,0,0,0,0,0,0,0.05,0.05,0.05,0,0.05,0.05,0.05,0.05,0.05,0.05,0
12,4,0,0,0,0,0,0,0,0,0,0,0,0,0,0,0,0,0,0,0
12,5,0,0,0,0,0,0,0,0,0,0,0,0,0,0,0,0,0,0,0
12,6,0,0,0,0,0,0,0,0,0,0,0,0,0,0,0,0,0,0,0
12,7,0,0,0,0,0,0,0,0,0,0,0,0,0,0,0,0,0,0,0
12,8,0.78704715,0,0.78704715,0,0,0,0,0,0.69999999,0,0.69999999,0,0.69999999,0,0.69999999,0.69999999,0,0.69999999,0
12,9,0,0,0,0,0,0,0,0,0.05,0,0.05,0,0.05,0,0.05,0.05,0,0.05,0
12,10,0,0,0,0,0,0,0,0,0,0,0,0,0,0,0,0,0,0,0
12,11,0,0,0,0,0,0,0,0,0,0,0,0,0,0,0,0,0,0,0
12,12,0,0,0,0,0,0,0,0,0,0,0,0,0,0,0,0,0,0,0
12,13,0,0,0,0,0,0,0,0,0,0,0,0,0,0,0,0,0,0,0
12,14,0,0,0,0,0,0,0,0,0,0,0,0,0,0,0,0,0,0,0
12,15,0,0,0,0,0,0,0,0,0,0,0,0,0,0,0,0,0,0,0
12,16,0,0,0,0,0,0,0,0,0,0,0,0,0,0,0,0,0,0,0
12,17,0,0,0,0,0,0,0,0,0,0,0,0,0,0,0,0,0,0,0
12,18,0,0,0,0,0,0,0,0,0,0,0,0,0,0,0,0,0,0,0
12,19,0,0,0,0,0,0,0,0,0,0,0,0,0,0,0,0,0,0,0
12,20,0,0,0,0,0,0,0,0,0,0,0,0,0,0,0,0,0,0,0
12,21,0,0,0,0,0,0,0,0,0,0,0,0,0,0,0,0,0,0,0
12,22,0,0,0,0,0,0,0,0,0,0,0,0,0,0,0,0,0,0,0
12,23,0,0,0,0,0,0,0,0,0,0,0,0,0,0,0,0,0,0,0
12,24,0,0,0,0,0,0,0,0,0,0,0,0,0,0,0,0,0,0,0
12,25,0,0,0,0,0,0,0,0,0,0,0,0,0,0,0,0,0,0,0
12,26,0,0,0,0,0,0,0,0,0,0,0,0,0,0,0,0,0,0,0
12,27,0,0,0,0,0,0,0,0,0,0,0,0,0,0,0,0,0,0,0
12,28,0,0,0,0,0,0,0,0,0,0,0,0,0,0,0,0,0,0,0
12,29,0,0,0,0,0,0,0,0,0,0,0,0,0,0,0,0,0,0,0
12,30,0,0,0,0,0,0,0,0,0,0,0,0,0,0,0,0,0,0,0
12,31,0,0,0,0,0,0,0,0,0,0,0,0,0,0,0,0,0,0,0
12,32,0,0,0,0,0,0,0,0,0,0,0,0,0,0,0,0,0,0,0
12,33,0,0,0,0,0,0,0,0,0,0,0,0,0,0,0,0,0,0,0
12,34,0,0,0,0,0,0,0,0,0,0,0,0,0,0,0,0,0,0,0
12,35,0,0,0,0,0,0,0,0,0,0,0,0,0,0,0,0,0,0,0
12,36,0,0,0,0,0,0,0,0,0,0,0,0,0,0,0,0,0,0,0
12,37,0,0,0,0,0,0,0,0,0,0,0,0,0,0,0,0,0,0,0
12,38,0,0,0,0,0,0,0,0,0,0,0,0,0,0,0,0,0,0,0
12,39,0,0,0,0,0,0,0,0,0,0,0,0,0,0,0,0,0,0,0
12,40,0,0,0,0,0,0,0,0,0,0,0,0,0,0,0,0,0,0,0
12,41,0,0,0,0,0,0,0,0,0,0,0,0,0,0,0,0,0,0,0
12,42,0,0,0,0,0,0,0,0,0,0,0,0,0,0,0,0,0,0,0
12,43,0,0,0,0,0,0,0,0,0,0,0,0,0,0,0,0,0,0,0
12,44,0.84834242,0.84834242,0.84834242,0.84834242,0.84834242,0.84834242,0.84834242,0.84834242,0.78704715,0.78704715,0.78704715,0.78704715,0.78704715,0.78704715,0.78704715,0.78704715,0.78704715,0.78704715,0
12,45,0.43165877,0.39034608,0.64565355,0.63978916,0.6297254,0.6297254,0.64565355,0.64565355,0,0,0,0.0421612,0,0,0,0,0,0,0
12,46,0,0,0,0,0,0,0,0,0,0,0,0,0,0,0,0,0,0,0
12,47,0,0,0,0,0,0,0,0,0,0,0,0,0,0,0,0,0,0,0
12,48,0,0,0,0,0,0,0.18899977,0.20603317,0,0,0,0,0,0,0,0,0,0,0
12,49,0,0.56183726,0,0.56183726,0.56183726,0.56183726,0.56183726,0.56183726,0,0,0,0.05870556,0,0,0,0,0,0,0
12,50,0,0,0,0,0,0,0,0,0,0,0,0,0,0,0,0,0,0,0
12,51,0,0,0,0,0,0,0,0,0,0,0,0,0,0,0,0,0,0,0
12,52,0,0,0,0,0,0,0,0,0,0,0,0,0,0,0,0,0,0,0
12,53,0,0,0,0,0,0,0,0,0,0,0,0,0,0,0,0,0,0,0
12,54,0,0,0,0,0,0,0,0,0,0,0,0,0,0,0,0,0,0,0
12,55,0,0,0,0,0,0,0,0,0,0,0,0,0,0,0,0,0,0,0
12,56,0,0,0,0,0,0,0,0,0,0,0,0,0,0,0,0,0,0,0
12,57,0,0,0,0,0,0,0,0,0,0,0,0,0,0,0,0,0,0,0
12,58,0,0,0,0,0,0,0,0,0,0,0,0,0,0,0,0,0,0,0
12,59,0,0,0,0,0,0,0,0,0,0,0,0,0,0,0,0,0,0,0
12,60,0,0,0,0,0,0,0,0,0,0,0,0,0,0,0,0,0,0,0
12,61,0,0,0,0,0,0,0,0,0,0,0,0,0,0,0,0,0,0,0
12,62,0,0,0,0,0,0,0,0,0,0,0,0,0,0,0,0,0,0,0
12,63,0,0,0,0,0,0,0,0,0,0,0,0,0,0,0,0,0,0,0
12,64,0,0,0,0,0,0,0,0,0,0,0,0,0,0,0,0,0,0,0
12,65,0,0,0,0,0,0,0,0,0,0,0,0,0,0,0,0,0,0,0
12,66,0,0,0,0,0,0,0,0,0,0,0,0,0,0,0,0,0,0,0
12,67,0,0,0,0,0,0,0,0,0,0,0,0,0,0,0,0,0,0,0
12,68,0,0,0,0,0,0,0,0,0,0,0,0,0,0,0,0,0,0,0
12,69,0,0,0,0,0,0,0,0,0,0,0,0,0,0,0,0,0,0,0
12,70,0,0,0,0,0,0,0,0,0,0,0,0,0,0,0,0,0,0,0
12,71,0,0,0,0,0,0,0,0,0,0,0,0,0,0,0,0,0,0,0
12,72,0,0,0,0,0,0,0,0,0,0,0,0,0,0,0,0,0,0,0
12,73,0,0,0,0,0,0,0,0,0,0,0,0,0,0,0,0,0,0,0
12,74,0,0,0,0,0,0,0,0,0,0,0,0,0,0,0,0,0,0,0
12,75,0,0,0,0,0,0,0,0,0,0,0,0,0,0,0,0,0,0,0
12,76,0,0,0,0,0,0,0,0,0,0,0,0,0,0,0,0,0,0,0
12,77,0,0,0,0,0,0,0,0,0,0,0,0,0,0,0,0,0,0,0
12,78,0,0,0,0,0,0,0,0,0,0,0,0,0,0,0,0,0,0,0
12,79,0,0,0,0,0,0,0,0,0,0,0,0,0,0,0,0,0,0,0
12,80,0,0,0,0,0,0,0,0,0,0,0,0,0,0,0,0,0,0,0
12,81,0,0,0,0,0,0,0,0,0,0,0,0,0,0,0,0,0,0,0
12,82,0,0,0,0,0,0,0,0,0,0,0,0,0,0,0,0,0,0,0
12,83,0,0,0,0,0,0,0,0,0,0,0,0,0,0,0,0,0,0,0
