Class,Powertrain,Vintage,1995 ,1996 ,1997 ,1998 ,1999 ,2000 ,2001 ,2002 ,2003 ,2004 ,2005 ,2006 ,2007 ,2008 ,2009 ,2010 ,2011 
1,1,1 ,166916 ,200583 ,250504 ,80038 ,262883 ,231134 ,289211 ,262601 ,282691 ,318424 ,275781 ,345896 ,209051 ,216847 ,63869 ,59334 ,157967.592
1,1,2 ,160623 ,181805 ,194192 ,271921 ,80183 ,270347 ,209551 ,273777 ,248506 ,277982 ,320100 ,293124 ,342209 ,206096 ,213945 ,62916 ,58534
1,1,3 ,174200 ,178676 ,179760 ,215283 ,278216 ,84216 ,278135 ,225103 ,293999 ,277300 ,317107 ,386085 ,329084 ,382841 ,230743 ,239157 ,70433
1,1,4 ,122164 ,169934 ,154927 ,174762 ,193162 ,256251 ,75980 ,262011 ,211984 ,287696 ,277404 ,335410 ,380111 ,322854 ,375880 ,226195 ,234786
1,1,5 ,101034 ,119340 ,147555 ,150832 ,157026 ,178164 ,231519 ,71677 ,247090 ,207732 ,288211 ,293830 ,330687 ,373443 ,317432 ,368992 ,222375
1,1,6 ,88369 ,98884 ,103819 ,143924 ,135779 ,145105 ,161270 ,218815 ,67722 ,242588 ,208494 ,305849 ,290236 ,325495 ,367859 ,312199 ,363440
1,1,7 ,82179 ,86251 ,85786 ,100986 ,129205 ,125126 ,130985 ,152002 ,206174 ,66305 ,242809 ,220646 ,301278 ,284894 ,319748 ,360801 ,306657
1,1,8 ,60292 ,80137 ,74760 ,83371 ,90576 ,118961 ,112849 ,123347 ,143092 ,201680 ,66306 ,256731 ,217154 ,295467 ,279613 ,313331 ,354079
1,1,9 ,52331 ,58650 ,69290 ,72477 ,74594 ,83191 ,107026 ,106008 ,115832 ,139630 ,201188 ,69936 ,252047 ,212443 ,289279 ,273330 ,306740
1,1,10 ,108992 ,50782 ,50589 ,67011 ,64690 ,68346 ,74663 ,100295 ,99309 ,112757 ,138953 ,211689 ,68494 ,245984 ,207491 ,282095 ,266933
1,1,11 ,85605 ,105600 ,43733 ,48848 ,59717 ,59178 ,61243 ,69857 ,93808 ,96519 ,112032 ,145974 ,206997 ,66741 ,239870 ,202019 ,275058
1,1,12 ,79765 ,82905 ,90903 ,42210 ,43512 ,54605 ,53005 ,57276 ,65311 ,91134 ,95858 ,117642 ,142678 ,201611 ,65054 ,233443 ,196894
1,1,13 ,52898 ,77274 ,71389 ,87764 ,37611 ,39800 ,48925 ,49587 ,53565 ,63469 ,90538 ,100690 ,115022 ,139009 ,196577 ,63331 ,227593
1,1,14 ,41169 ,51150 ,66416 ,68795 ,78056 ,34338 ,35593 ,45685 ,46288 ,51957 ,62936 ,94924 ,98263 ,111855 ,135285 ,191014 ,61628
1,1,15 ,20084 ,39576 ,43706 ,63629 ,60828 ,70847 ,30529 ,33042 ,42396 ,44636 ,51220 ,65600 ,92095 ,95000 ,108223 ,130689 ,184793
1,1,16 ,41266 ,19189 ,33610 ,41616 ,55917 ,54873 ,62604 ,28168 ,30476 ,40634 ,43735 ,53062 ,63256 ,88493 ,91354 ,103908 ,125661
1,1,17 ,3649 ,39010 ,16123 ,31664 ,36185 ,49909 ,47975 ,57150 ,25706 ,28900 ,39391 ,44827 ,50625 ,60138 ,84196 ,86782 ,98852
1,1,18 ,3481 ,3482 ,33091 ,15335 ,27795 ,32605 ,44052 ,44214 ,52653 ,24609 ,28284 ,40761 ,43177 ,48589 ,57765 ,80746 ,83348
1,1,19 ,3306 ,3307 ,2941 ,31331 ,13400 ,24932 ,28649 ,40414 ,40550 ,50178 ,23975 ,29135 ,39083 ,41253 ,46460 ,55147 ,77200
1,1,20 ,3101 ,3102 ,2758 ,2749 ,27036 ,11870 ,21633 ,25955 ,36602 ,38162 ,48276 ,24388 ,27586 ,36875 ,38953 ,43801 ,52067
1,1,21 ,2870 ,2871 ,2553 ,2545 ,2341 ,23633 ,10164 ,19341 ,23198 ,33994 ,36232 ,48462 ,22789 ,25686 ,34361 ,36241 ,40811
1,1,22 ,2645 ,2645 ,2352 ,2345 ,2157 ,2037 ,20145 ,9046 ,17208 ,21447 ,32129 ,36208 ,45079 ,21123 ,23827 ,31825 ,33615
1,1,23 ,2433 ,2434 ,2164 ,2157 ,1985 ,1875 ,1734 ,17905 ,8037 ,15888 ,20243 ,32063 ,33633 ,41726 ,19567 ,22037 ,29477
1,1,24 ,2225 ,2225 ,1979 ,1972 ,1815 ,1714 ,1586 ,1532 ,15807 ,7373 ,14900 ,20072 ,29593 ,30933 ,38405 ,17982 ,20282
1,1,25 ,2022 ,2023 ,1799 ,1793 ,1650 ,1558 ,1441 ,1392 ,1344 ,14417 ,6875 ,14689 ,18419 ,27061 ,28308 ,35091 ,16454
1,1,26 ,1830 ,1831 ,1628 ,1623 ,1493 ,1410 ,1304 ,1260 ,1217 ,1221 ,13384 ,6748 ,13420 ,16769 ,24655 ,25751 ,31968
1,1,27 ,1642 ,1642 ,1460 ,1456 ,1339 ,1265 ,1170 ,1130 ,1091 ,1095 ,1123 ,13023 ,6112 ,12112 ,15146 ,22234 ,23256
1,1,28 ,1492 ,1492 ,1327 ,1322 ,1217 ,1149 ,1063 ,1027 ,992 ,995 ,1021 ,1107 ,11943 ,5585 ,11077 ,13831 ,20333
1,1,29 ,2318 ,1371 ,1219 ,1215 ,1118 ,1056 ,977 ,944 ,911 ,914 ,938 ,1017 ,1027 ,11042 ,5168 ,10233 ,12795
1,1,30 ,1879 ,2089 ,1098 ,1094 ,1007 ,951 ,880 ,850 ,821 ,823 ,845 ,916 ,925 ,930 ,10011 ,4678 ,9277
1,1,31 ,1533 ,1704 ,1683 ,992 ,913 ,862 ,798 ,770 ,744 ,746 ,766 ,830 ,838 ,843 ,849 ,9122 ,4269
1,1,32 ,1236 ,1373 ,1357 ,1503 ,817 ,772 ,714 ,690 ,666 ,668 ,686 ,744 ,751 ,755 ,760 ,764 ,8223
1,1,33 ,998 ,1110 ,1096 ,1214 ,1241 ,693 ,641 ,619 ,598 ,600 ,616 ,668 ,674 ,678 ,683 ,686 ,691
1,1,34 ,5099 ,5667 ,5598 ,6201 ,6339 ,6652 ,6154 ,5944 ,5740 ,5760 ,5908 ,6408 ,6469 ,6508 ,6552 ,6586 ,6629
1,2,1 ,360333 ,326936 ,428919 ,332988 ,500499 ,506526 ,497911 ,439832 ,514011 ,483379 ,397880 ,412317 ,283944 ,311464 ,178833 ,84032 ,84384 
1,2,2 ,366291 ,354568 ,321021 ,432427 ,330753 ,454840 ,520012 ,509940 ,432259 ,508278 ,479567 ,385012 ,401974 ,276290 ,309628 ,179499 ,90635 
1,2,3 ,264918 ,360430 ,348152 ,323647 ,429524 ,300580 ,466950 ,532576 ,501160 ,427437 ,504269 ,464058 ,375354 ,391139 ,274662 ,310782 ,193603 
1,2,4 ,258342 ,260271 ,353355 ,350450 ,320970 ,389729 ,308099 ,477483 ,522586 ,494794 ,423402 ,487197 ,451708 ,364664 ,388224 ,275254 ,334676 
1,2,5 ,235684 ,253972 ,255324 ,355914 ,347774 ,291419 ,399734 ,315250 ,468826 ,516277 ,490436 ,409329 ,474534 ,439124 ,362179 ,389310 ,296606 
1,2,6 ,311218 ,231819 ,249277 ,257309 ,353382 ,315921 ,299057 ,409227 ,309697 ,463410 ,511999 ,474384 ,398900 ,461557 ,436360 ,363382 ,419730 
1,2,7 ,373000 ,305573 ,227130 ,250770 ,255026 ,320447 ,323627 ,305617 ,401307 ,305577 ,458756 ,494365 ,461479 ,387304 ,457840 ,437034 ,391083 
1,2,8 ,328330 ,365741 ,298989 ,228183 ,248210 ,230946 ,327822 ,330281 ,299299 ,395435 ,302101 ,442358 ,480268 ,447460 ,383667 ,457929 ,469716 
1,2,9 ,216672 ,321991 ,357917 ,300421 ,225889 ,224809 ,236298 ,334613 ,323503 ,294965 ,390998 ,291348 ,429812 ,465752 ,443328 ,383802 ,492251 
1,2,10 ,273572 ,212225 ,314710 ,359184 ,297031 ,204338 ,229732 ,240894 ,327339 ,318423 ,291293 ,376612 ,282733 ,416302 ,460876 ,442933 ,412055 
1,2,11 ,255468 ,266751 ,206493 ,314404 ,353533 ,267483 ,207873 ,233146 ,234597 ,320749 ,313043 ,279313 ,363831 ,272614 ,410091 ,458394 ,473398 
1,2,12 ,225607 ,248427 ,258847 ,205735 ,308623 ,317507 ,271378 ,210394 ,226440 ,229254 ,314480 ,299359 ,269106 ,349863 ,267823 ,406782 ,488602 
1,2,13 ,156411 ,218432 ,240014 ,256772 ,201072 ,275963 ,320724 ,273470 ,203450 ,220317 ,223792 ,299421 ,287162 ,257646 ,342215 ,264503 ,431697 
1,2,14 ,137744 ,150835 ,210197 ,237145 ,249955 ,179080 ,277653 ,321914 ,263395 ,197163 ,214215 ,212230 ,286081 ,273842 ,251013 ,336631 ,279589 
1,2,15 ,148432 ,131993 ,144230 ,206370 ,229388 ,221208 ,179036 ,276919 ,308091 ,253640 ,190489 ,201862 ,201491 ,271084 ,265103 ,245355 ,353579 
1,2,16 ,155509 ,141642 ,125686 ,141013 ,198787 ,202160 ,220232 ,177818 ,263924 ,295444 ,244033 ,178756 ,190849 ,190133 ,261340 ,258047 ,256633 
1,2,17 ,171056 ,147985 ,134502 ,122544 ,135457 ,174707 ,200712 ,218130 ,169006 ,252391 ,283468 ,228369 ,168536 ,179593 ,182792 ,253681 ,269163 
1,2,18 ,160539 ,161481 ,139404 ,130093 ,116776 ,118098 ,172072 ,197210 ,205664 ,160330 ,240227 ,263156 ,213595 ,157331 ,171281 ,176019 ,262497 
1,2,19 ,149932 ,150812 ,151374 ,134175 ,123364 ,101314 ,115749 ,168243 ,185032 ,194155 ,151858 ,221924 ,244929 ,198419 ,149316 ,164128 ,181246 
1,2,20 ,139289 ,140107 ,140629 ,144930 ,126566 ,106467 ,98776 ,112578 ,157024 ,173758 ,182927 ,139550 ,205466 ,226330 ,187321 ,142328 ,168114 
1,2,21 ,128779 ,129535 ,130018 ,133994 ,136053 ,108704 ,103300 ,95608 ,104565 ,146746 ,162922 ,167292 ,128579 ,188950 ,212642 ,177695 ,145082 
1,2,22 ,117984 ,118677 ,119119 ,122762 ,124648 ,115794 ,104516 ,99081 ,87998 ,96836 ,136349 ,147647 ,152745 ,117173 ,175916 ,199889 ,179494 
1,2,23 ,107708 ,108340 ,108744 ,112070 ,113792 ,105709 ,110935 ,99890 ,90870 ,81203 ,89654 ,123125 ,134327 ,138698 ,108700 ,164775 ,201191 
1,2,24 ,99147 ,99728 ,100100 ,103162 ,104746 ,97306 ,102117 ,106908 ,92374 ,84552 ,75807 ,81633 ,112950 ,122990 ,129741 ,102664 ,167230 
1,2,25 ,90100 ,90629 ,90966 ,93749 ,95189 ,88427 ,92799 ,97153 ,97602 ,84854 ,77925 ,68143 ,73931 ,102097 ,113578 ,120972 ,102864 
1,2,26 ,81187 ,81663 ,81968 ,84474 ,85772 ,79680 ,83619 ,87542 ,87947 ,88899 ,77543 ,69455 ,61192 ,66262 ,93487 ,105007 ,120182 
1,2,27 ,73519 ,73950 ,74226 ,76496 ,77671 ,72154 ,75721 ,79274 ,79641 ,80503 ,81643 ,69458 ,62680 ,55118 ,60976 ,86861 ,104840 
1,2,28 ,66593 ,66983 ,67233 ,69289 ,70354 ,65356 ,68588 ,71806 ,72138 ,72918 ,73951 ,73150 ,62699 ,56472 ,50734 ,56669 ,86746 
1,2,29 ,60281 ,60635 ,60861 ,62723 ,63686 ,59162 ,62087 ,65000 ,65301 ,66008 ,66942 ,66217 ,65990 ,56454 ,51948 ,47121 ,56558 
1,2,30 ,54466 ,54786 ,54990 ,56672 ,57542 ,53455 ,56098 ,58730 ,59002 ,59640 ,60484 ,59829 ,59624 ,59307 ,51835 ,48159 ,46941 
1,2,31 ,49325 ,49614 ,49799 ,51322 ,52111 ,48409 ,50802 ,53186 ,53432 ,54010 ,54775 ,54181 ,53996 ,53708 ,54578 ,48164 ,48085 
1,2,32 ,44724 ,44986 ,45154 ,46535 ,47250 ,43894 ,46064 ,48225 ,48448 ,48972 ,49666 ,49127 ,48959 ,48698 ,49487 ,50776 ,48149 
1,2,33 ,40658 ,40896 ,41049 ,42304 ,42954 ,39903 ,41876 ,43840 ,44043 ,44520 ,45150 ,44661 ,44508 ,44271 ,44988 ,46159 ,50892 
1,2,34 ,453802 ,456465 ,458166 ,472179 ,479432 ,445378 ,467397 ,489328 ,491590 ,496909 ,503946 ,498485 ,496780 ,494132 ,502136 ,515208 ,568039 
1,3,1 ,1,0,0,0,0,2,1,0,0,0,0,0,0,0,0,0,0
1,3,2 ,0,1,0,0,0,0,2,1,0,0,0,0,0,0,0,0,0
1,3,3 ,0,0,1,0,0,0,0,2,1,0,0,0,0,0,0,0,0
1,3,4 ,0,0,0,1,0,0,0,0,2,1,0,0,0,0,0,0,0
1,3,5 ,0,0,0,0,1,0,0,0,0,2,2,0,0,0,0,0,0
1,3,6 ,0,0,0,0,0,1,0,0,0,1,3,2,0,0,0,0,0
1,3,7 ,2,0,0,1,0,0,1,1,1,0,1,3,2,0,0,0,0
1,3,8 ,1,2,0,0,1,1,0,1,1,1,0,1,3,2,0,0,0
1,3,9 ,1,1,2,0,0,1,1,0,1,1,1,0,1,3,2,0,0
1,3,10 ,1,1,1,2,0,0,1,1,0,1,1,1,0,1,3,2,0
1,3,11 ,7,1,1,1,3,0,0,1,1,0,1,1,1,0,1,4,2
1,3,12 ,9,7,1,1,1,3,0,0,1,1,0,1,1,1,0,1,4
1,3,13 ,1,9,8,1,1,1,3,0,0,1,1,0,1,1,1,0,1
1,3,14 ,0,1,9,8,1,1,1,3,0,0,1,1,0,1,1,1,0
1,3,15 ,0,0,1,9,8,2,1,1,3,0,0,1,1,0,1,1,1
1,3,16 ,0,0,0,1,9,8,2,1,2,3,0,0,1,1,0,2,1
1,3,17 ,20,0,0,0,1,9,8,2,1,2,3,0,0,1,1,0,2
1,3,18 ,14,20,0,0,0,1,9,8,2,1,2,3,0,0,1,1,0
1,3,19 ,10,14,20,0,0,0,1,9,8,2,1,2,3,0,0,1,1
1,3,20 ,7,10,14,19,0,0,0,1,9,8,2,1,2,3,0,0,1
1,3,21 ,5,7,10,14,19,0,0,0,1,9,8,2,1,2,3,0,0
1,3,22 ,4,5,7,10,13,19,0,0,0,1,9,8,2,1,2,3,0
1,3,23 ,3,4,5,7,9,14,19,0,0,0,1,9,8,2,1,2,3
1,3,24 ,2,2,3,5,7,9,13,19,0,0,0,1,9,8,2,1,2
1,3,25 ,1,2,2,3,5,7,9,13,18,0,0,0,1,9,8,2,1
1,3,26 ,1,1,2,2,3,5,6,9,12,17,0,0,0,1,9,8,2
1,3,27 ,1,1,1,2,2,3,4,6,9,12,17,0,0,0,1,9,9
1,3,28 ,0,1,1,1,2,2,3,4,6,8,12,17,0,0,0,1,10
1,3,29 ,0,0,1,1,1,2,2,3,4,6,8,11,16,0,0,0,1
1,3,30 ,0,0,0,1,1,1,1,2,3,4,6,8,11,16,0,0,0
1,3,31 ,0,0,0,0,1,1,1,1,2,3,4,6,8,11,16,0,0
1,3,32 ,0,0,0,0,0,1,1,1,1,2,3,4,5,8,11,17,0
1,3,33 ,0,0,0,0,0,0,1,1,1,1,2,3,4,5,8,12,18
1,3,34 ,0,0,0,0,0,0,0,0,1,1,1,2,3,4,5,8,13
1,4,1 ,169,262,782,825,1071,809,756,605,481,297,0,0,0,0,0,0,218.9385157
1,4,2 ,489,171,269,794,836,1080,814,760,607,482,297,0,0,0,0,0,0
1,4,3 ,25,495,175,272,803,842,1085,817,761,607,482,297,0,0,0,0,0
1,4,4 ,91,26,508,178,276,809,846,1088,818,761,607,482,297,0,0,0,0
1,4,5 ,0,92,26,515,180,278,813,849,1091,819,761,607,482,298,0,0,0
1,4,6 ,0,0,94,27,521,181,279,815,850,1091,818,760,606,482,298,0,0
1,4,7 ,0,0,0,95,27,523,182,279,815,848,1087,816,758,605,482,298,0
1,4,8 ,0,0,0,0,96,27,525,182,279,813,846,1084,814,757,605,482,300
1,4,9 ,0,0,0,0,0,97,27,524,182,278,810,843,1080,812,756,605,484
1,4,10 ,0,0,0,0,0,0,96,27,521,180,276,803,836,1073,807,753,604
1,4,11 ,0,0,0,0,0,0,0,95,27,516,178,273,794,828,1064,801,750
1,4,12 ,0,0,0,0,0,0,0,0,94,26,508,175,269,783,817,1052,795
1,4,13 ,0,0,0,0,0,0,0,0,0,93,26,498,172,264,770,805,1039
1,4,14 ,0,0,0,0,0,0,0,0,0,0,90,25,486,168,258,754,790
1,4,15 ,0,0,0,0,0,0,0,0,0,0,0,87,24,472,163,251,737
1,4,16 ,0,0,0,0,0,0,0,0,0,0,0,0,85,24,458,159,245
1,4,17 ,0,0,0,0,0,0,0,0,0,0,0,0,0,81,23,441,154
1,4,18 ,0,0,0,0,0,0,0,0,0,0,0,0,0,0,78,22,425
1,4,19 ,0,0,0,0,0,0,0,0,0,0,0,0,0,0,0,74,21
1,4,20 ,0,0,0,0,0,0,0,0,0,0,0,0,0,0,0,0,71
1,4,21 ,0,0,0,0,0,0,0,0,0,0,0,0,0,0,0,0,0
1,4,22 ,0,0,0,0,0,0,0,0,0,0,0,0,0,0,0,0,0
1,4,23 ,0,0,0,0,0,0,0,0,0,0,0,0,0,0,0,0,0
1,4,24 ,0,0,0,0,0,0,0,0,0,0,0,0,0,0,0,0,0
1,4,25 ,0,0,0,0,0,0,0,0,0,0,0,0,0,0,0,0,0
1,4,26 ,0,0,0,0,0,0,0,0,0,0,0,0,0,0,0,0,0
1,4,27 ,0,0,0,0,0,0,0,0,0,0,0,0,0,0,0,0,0
1,4,28 ,0,0,0,0,0,0,0,0,0,0,0,0,0,0,0,0,0
1,4,29 ,0,0,0,0,0,0,0,0,0,0,0,0,0,0,0,0,0
1,4,30 ,0,0,0,0,0,0,0,0,0,0,0,0,0,0,0,0,0
1,4,31 ,0,0,0,0,0,0,0,0,0,0,0,0,0,0,0,0,0
1,4,32 ,0,0,0,0,0,0,0,0,0,0,0,0,0,0,0,0,0
1,4,33 ,0,0,0,0,0,0,0,0,0,0,0,0,0,0,0,0,0
1,4,34 ,0,0,0,0,0,0,0,0,0,0,0,0,0,0,0,0,0
1,5,1 ,0,0,0,0,0,0,0,0,0,0,0,0,1,0,1312,70970,188495
1,5,2 ,0,0,0,0,0,0,0,0,0,0,0,0,0,1,0,1317,71055
1,5,3 ,0,0,0,0,0,0,0,0,0,0,0,0,0,0,2,0,1317
1,5,4 ,0,0,0,0,0,0,0,0,0,0,0,0,0,0,0,2,0
1,5,5 ,0,0,0,0,0,0,0,0,0,0,0,0,0,0,0,0,2
1,5,6 ,0,0,0,0,0,0,0,0,0,0,0,0,0,0,0,0,0
1,5,7 ,0,0,0,0,0,0,0,0,0,0,0,0,0,0,0,0,0
1,5,8 ,0,0,0,0,0,0,0,0,0,0,0,0,0,0,0,0,0
1,5,9 ,0,0,0,0,0,0,0,0,0,0,0,0,0,0,0,0,0
1,5,10 ,0,0,0,0,0,0,0,0,0,0,0,0,0,0,0,0,0
1,5,11 ,0,0,0,0,0,0,0,0,0,0,0,0,0,0,0,0,0
1,5,12 ,0,0,0,0,0,0,0,0,0,0,0,0,0,0,0,0,0
1,5,13 ,0,0,0,0,0,0,0,0,0,0,0,0,0,0,0,0,0
1,5,14 ,0,0,0,0,0,0,0,0,0,0,0,0,0,0,0,0,0
1,5,15 ,0,0,0,0,0,0,0,0,0,0,0,0,0,0,0,0,0
1,5,16 ,0,0,0,0,0,0,0,0,0,0,0,0,0,0,0,0,0
1,5,17 ,0,0,0,0,0,0,0,0,0,0,0,0,0,0,0,0,0
1,5,18 ,0,0,0,0,0,0,0,0,0,0,0,0,0,0,0,0,0
1,5,19 ,0,0,0,0,0,0,0,0,0,0,0,0,0,0,0,0,0
1,5,20 ,0,0,0,0,0,0,0,0,0,0,0,0,0,0,0,0,0
1,5,21 ,0,0,0,0,0,0,0,0,0,0,0,0,0,0,0,0,0
1,5,22 ,0,0,0,0,0,0,0,0,0,0,0,0,0,0,0,0,0
1,5,23 ,0,0,0,0,0,0,0,0,0,0,0,0,0,0,0,0,0
1,5,24 ,0,0,0,0,0,0,0,0,0,0,0,0,0,0,0,0,0
1,5,25 ,0,0,0,0,0,0,0,0,0,0,0,0,0,0,0,0,0
1,5,26 ,0,0,0,0,0,0,0,0,0,0,0,0,0,0,0,0,0
1,5,27 ,0,0,0,0,0,0,0,0,0,0,0,0,0,0,0,0,0
1,5,28 ,0,0,0,0,0,0,0,0,0,0,0,0,0,0,0,0,0
1,5,29 ,0,0,0,0,0,0,0,0,0,0,0,0,1,0,0,0,0
1,5,30 ,0,0,0,0,0,0,0,0,0,0,0,0,0,1,0,0,0
1,5,31 ,0,0,0,0,0,0,0,0,0,0,0,0,0,0,4,0,0
1,5,32 ,0,0,0,0,0,0,0,0,0,0,0,0,0,0,0,3,0
1,5,33 ,0,0,0,0,0,0,0,0,0,0,0,0,0,0,0,0,3
1,5,34 ,0,0,0,0,0,0,0,0,0,0,0,0,0,0,0,0,0
1,6,1 ,0,0,0,0,0,0,0,0,0,0,0,0,0,0,0,0,0
1,6,2 ,0,0,0,0,0,0,0,0,0,0,0,0,0,0,0,0,0
1,6,3 ,0,0,0,0,0,0,0,0,0,0,0,0,0,0,0,0,0
1,6,4 ,0,0,0,0,0,0,0,0,0,0,0,0,0,0,0,0,0
1,6,5 ,0,0,0,0,0,0,0,0,0,0,0,0,0,0,0,0,0
1,6,6 ,0,0,0,0,0,0,0,0,0,0,0,0,0,0,0,0,0
1,6,7 ,0,0,0,0,0,0,0,0,0,0,0,0,0,0,0,0,0
1,6,8 ,0,0,0,0,0,0,0,0,0,0,0,0,0,0,0,0,0
1,6,9 ,0,0,0,0,0,0,0,0,0,0,0,0,0,0,0,0,0
1,6,10 ,0,0,0,0,0,0,0,0,0,0,0,0,0,0,0,0,0
1,6,11 ,0,0,0,0,0,0,0,0,0,0,0,0,0,0,0,0,0
1,6,12 ,0,0,0,0,0,0,0,0,0,0,0,0,0,0,0,0,0
1,6,13 ,0,0,0,0,0,0,0,0,0,0,0,0,0,0,0,0,0
1,6,14 ,0,0,0,0,0,0,0,0,0,0,0,0,0,0,0,0,0
1,6,15 ,0,0,0,0,0,0,0,0,0,0,0,0,0,0,0,0,0
1,6,16 ,0,0,0,0,0,0,0,0,0,0,0,0,0,0,0,0,0
1,6,17 ,0,0,0,0,0,0,0,0,0,0,0,0,0,0,0,0,0
1,6,18 ,0,0,0,0,0,0,0,0,0,0,0,0,0,0,0,0,0
1,6,19 ,0,0,0,0,0,0,0,0,0,0,0,0,0,0,0,0,0
1,6,20 ,0,0,0,0,0,0,0,0,0,0,0,0,0,0,0,0,0
1,6,21 ,0,0,0,0,0,0,0,0,0,0,0,0,0,0,0,0,0
1,6,22 ,0,0,0,0,0,0,0,0,0,0,0,0,0,0,0,0,0
1,6,23 ,0,0,0,0,0,0,0,0,0,0,0,0,0,0,0,0,0
1,6,24 ,0,0,0,0,0,0,0,0,0,0,0,0,0,0,0,0,0
1,6,25 ,0,0,0,0,0,0,0,0,0,0,0,0,0,0,0,0,0
1,6,26 ,0,0,0,0,0,0,0,0,0,0,0,0,0,0,0,0,0
1,6,27 ,0,0,0,0,0,0,0,0,0,0,0,0,0,0,0,0,0
1,6,28 ,0,0,0,0,0,0,0,0,0,0,0,0,0,0,0,0,0
1,6,29 ,0,0,0,0,0,0,0,0,0,0,0,0,0,0,0,0,0
1,6,30 ,0,0,0,0,0,0,0,0,0,0,0,0,0,0,0,0,0
1,6,31 ,0,0,0,0,0,0,0,0,0,0,0,0,0,0,0,0,0
1,6,32 ,0,0,0,0,0,0,0,0,0,0,0,0,0,0,0,0,0
1,6,33 ,0,0,0,0,0,0,0,0,0,0,0,0,0,0,0,0,0
1,6,34 ,0,0,0,0,0,0,0,0,0,0,0,0,0,0,0,0,0
2,1,1 ,37845 ,37290 ,48857 ,35917 ,110171 ,85432 ,107241 ,90949 ,97025 ,96245 ,144577 ,181585 ,126920 ,149246 ,45781 ,43336 ,121562
2,1,2 ,33089 ,37845 ,37290 ,48857 ,35917 ,110171 ,85432 ,107241 ,90949 ,97025 ,96245 ,144577 ,181585 ,126920 ,149246 ,45781 ,43336
2,1,3 ,26571 ,33089 ,37845 ,37290 ,48857 ,35917 ,110171 ,85432 ,107241 ,90949 ,97025 ,96245 ,144577 ,181585 ,126920 ,149246 ,45781
2,1,4 ,20877 ,26571 ,33089 ,37845 ,37290 ,48857 ,35917 ,110171 ,85432 ,107241 ,90949 ,97025 ,96245 ,144577 ,181585 ,126920 ,149246
2,1,5 ,18333 ,20835 ,26517 ,33022 ,37768 ,37215 ,48759 ,35844 ,109949 ,85259 ,107024 ,90765 ,96830 ,96051 ,144285 ,181218 ,126664
2,1,6 ,25654 ,18264 ,20756 ,26417 ,32897 ,37626 ,37075 ,48575 ,35709 ,109534 ,84938 ,106621 ,90423 ,96465 ,95689 ,143741 ,180535
2,1,7 ,19426 ,25521 ,18169 ,20649 ,26281 ,32727 ,37431 ,36883 ,48324 ,35525 ,108968 ,84499 ,106070 ,89956 ,95966 ,95194 ,142998
2,1,8 ,11450 ,19295 ,25349 ,18047 ,20509 ,26103 ,32507 ,37179 ,36634 ,47998 ,35285 ,108233 ,83929 ,105354 ,89349 ,95318 ,94552
2,1,9 ,10585 ,11352 ,19130 ,25133 ,17893 ,20334 ,25880 ,32229 ,36862 ,36322 ,47588 ,34984 ,107309 ,83213 ,104455 ,88587 ,94505
2,1,10 ,10521 ,10474 ,11232 ,18928 ,24868 ,17704 ,20120 ,25608 ,31889 ,36473 ,35939 ,47087 ,34615 ,106178 ,82335 ,103354 ,87653
2,1,11 ,4304 ,10387 ,10340 ,11089 ,18686 ,24550 ,17478 ,19863 ,25280 ,31482 ,36007 ,35479 ,46485 ,34172 ,104820 ,81283 ,102032
2,1,12 ,3143 ,4238 ,10228 ,10182 ,10919 ,18401 ,24175 ,17211 ,19560 ,24894 ,31001 ,35457 ,34938 ,45775 ,33651 ,103221 ,80042
2,1,13 ,2508 ,3087 ,4162 ,10045 ,9999 ,10723 ,18071 ,23741 ,16902 ,19209 ,24447 ,30445 ,34820 ,34310 ,44953 ,33047 ,101367
2,1,14 ,1279 ,2456 ,3023 ,4075 ,9836 ,9791 ,10500 ,17695 ,23247 ,16550 ,18809 ,23939 ,29811 ,34096 ,33596 ,44018 ,32359
2,1,15 ,11 ,1249 ,2397 ,2951 ,3978 ,9602 ,9559 ,10251 ,17274 ,22695 ,16157 ,18362 ,23370 ,29103 ,33286 ,32798 ,42972
2,1,16 ,574 ,11 ,1215 ,2333 ,2872 ,3872 ,9345 ,9303 ,9977 ,16812 ,22088 ,15725 ,17871 ,22745 ,28325 ,32396 ,31921
2,1,17 ,3498 ,556 ,10 ,1179 ,2264 ,2787 ,3757 ,9068 ,9028 ,9681 ,16315 ,21434 ,15259 ,17342 ,22072 ,27486 ,31436
2,1,18 ,4243 ,3377 ,537 ,10 ,1141 ,2191 ,2697 ,3636 ,8775 ,8736 ,9369 ,15788 ,20742 ,14766 ,16782 ,21359 ,26598
2,1,19 ,5728 ,4087 ,3253 ,517 ,10 ,1102 ,2115 ,2603 ,3510 ,8471 ,8433 ,9043 ,15240 ,20022 ,14254 ,16199 ,20617
2,1,20 ,3532 ,5509 ,3930 ,3128 ,497 ,9 ,1061 ,2037 ,2508 ,3381 ,8160 ,8123 ,8711 ,14680 ,19286 ,13730 ,15604
2,1,21 ,1014 ,3392 ,5291 ,3775 ,3005 ,477 ,9 ,1021 ,1959 ,2412 ,3251 ,7847 ,7812 ,8377 ,14117 ,18547 ,13204
2,1,22 ,511 ,974 ,3256 ,5079 ,3624 ,2884 ,458 ,9 ,980 ,1882 ,2316 ,3123 ,7537 ,7503 ,8047 ,13560 ,17815
2,1,23 ,2459 ,490 ,935 ,3126 ,4875 ,3478 ,2768 ,440 ,8 ,941 ,1806 ,2224 ,2998 ,7235 ,7203 ,7724 ,13016
2,1,24 ,1701 ,2361 ,471 ,897 ,3001 ,4681 ,3339 ,2658 ,422 ,8 ,903 ,1734 ,2134 ,2877 ,6944 ,6913 ,7414
2,1,25 ,164 ,1634 ,2268 ,452 ,862 ,2884 ,4498 ,3209 ,2554 ,406 ,8 ,867 ,1665 ,2049 ,2763 ,6667 ,6637
2,1,26 ,131 ,158 ,1572 ,2182 ,435 ,830 ,2774 ,4327 ,3087 ,2457 ,390 ,7 ,833 ,1600 ,1969 ,2655 ,6407
2,1,27 ,132 ,126 ,152 ,1515 ,2103 ,419 ,799 ,2673 ,4170 ,2975 ,2368 ,376 ,7 ,802 ,1539 ,1894 ,2554
2,1,28 ,92 ,127 ,122 ,147 ,1463 ,2030 ,405 ,772 ,2580 ,4025 ,2871 ,2285 ,363 ,7 ,772 ,1483 ,1825
2,1,29 ,40 ,89 ,122 ,117 ,141 ,1409 ,1956 ,390 ,743 ,2486 ,3878 ,2766 ,2202 ,350 ,7 ,746 ,1431
2,1,30 ,30 ,38 ,86 ,119 ,114 ,137 ,1365 ,1895 ,378 ,720 ,2409 ,3757 ,2680 ,2133 ,339 ,6 ,718
2,1,31 ,20 ,29 ,37 ,84 ,115 ,110 ,133 ,1325 ,1839 ,367 ,699 ,2338 ,3646 ,2601 ,2070 ,329 ,6
2,1,32 ,15 ,19 ,28 ,36 ,81 ,112 ,107 ,129 ,1288 ,1788 ,356 ,680 ,2273 ,3545 ,2529 ,2013 ,320
2,1,33 ,11 ,15 ,19 ,27 ,35 ,79 ,109 ,104 ,126 ,1254 ,1740 ,347 ,661 ,2212 ,3451 ,2462 ,1959
2,1,34 ,7 ,12 ,17 ,22 ,23 ,35 ,46 ,58 ,70 ,82 ,93 ,105 ,117 ,128 ,140 ,152 ,163
2,2,1 ,36882 ,28355 ,40364 ,29352 ,51185 ,47825 ,54629 ,42086 ,42223 ,50843 ,52184 ,51807 ,35430 ,55780 ,32140 ,24071 ,47212 
2,2,2 ,29328 ,36882 ,28355 ,40364 ,29352 ,51185 ,47825 ,54629 ,42086 ,42223 ,50843 ,52184 ,51807 ,35430 ,55780 ,32140 ,24071 
2,2,3 ,18314 ,29328 ,36882 ,28355 ,40364 ,29352 ,51185 ,47825 ,54629 ,42086 ,42223 ,50843 ,52184 ,51807 ,35430 ,55780 ,32140 
2,2,4 ,13417 ,18314 ,29328 ,36882 ,28355 ,40364 ,29352 ,51185 ,47825 ,54629 ,42086 ,42223 ,50843 ,52184 ,51807 ,35430 ,55780 
2,2,5 ,14159 ,13417 ,18314 ,29328 ,36882 ,28355 ,40364 ,29352 ,51185 ,47825 ,54629 ,42086 ,42223 ,50843 ,52184 ,51807 ,35430 
2,2,6 ,18919 ,14144 ,13403 ,18296 ,29298 ,36845 ,28327 ,40323 ,29323 ,51134 ,47777 ,54575 ,42044 ,42181 ,50792 ,52131 ,51756 
2,2,7 ,19091 ,18881 ,14116 ,13377 ,18259 ,29240 ,36771 ,28270 ,40243 ,29264 ,51032 ,47681 ,54465 ,41960 ,42096 ,50690 ,52027 
2,2,8 ,15946 ,19033 ,18824 ,14074 ,13337 ,18204 ,29152 ,36661 ,28185 ,40122 ,29176 ,50879 ,47538 ,54302 ,41834 ,41970 ,50538 
2,2,9 ,16549 ,15883 ,18957 ,18749 ,14018 ,13283 ,18132 ,29035 ,36514 ,28073 ,39961 ,29060 ,50675 ,47348 ,54085 ,41667 ,41802 
2,2,10 ,30570 ,16467 ,15803 ,18863 ,18655 ,13947 ,13217 ,18041 ,28890 ,36332 ,27932 ,39762 ,28914 ,50422 ,47111 ,53814 ,41459 
2,2,11 ,31612 ,30387 ,16368 ,15708 ,18749 ,18543 ,13864 ,13137 ,17933 ,28717 ,36114 ,27765 ,39523 ,28741 ,50119 ,46829 ,53491 
2,2,12 ,29777 ,31390 ,30174 ,16253 ,15598 ,18618 ,18413 ,13767 ,13046 ,17807 ,28516 ,35861 ,27570 ,39246 ,28540 ,49768 ,46501 
2,2,13 ,17125 ,29539 ,31139 ,29933 ,16123 ,15474 ,18469 ,18266 ,13657 ,12941 ,17665 ,28288 ,35574 ,27350 ,38932 ,28311 ,49370 
2,2,14 ,13517 ,16970 ,29273 ,30859 ,29663 ,15978 ,15334 ,18303 ,18102 ,13534 ,12825 ,17506 ,28033 ,35254 ,27104 ,38582 ,28057 
2,2,15 ,9144 ,13382 ,16801 ,28980 ,30550 ,29367 ,15818 ,15181 ,18120 ,17921 ,13398 ,12696 ,17331 ,27753 ,34901 ,26833 ,38196 
2,2,16 ,3240 ,9043 ,13235 ,16616 ,28661 ,30214 ,29044 ,15644 ,15014 ,17921 ,17724 ,13251 ,12557 ,17140 ,27448 ,34518 ,26537 
2,2,17 ,18281 ,3198 ,8935 ,13076 ,16417 ,28317 ,29852 ,28695 ,15457 ,14834 ,17706 ,17511 ,13092 ,12406 ,16934 ,27118 ,34103 
2,2,18 ,22062 ,18025 ,3153 ,8819 ,12906 ,16203 ,27949 ,29464 ,28322 ,15256 ,14641 ,17475 ,17283 ,12922 ,12245 ,16714 ,26766 
2,2,19 ,29920 ,21731 ,17755 ,3106 ,8695 ,12725 ,15976 ,27558 ,29051 ,27926 ,15042 ,14436 ,17231 ,17041 ,12741 ,12073 ,16480 
2,2,20 ,18590 ,29442 ,21384 ,17471 ,3056 ,8565 ,12534 ,15737 ,27145 ,28615 ,27507 ,14817 ,14220 ,16972 ,16786 ,12550 ,11892 
2,2,21 ,5890 ,18274 ,28941 ,21020 ,17174 ,3004 ,8428 ,12334 ,15485 ,26710 ,28158 ,27067 ,14579 ,13992 ,16701 ,16517 ,12349 
2,2,22 ,2545 ,5784 ,17945 ,28420 ,20642 ,16865 ,2950 ,8284 ,12124 ,15222 ,26256 ,27679 ,26606 ,14332 ,13754 ,16417 ,16236 
2,2,23 ,11955 ,2496 ,5674 ,17604 ,27880 ,20249 ,16544 ,2894 ,8135 ,11906 ,14948 ,25784 ,27181 ,26128 ,14074 ,13507 ,16121 
2,2,24 ,7413 ,11715 ,2446 ,5560 ,17252 ,27323 ,19844 ,16214 ,2836 ,7981 ,11680 ,14664 ,25294 ,26664 ,25631 ,13806 ,13250 
2,2,25 ,647 ,7257 ,11469 ,2395 ,5444 ,16889 ,26749 ,19428 ,15873 ,2777 ,7821 ,11446 ,14370 ,24788 ,26131 ,25118 ,13530 
2,2,26 ,693 ,632 ,7097 ,11217 ,2342 ,5324 ,16518 ,26160 ,19000 ,15524 ,2716 ,7657 ,11206 ,14069 ,24267 ,25582 ,24591 
2,2,27 ,679 ,677 ,618 ,6934 ,10959 ,2288 ,5201 ,16138 ,25559 ,18563 ,15167 ,2653 ,7488 ,10959 ,13759 ,23733 ,25019 
2,2,28 ,486 ,663 ,661 ,603 ,6768 ,10696 ,2233 ,5077 ,15751 ,24945 ,18118 ,14803 ,2589 ,7316 ,10707 ,13443 ,23188 
2,2,29 ,207 ,474 ,646 ,644 ,588 ,6599 ,10429 ,2178 ,4950 ,15357 ,24322 ,17665 ,14433 ,2525 ,7141 ,10450 ,13120 
2,2,30 ,146 ,201 ,462 ,629 ,628 ,573 ,6427 ,10158 ,2121 ,4821 ,14958 ,23689 ,17206 ,14057 ,2459 ,6962 ,10189 
2,2,31 ,100 ,142 ,196 ,449 ,612 ,611 ,557 ,6254 ,9883 ,2064 ,4691 ,14554 ,23050 ,16741 ,13678 ,2393 ,6781 
2,2,32 ,75 ,97 ,138 ,190 ,437 ,595 ,594 ,542 ,6078 ,9607 ,2006 ,4559 ,14146 ,22404 ,16272 ,13295 ,2326 
2,2,33 ,53 ,73 ,94 ,134 ,185 ,424 ,578 ,576 ,526 ,5902 ,9328 ,1948 ,4427 ,13736 ,21755 ,15800 ,12909 
2,2,34 ,33 ,1093 ,2153 ,3213 ,4272 ,5332 ,6392 ,7452 ,8511 ,9571 ,10631 ,11691 ,12750 ,13810 ,14870 ,15930 ,16989 
2,3,1 ,262,0,0,0,0,108,96,0,0,0,0,0,0,0,0,0,0
2,3,2 ,1288,247,0,0,0,0,108,96,0,0,0,0,0,0,0,0,0
2,3,3 ,990,1212,232,0,0,0,0,108,96,0,0,0,0,0,0,0,0
2,3,4 ,809,932,1137,216,0,0,0,0,108,96,0,0,0,0,0,0,0
2,3,5 ,770,762,874,1061,201,0,0,0,0,108,96,0,0,0,0,0,0
2,3,6 ,1139,724,713,815,983,185,0,0,0,0,108,96,0,0,0,0,0
2,3,7 ,1121,1069,678,664,754,905,169,0,0,0,0,107,95,0,0,0,0
2,3,8 ,974,1052,1000,631,615,693,826,153,0,0,0,0,107,95,0,0,0
2,3,9 ,890,913,982,929,583,564,632,747,137,0,0,0,0,107,95,0,0
2,3,10 ,1056,834,852,912,858,535,514,571,668,121,0,0,0,0,106,94,0
2,3,11 ,644,988,777,790,841,786,487,464,511,590,105,0,0,0,0,106,94
2,3,12 ,500,602,919,720,728,770,715,439,414,450,512,89,0,0,0,0,105
2,3,13 ,189,466,559,851,663,666,699,644,391,365,390,435,74,0,0,0,0
2,3,14 ,192,177,433,517,783,605,604,630,574,344,316,331,359,58,0,0,0
2,3,15 ,139,179,164,400,475,714,549,543,560,504,298,268,273,284,43,0,0
2,3,16 ,9,129,166,151,367,433,647,493,483,492,436,252,221,216,210,29,0
2,3,17 ,32,8,120,153,139,335,392,581,438,424,425,369,208,174,160,138,14
2,3,18 ,18,29,7,110,140,126,302,351,515,384,366,359,303,164,129,105,68
2,3,19 ,30,16,27,7,101,127,114,271,312,451,331,309,295,239,121,85,52
2,3,20 ,0,27,15,25,6,92,115,102,240,273,388,279,253,232,176,79,42
2,3,21 ,0,0,25,14,23,6,83,103,90,210,234,327,229,199,171,116,39
2,3,22 ,0,0,0,23,13,21,5,74,91,79,180,197,268,180,147,112,57
2,3,23 ,0,0,0,0,21,11,19,5,65,79,68,151,161,210,132,96,55
2,3,24 ,0,0,0,0,0,19,10,16,4,57,68,57,124,126,154,86,47
2,3,25 ,0,0,0,0,0,0,17,9,15,3,49,57,46,97,93,101,42
2,3,26 ,0,0,0,0,0,0,0,15,8,13,3,41,46,36,71,61,49
2,3,27 ,0,0,0,0,0,0,0,0,13,7,11,2,33,36,27,46,30
2,3,28 ,0,0,0,0,0,0,0,0,0,12,6,9,2,26,27,17,23
2,3,29 ,0,0,0,0,0,0,0,0,0,0,10,5,7,2,19,17,8
2,3,30 ,0,0,0,0,0,0,0,0,0,0,0,8,4,6,1,12,8
2,3,31 ,0,0,0,0,0,0,0,0,0,0,0,0,7,3,4,1,6
2,3,32 ,0,0,0,0,0,0,0,0,0,0,0,0,0,5,2,3,0
2,3,33 ,0,0,0,0,0,0,0,0,0,0,0,0,0,0,4,1,1
2,3,34 ,0,0,0,0,0,0,0,0,0,0,0,0,0,0,0,0,0
2,4,1 ,300,0,0,0,0,0,0,0,0,0,0,0,0,0,0,0,0
2,4,2 ,262,283,0,0,0,0,0,0,0,0,0,0,0,0,0,0,0
2,4,3 ,202,247,265,0,0,0,0,0,0,0,0,0,0,0,0,0,0
2,4,4 ,165,190,232,247,0,0,0,0,0,0,0,0,0,0,0,0,0
2,4,5 ,157,155,178,216,229,0,0,0,0,0,0,0,0,0,0,0,0
2,4,6 ,232,148,145,166,200,211,0,0,0,0,0,0,0,0,0,0,0
2,4,7 ,228,218,138,135,154,184,193,0,0,0,0,0,0,0,0,0,0
2,4,8 ,198,214,204,128,125,141,168,175,0,0,0,0,0,0,0,0,0
2,4,9 ,181,186,200,189,119,115,129,152,157,0,0,0,0,0,0,0,0
2,4,10 ,215,170,173,186,175,109,105,116,136,138,0,0,0,0,0,0,0
2,4,11 ,131,201,158,161,171,160,99,95,104,120,120,0,0,0,0,0,0
2,4,12 ,102,123,187,147,148,157,146,89,84,92,104,102,0,0,0,0,0
2,4,13 ,39,95,114,173,135,136,142,131,80,74,80,89,84,0,0,0,0
2,4,14 ,39,36,88,105,159,123,123,128,117,70,64,67,73,67,0,0,0
2,4,15 ,28,36,33,82,97,146,112,111,114,103,61,55,56,58,50,0,0
2,4,16 ,2,26,34,31,75,88,132,100,98,100,89,51,45,44,43,33,0
2,4,17 ,6,2,24,31,28,68,80,118,89,86,87,75,42,36,33,28,16
2,4,18 ,4,6,2,22,29,26,62,72,105,78,74,73,62,33,26,21,14
2,4,19 ,6,3,6,1,21,26,23,55,63,92,67,63,60,49,25,17,11
2,4,20 ,0,6,3,5,1,19,23,21,49,56,79,57,52,47,36,16,8
2,4,21 ,0,0,5,3,5,1,17,21,18,43,48,67,47,41,35,24,8
2,4,22 ,0,0,0,5,3,4,1,15,18,16,37,40,55,37,30,23,12
2,4,23 ,0,0,0,0,4,2,4,1,13,16,14,31,33,43,27,20,11
2,4,24 ,0,0,0,0,0,4,2,3,1,12,14,12,25,26,31,18,10
2,4,25 ,0,0,0,0,0,0,3,2,3,1,10,12,9,20,19,21,9
2,4,26 ,0,0,0,0,0,0,0,3,2,3,1,8,9,7,14,12,10
2,4,27 ,0,0,0,0,0,0,0,0,3,1,2,1,7,7,5,9,6
2,4,28 ,0,0,0,0,0,0,0,0,0,2,1,2,0,5,5,4,5
2,4,29 ,0,0,0,0,0,0,0,0,0,0,2,1,1,0,4,4,2
2,4,30 ,0,0,0,0,0,0,0,0,0,0,0,2,1,1,0,3,2
2,4,31 ,0,0,0,0,0,0,0,0,0,0,0,0,1,1,1,0,1
2,4,32 ,0,0,0,0,0,0,0,0,0,0,0,0,0,1,0,1,0
2,4,33 ,0,0,0,0,0,0,0,0,0,0,0,0,0,0,1,0,0
2,4,34 ,0,0,0,0,0,0,0,0,0,0,0,0,0,0,0,0,0
2,5,1 ,0,0,0,0,0,0,0,0,0,0,0,0,0,0,0,7075,38462
2,5,2 ,0,0,0,0,0,0,0,0,0,0,0,0,0,0,0,0,7075
2,5,3 ,0,0,0,0,0,0,0,0,0,0,0,0,0,0,0,0,0
2,5,4 ,0,0,0,0,0,0,0,0,0,0,0,0,0,0,0,0,0
2,5,5 ,0,0,0,0,0,0,0,0,0,0,0,0,0,0,0,0,0
2,5,6 ,0,0,0,0,0,0,0,0,0,0,0,0,0,0,0,0,0
2,5,7 ,0,0,0,0,0,0,0,0,0,0,0,0,0,0,0,0,0
2,5,8 ,0,0,0,0,0,0,0,0,0,0,0,0,0,0,0,0,0
2,5,9 ,0,0,0,0,0,0,0,0,0,0,0,0,0,0,0,0,0
2,5,10 ,0,0,0,0,0,0,0,0,0,0,0,0,0,0,0,0,0
2,5,11 ,0,0,0,0,0,0,0,0,0,0,0,0,0,0,0,0,0
2,5,12 ,0,0,0,0,0,0,0,0,0,0,0,0,0,0,0,0,0
2,5,13 ,0,0,0,0,0,0,0,0,0,0,0,0,0,0,0,0,0
2,5,14 ,0,0,0,0,0,0,0,0,0,0,0,0,0,0,0,0,0
2,5,15 ,0,0,0,0,0,0,0,0,0,0,0,0,0,0,0,0,0
2,5,16 ,0,0,0,0,0,0,0,0,0,0,0,0,0,0,0,0,0
2,5,17 ,0,0,0,0,0,0,0,0,0,0,0,0,0,0,0,0,0
2,5,18 ,0,0,0,0,0,0,0,0,0,0,0,0,0,0,0,0,0
2,5,19 ,0,0,0,0,0,0,0,0,0,0,0,0,0,0,0,0,0
2,5,20 ,0,0,0,0,0,0,0,0,0,0,0,0,0,0,0,0,0
2,5,21 ,0,0,0,0,0,0,0,0,0,0,0,0,0,0,0,0,0
2,5,22 ,0,0,0,0,0,0,0,0,0,0,0,0,0,0,0,0,0
2,5,23 ,0,0,0,0,0,0,0,0,0,0,0,0,0,0,0,0,0
2,5,24 ,0,0,0,0,0,0,0,0,0,0,0,0,0,0,0,0,0
2,5,25 ,0,0,0,0,0,0,0,0,0,0,0,0,0,0,0,0,0
2,5,26 ,0,0,0,0,0,0,0,0,0,0,0,0,0,0,0,0,0
2,5,27 ,0,0,0,0,0,0,0,0,0,0,0,0,0,0,0,0,0
2,5,28 ,0,0,0,0,0,0,0,0,0,0,0,0,0,0,0,0,0
2,5,29 ,0,0,0,0,0,0,0,0,0,0,0,0,0,0,0,0,0
2,5,30 ,0,0,0,0,0,0,0,0,0,0,0,0,0,0,0,0,0
2,5,31 ,0,0,0,0,0,0,0,0,0,0,0,0,0,0,0,0,0
2,5,32 ,0,0,0,0,0,0,0,0,0,0,0,0,0,0,0,0,0
2,5,33 ,0,0,0,0,0,0,0,0,0,0,0,0,0,0,0,0,0
2,5,34 ,0,0,0,0,0,0,0,0,0,0,0,0,0,0,0,0,0
2,6,1 ,0,0,0,0,0,0,0,0,0,0,0,0,0,0,0,54,30
2,6,2 ,0,0,0,0,0,0,0,0,0,0,0,0,0,0,0,0,54
2,6,3 ,0,0,0,0,0,0,0,0,0,0,0,0,0,0,0,0,0
2,6,4 ,0,0,0,0,0,0,0,0,0,0,0,0,0,0,0,0,0
2,6,5 ,0,0,0,0,0,0,0,0,0,0,0,0,0,0,0,0,0
2,6,6 ,0,0,0,0,0,0,0,0,0,0,0,0,0,0,0,0,0
2,6,7 ,0,0,0,0,0,0,0,0,0,0,0,0,0,0,0,0,0
2,6,8 ,0,0,0,0,0,0,0,0,0,0,0,0,0,0,0,0,0
2,6,9 ,0,0,0,0,0,0,0,0,0,0,0,0,0,0,0,0,0
2,6,10 ,0,0,0,0,0,0,0,0,0,0,0,0,0,0,0,0,0
2,6,11 ,0,0,0,0,0,0,0,0,0,0,0,0,0,0,0,0,0
2,6,12 ,0,0,0,0,0,0,0,0,0,0,0,0,0,0,0,0,0
2,6,13 ,0,0,0,0,0,0,0,0,0,0,0,0,0,0,0,0,0
2,6,14 ,0,0,0,0,0,0,0,0,0,0,0,0,0,0,0,0,0
2,6,15 ,0,0,0,0,0,0,0,0,0,0,0,0,0,0,0,0,0
2,6,16 ,0,0,0,0,0,0,0,0,0,0,0,0,0,0,0,0,0
2,6,17 ,0,0,0,0,0,0,0,0,0,0,0,0,0,0,0,0,0
2,6,18 ,0,0,0,0,0,0,0,0,0,0,0,0,0,0,0,0,0
2,6,19 ,0,0,0,0,0,0,0,0,0,0,0,0,0,0,0,0,0
2,6,20 ,0,0,0,0,0,0,0,0,0,0,0,0,0,0,0,0,0
2,6,21 ,0,0,0,0,0,0,0,0,0,0,0,0,0,0,0,0,0
2,6,22 ,0,0,0,0,0,0,0,0,0,0,0,0,0,0,0,0,0
2,6,23 ,0,0,0,0,0,0,0,0,0,0,0,0,0,0,0,0,0
2,6,24 ,0,0,0,0,0,0,0,0,0,0,0,0,0,0,0,0,0
2,6,25 ,0,0,0,0,0,0,0,0,0,0,0,0,0,0,0,0,0
2,6,26 ,0,0,0,0,0,0,0,0,0,0,0,0,0,0,0,0,0
2,6,27 ,0,0,0,0,0,0,0,0,0,0,0,0,0,0,0,0,0
2,6,28 ,0,0,0,0,0,0,0,0,0,0,0,0,0,0,0,0,0
2,6,29 ,0,0,0,0,0,0,0,0,0,0,0,0,0,0,0,0,0
2,6,30 ,0,0,0,0,0,0,0,0,0,0,0,0,0,0,0,0,0
2,6,31 ,0,0,0,0,0,0,0,0,0,0,0,0,0,0,0,0,0
2,6,32 ,0,0,0,0,0,0,0,0,0,0,0,0,0,0,0,0,0
2,6,33 ,0,0,0,0,0,0,0,0,0,0,0,0,0,0,0,0,0
2,6,34 ,0,0,0,0,0,0,0,0,0,0,0,0,0,0,0,0,0
3,1,1 ,96703,72095,91278,77408,137787,140201,103697,83254,87934,108315,129274,143374,139235,106522,40582 ,31561 ,57285
3,1,2 ,60751,96703,72095,91278,77408,137787,140201,103697,83254,87934,108315,129274,136206,134838,107680 ,41455 ,31893
3,1,3 ,57527,60751,96703,72095,91278,77408,137787,140201,103697,83254,87934,108315,122810,131904,136304 ,109996 ,41891
3,1,4 ,40761,57070,60268,95935,71522,90553,76794,136693,139087,102874,82593,87236,102082,117987,132279 ,138129 ,110271
3,1,5 ,41328,40478,56674,59851,95269,71026,89925,76261,135745,138123,102161,82021,82300,98173,118443 ,134187 ,138615
3,1,6 ,49322,40958,40116,56167,59315,94418,70391,89121,75579,134532,136888,101247,77223,78988,98353 ,119908 ,134387
3,1,7 ,53584,48764,40494,39662,55532,58644,93349,69594,88112,74724,133009,135338,95096,73938,78943 ,99331 ,119799
3,1,8 ,42291,52826,48075,39922,39102,54747,57815,92030,68611,86867,73668,131129,126755,90792,73685 ,79501 ,98958
3,1,9 ,21564,41554,51906,47237,39226,38420,53793,56808,90426,67415,85354,72384,122402,120613,90179 ,73958 ,78938
3,1,10 ,16676,21106,40671,50802,46233,38393,37604,52649,55600,88504,65982,83539,67303,116017,119332 ,90160 ,73148
3,1,11 ,15718,16248,20564,39628,49500,45048,37408,36640,51299,54174,86234,64290,77327,63507,114271 ,118773 ,88773
3,1,12 ,13760,15238,15751,19936,38417,47987,43671,36265,35520,49732,52519,83599,59209,72597,62235 ,113161 ,116355
3,1,13 ,8430,13266,14690,15185,19219,37036,46262,42101,34961,34243,47944,50630,76563,55278,70747 ,61287 ,110240
3,1,14 ,7625,8078,12713,14078,14552,18418,35491,44332,40345,33503,32815,45944,46093,71054,53548 ,69255 ,59350
3,1,15 ,8094,7262,7694,12107,13407,13859,17541,33801,42221,38424,31908,31252,41569,42512,68406 ,52095 ,66652
3,1,16 ,28993,7661,6873,7282,11460,12690,13118,16603,31994,39964,36369,30202,28102,38103,40676 ,66140 ,49829
3,1,17 ,78803,27139,7209,6468,6853,10784,11941,12344,15623,30106,37606,34223,26998,25609,36245 ,39099 ,62893
3,1,18 ,60315,73442,25293,6748,6054,6414,10094,11178,11554,14624,28181,35201,30433,24474,24232 ,34657 ,36984
3,1,19 ,62212,56028,68221,23495,6289,5642,5978,9407,10417,10768,13629,26263,31166,27467,23057 ,23069 ,32639
3,1,20 ,62862,57676,51942,63247,21782,5842,5241,5553,8739,9677,10003,12660,23177,28036,25792 ,21879 ,21655
3,1,21 ,76095,58244,53438,48126,58600,20181,5416,4859,5148,8101,8971,9274,11150,20808,26274 ,24425 ,20497
3,1,22 ,76879,70560,54007,49551,44625,54337,18713,5018,4502,4770,7506,8312,8163,10005,19489 ,24867 ,22869
3,1,23 ,72517,71437,65565,50184,46043,41466,50491,17389,4653,4175,4423,6960,7322,7330,9378 ,18460 ,23301
3,1,24 ,52300,67605,66598,61124,46785,42925,38658,47071,16211,4324,3879,4110,6144,6589,6885 ,8901 ,17334
3,1,25 ,37452,48964,63292,62350,57225,43800,40186,36192,44068,15177,4031,3616,3640,5547,6209 ,6557 ,8386
3,1,26 ,40023,35235,46065,59546,58659,53838,41207,37808,34049,41460,14278,3774,3216,3300,5250 ,5938 ,6203
3,1,27 ,36818,37853,33325,43568,56317,55479,50919,38973,35758,32203,39212,13504,3373,2930,3138 ,5045 ,5646
3,1,28 ,27106,35010,35994,31688,41428,53551,52754,48418,37059,34002,30622,37286,12199,3089,2802 ,3032 ,4822
3,1,29 ,24762,25910,33464,34405,30289,39599,51187,50425,46280,35423,32501,29270,33858,11292,2969 ,2721 ,2914
3,1,30 ,20199,23785,24887,32143,33047,29093,38036,49166,48434,44453,34024,31217,26708,31494,10964 ,2899 ,2629
3,1,31 ,17512,19487,22945,24009,31009,31881,28067,36694,47431,46725,42885,32824,28610,24952,30713 ,10805 ,2814
3,1,32 ,12223,16958,18871,22220,23250,30029,30873,27180,35534,45932,45249,41529,30197,26831,24426 ,30382 ,10574
3,1,33 ,9003,11910,16523,18387,21650,22654,29259,30081,26483,34622,44754,44088,38441,28493,26427 ,24312 ,29914
3,1,34 ,6908,9613,12318,15023,17727,20432,23137,25842,28546,31251,33956,36661,37397,38704,41641 ,45106 ,48177
3,2,1 ,30207,31263,55941,30189,70274,61204,34342,41962,41823,48951,37176,65387,43814,38239,16945 ,16380 ,41388
3,2,2 ,33291,44493,31664,56649,30566,71142,61950,34756,42462,42315,49520,37603,66873,44788,39070 ,17305 ,16722
3,2,3 ,29365,38956,45063,32064,57357,30944,72009,62696,35169,42961,42807,50090,38458,68359,45761 ,39902 ,17666
3,2,4 ,23755,28650,39354,45516,32381,57915,31240,72689,63279,35491,43349,43187,51096,39211,69665 ,46614 ,40628
3,2,5 ,22568,29233,28867,39646,45847,32612,58319,31453,73174,63693,35719,43621,43941,51962,39857 ,70780 ,47340
3,2,6 ,29252,26264,29379,29006,39831,46054,32754,58565,31581,73462,63935,35850,44267,44570,52680 ,40390 ,71695
3,2,7 ,31904,36798,26326,29444,29066,39906,46134,32807,58650,31623,73549,64002,36286,44783,45068 ,53246 ,40806
3,2,8 ,37056,44816,36789,26315,29427,29045,39872,46088,32769,58574,31578,73435,64612,36614,45167 ,45433 ,53654
3,2,9 ,29961,51498,44687,36678,26231,29329,28944,39727,45914,32641,58338,31446,73941,65025,36830 ,45413 ,45662
3,2,10 ,27190,43190,51216,44435,36465,26075,29150,28763,39474,45615,32424,57943,31580,74218,65239 ,36934 ,45522
3,2,11 ,26607,32270,42840,50794,44062,36153,25849,28893,28505,39114,45193,32120,58036,31615,74266 ,65251 ,36926
3,2,12 ,27056,32011,31925,42375,50234,43570,35744,25552,28557,28170,38650,44651,32087,57948,31552 ,74085 ,65063
3,2,13 ,18924,34087,31585,31494,41797,49542,42963,35241,25189,28148,27763,38085,44487,31953,57680 ,31392 ,73677
3,2,14 ,16862,22653,33544,31077,30983,41112,48723,42247,34648,24762,27667,27284,37845,44185,31721 ,57235 ,31136
3,2,15 ,16979,19269,22233,32917,30491,30394,40325,47783,41426,33971,24274,27118,27040,37488,43747 ,31393 ,56618
3,2,16 ,11976,18092,18861,21759,32210,29832,29733,39442,46730,40507,33213,23730,26804,26714,37018 ,43179 ,30972
3,2,17 ,35051,8980,17662,18410,21235,31430,29104,29004,38469,45571,39497,32381,23392,26410,26309 ,36440 ,42486
3,2,18 ,30055,26211,8720,17194,17918,20665,30582,28315,28213,37415,44317,38405,31835,22986,25939 ,25828 ,35759
3,2,19 ,30343,22414,25382,8443,16690,17391,20053,29672,27469,27366,36287,42975,37656,31198,22516 ,25397 ,25278
3,2,20 ,31271,22568,21647,24510,8151,16155,16830,19405,28708,26573,26470,35094,42024,36804,30478 ,21987 ,24789
3,2,21 ,35769,23195,21737,20846,23599,7847,15592,16242,18723,27697,25633,25530,34225,40962,35857 ,29681 ,21402
3,2,22 ,34549,26460,22280,20876,20018,22658,7533,15006,15629,18015,26645,24656,24830,33270,39800 ,34825 ,28813
3,2,23 ,33767,25488,25347,21339,19991,19167,21691,7210,14401,14997,17284,25560,23915,24072,32239 ,38549 ,33715
3,2,24 ,25384,24843,24349,24211,20379,19089,18299,20706,6882,13781,14349,16535,24724,23122,23263 ,31140 ,37220
3,2,25 ,18640,18624,23668,23193,23058,19406,18175,17420,19709,6550,13150,13690,15951,23839,22283 ,22409 ,29984
3,2,26 ,20278,13639,17694,22483,22029,21897,18426,17255,16536,18706,6215,12511,13170,15337,22911 ,21407 ,21518
3,2,27 ,18028,14796,12923,16762,21296,20862,20734,17445,16334,15651,17702,5881,12003,12629,14700 ,21950 ,20499
3,2,28 ,13647,13118,13980,12208,15833,20112,19700,19576,16469,15417,14771,16704,5611,11478,12071 ,14044 ,20961
3,2,29 ,12407,9903,12361,13171,11499,14912,18939,18548,18429,15501,14510,13899,15894,5336,10941 ,11501 ,13375
3,2,30 ,9992,8978,9305,11613,12372,10800,14003,17782,17412,17298,14548,13616,13188,15073,5058 ,10395 ,10922
3,2,31 ,7837,7211,8413,8718,10878,11587,10114,13111,16647,16299,16190,13614,12883,12472,14248 ,4779 ,9845
3,2,32 ,5470,5639,6738,7860,8143,10159,10821,9443,12240,15539,15212,15108,12846,12150,11757 ,13425 ,4501
3,2,33 ,4029,3925,5255,6277,7321,7584,9461,10075,8791,11393,14462,14156,14215,12081,11421 ,11046 ,12608
3,2,34 ,53092,53270,54155,55037,55915,56789,57660,58528,59391,60251,61108,61960,62818,63669,64513,65349,66178
3,3,1 ,266,132,235,157,0,310,293,2,0,0,0,0,0,0,0,0,0
3,3,2 ,104,266,132,235,157,0,310,293,2,0,0,0,0,0,0,0,0
3,3,3 ,73,104,266,132,235,157,0,310,293,2,0,0,0,0,0,0,0
3,3,4 ,10,73,104,265,131,234,156,0,310,293,2,0,0,0,0,0,0
3,3,5 ,46,0,73,103,263,131,233,156,0,308,291,2,0,0,0,0,0
3,3,6 ,94,45,0,72,103,261,130,231,154,0,306,289,2,0,0,0,0
3,3,7 ,106,93,45,0,71,102,259,128,229,153,0,302,286,2,0,0,0
3,3,8 ,67,104,92,44,0,70,100,255,127,226,151,0,299,282,2,0,0
3,3,9 ,180,66,103,90,44,0,69,99,251,125,222,149,0,294,278,2,0
3,3,10 ,322,177,65,101,89,43,0,68,97,247,122,218,146,0,289,273,2
3,3,11 ,384,315,173,64,99,87,42,0,67,95,242,120,214,143,0,283,267
3,3,12 ,281,375,308,169,62,96,85,41,0,65,93,236,117,209,140,0,276
3,3,13 ,210,274,366,300,165,61,94,83,40,0,63,90,230,114,203,136,0
3,3,14 ,185,204,266,355,292,160,59,91,80,39,0,62,88,224,111,198,132
3,3,15 ,44,179,197,258,344,283,155,57,88,78,38,0,60,85,217,107,191
3,3,16 ,214,42,173,191,249,333,273,150,55,85,75,36,0,58,82,209,104
3,3,17 ,668,205,41,167,184,240,321,263,145,53,82,73,35,0,56,79,202
3,3,18 ,524,641,197,39,160,177,231,308,253,139,51,79,70,34,0,53,76
3,3,19 ,531,501,613,188,38,154,169,221,296,243,133,49,76,67,32,0,51
3,3,20 ,0,506,478,584,180,36,147,162,212,283,232,127,47,73,64,31,0
3,3,21 ,0,0,481,454,556,171,34,140,154,202,270,221,122,45,69,61,29
3,3,22 ,0,0,0,456,431,527,162,33,133,147,192,256,210,116,43,66,58
3,3,23 ,0,0,0,0,432,408,498,153,31,126,139,182,243,199,110,40,62
3,3,24 ,0,0,0,0,0,407,384,470,144,29,120,132,172,230,189,104,38
3,3,25 ,0,0,0,0,0,0,383,362,442,136,28,113,124,162,217,178,98
3,3,26 ,0,0,0,0,0,0,0,359,339,415,127,26,106,117,153,204,167
3,3,27 ,0,0,0,0,0,0,0,0,336,317,388,119,24,100,110,143,191
3,3,28 ,0,0,0,0,0,0,0,0,0,313,296,362,111,23,93,103,134
3,3,29 ,0,0,0,0,0,0,0,0,0,0,292,275,337,104,21,87,96
3,3,30 ,0,0,0,0,0,0,0,0,0,0,0,271,255,312,96,20,81
3,3,31 ,0,0,0,0,0,0,0,0,0,0,0,0,250,236,289,89,18
3,3,32 ,0,0,0,0,0,0,0,0,0,0,0,0,0,231,218,267,82
3,3,33 ,0,0,0,0,0,0,0,0,0,0,0,0,0,0,212,201,245
3,3,34 ,0,0,0,0,0,0,0,0,0,0,0,0,0,0,0,0,0
3,4,1 ,164,8,99,12,25,78,269,261,102,111,6,0,170,0,353,276,0
3,4,2 ,60,154,0,99,12,25,78,269,261,102,111,6,0,170,0,353,276
3,4,3 ,59,57,144,0,99,12,25,78,269,261,102,111,6,0,170,0,353
3,4,4 ,48,55,53,134,0,99,12,25,78,268,261,102,111,6,0,169,0
3,4,5 ,46,45,51,49,124,0,98,12,25,78,267,259,101,110,6,0,168
3,4,6 ,54,43,42,47,45,113,0,97,12,25,77,265,257,101,109,6,0
3,4,7 ,55,50,40,38,43,41,102,0,96,12,24,76,262,255,100,108,6
3,4,8 ,56,51,46,37,35,39,37,91,0,95,12,24,75,258,251,98,107
3,4,9 ,36,52,47,42,34,32,36,33,81,0,94,12,24,74,254,247,97
3,4,10 ,35,34,47,43,38,30,29,32,29,0,0,92,11,23,73,250,243
3,4,11 ,33,33,31,43,39,35,27,25,28,25,0,0,90,11,23,71,245
3,4,12 ,31,31,30,28,39,35,31,24,22,24,22,0,0,88,11,22,70
3,4,13 ,23,28,28,27,25,35,31,27,21,19,20,18,0,0,86,11,22
3,4,14 ,27,21,25,25,24,23,31,27,24,18,16,17,15,0,0,83,10
3,4,15 ,28,24,19,23,23,22,20,27,24,20,15,13,14,11,0,0,81
3,4,16 ,20,25,22,17,20,20,19,17,24,20,17,13,11,11,8,0,0
3,4,17 ,64,18,23,20,15,18,18,17,15,20,17,14,10,8,8,5,0
3,4,18 ,0,58,17,20,18,13,16,16,14,13,17,14,11,8,6,5,2
3,4,19 ,0,0,52,15,18,15,12,14,13,12,11,14,11,9,6,4,2
3,4,20 ,0,0,0,46,13,16,14,10,12,11,10,9,11,9,6,4,2
3,4,21 ,0,0,0,0,41,12,14,12,9,10,9,8,7,8,6,4,2
3,4,22 ,0,0,0,0,0,36,10,12,10,7,8,8,7,5,6,4,2
3,4,23 ,0,0,0,0,0,0,31,9,10,8,6,7,6,5,4,4,2
3,4,24 ,0,0,0,0,0,0,0,26,7,9,7,5,5,5,4,2,2
3,4,25 ,0,0,0,0,0,0,0,0,22,6,7,6,4,4,3,2,1
3,4,26 ,0,0,0,0,0,0,0,0,0,19,5,6,4,3,3,2,1
3,4,27 ,0,0,0,0,0,0,0,0,0,0,15,4,4,3,2,2,1
3,4,28 ,0,0,0,0,0,0,0,0,0,0,0,12,3,3,2,1,1
3,4,29 ,0,0,0,0,0,0,0,0,0,0,0,0,9,2,2,1,1
3,4,30 ,0,0,0,0,0,0,0,0,0,0,0,0,0,7,2,1,1
3,4,31 ,0,0,0,0,0,0,0,0,0,0,0,0,0,0,5,1,1
3,4,32 ,0,0,0,0,0,0,0,0,0,0,0,0,0,0,0,3,0
3,4,33 ,0,0,0,0,0,0,0,0,0,0,0,0,0,0,0,0,1
3,4,34 ,0,0,0,0,0,0,0,0,0,0,0,0,0,0,0,0,0
3,5,1 ,0,0,0,0,0,0,0,0,0,0,0,0,0,0,0,760,839
3,5,2 ,0,0,0,0,0,0,0,0,0,0,0,0,0,0,0,0,760
3,5,3 ,0,0,0,0,0,0,0,0,0,0,0,0,0,0,0,0,0
3,5,4 ,0,0,0,0,0,0,0,0,0,0,0,0,0,0,0,0,0
3,5,5 ,0,0,0,0,0,0,0,0,0,0,0,0,0,0,0,0,0
3,5,6 ,0,0,0,0,0,0,0,0,0,0,0,0,0,0,0,0,0
3,5,7 ,0,0,0,0,0,0,0,0,0,0,0,0,0,0,0,0,0
3,5,8 ,0,0,0,0,0,0,0,0,0,0,0,0,0,0,0,0,0
3,5,9 ,0,0,0,0,0,0,0,0,0,0,0,0,0,0,0,0,0
3,5,10 ,0,0,0,0,0,0,0,0,0,0,0,0,0,0,0,0,0
3,5,11 ,0,0,0,0,0,0,0,0,0,0,0,0,0,0,0,0,0
3,5,12 ,0,0,0,0,0,0,0,0,0,0,0,0,0,0,0,0,0
3,5,13 ,0,0,0,0,0,0,0,0,0,0,0,0,0,0,0,0,0
3,5,14 ,0,0,0,0,0,0,0,0,0,0,0,0,0,0,0,0,0
3,5,15 ,0,0,0,0,0,0,0,0,0,0,0,0,0,0,0,0,0
3,5,16 ,0,0,0,0,0,0,0,0,0,0,0,0,0,0,0,0,0
3,5,17 ,0,0,0,0,0,0,0,0,0,0,0,0,0,0,0,0,0
3,5,18 ,0,0,0,0,0,0,0,0,0,0,0,0,0,0,0,0,0
3,5,19 ,0,0,0,0,0,0,0,0,0,0,0,0,0,0,0,0,0
3,5,20 ,0,0,0,0,0,0,0,0,0,0,0,0,0,0,0,0,0
3,5,21 ,0,0,0,0,0,0,0,0,0,0,0,0,0,0,0,0,0
3,5,22 ,0,0,0,0,0,0,0,0,0,0,0,0,0,0,0,0,0
3,5,23 ,0,0,0,0,0,0,0,0,0,0,0,0,0,0,0,0,0
3,5,24 ,0,0,0,0,0,0,0,0,0,0,0,0,0,0,0,0,0
3,5,25 ,0,0,0,0,0,0,0,0,0,0,0,0,0,0,0,0,0
3,5,26 ,0,0,0,0,0,0,0,0,0,0,0,0,0,0,0,0,0
3,5,27 ,0,0,0,0,0,0,0,0,0,0,0,0,0,0,0,0,0
3,5,28 ,0,0,0,0,0,0,0,0,0,0,0,0,0,0,0,0,0
3,5,29 ,0,0,0,0,0,0,0,0,0,0,0,0,0,0,0,0,0
3,5,30 ,0,0,0,0,0,0,0,0,0,0,0,0,0,0,0,0,0
3,5,31 ,0,0,0,0,0,0,0,0,0,0,0,0,0,0,0,0,0
3,5,32 ,0,0,0,0,0,0,0,0,0,0,0,0,0,0,0,0,0
3,5,33 ,0,0,0,0,0,0,0,0,0,0,0,0,0,0,0,0,0
3,5,34 ,0,0,0,0,0,0,0,0,0,0,0,0,0,0,0,0,0
3,6,1 ,0,0,0,0,0,0,0,0,0,0,0,0,0,0,0,0,0
3,6,2 ,0,0,0,0,0,0,0,0,0,0,0,0,0,0,0,0,0
3,6,3 ,0,0,0,0,0,0,0,0,0,0,0,0,0,0,0,0,0
3,6,4 ,0,0,0,0,0,0,0,0,0,0,0,0,0,0,0,0,0
3,6,5 ,0,0,0,0,0,0,0,0,0,0,0,0,0,0,0,0,0
3,6,6 ,0,0,0,0,0,0,0,0,0,0,0,0,0,0,0,0,0
3,6,7 ,0,0,0,0,0,0,0,0,0,0,0,0,0,0,0,0,0
3,6,8 ,0,0,0,0,0,0,0,0,0,0,0,0,0,0,0,0,0
3,6,9 ,0,0,0,0,0,0,0,0,0,0,0,0,0,0,0,0,0
3,6,10 ,0,0,0,0,0,0,0,0,0,0,0,0,0,0,0,0,0
3,6,11 ,0,0,0,0,0,0,0,0,0,0,0,0,0,0,0,0,0
3,6,12 ,0,0,0,0,0,0,0,0,0,0,0,0,0,0,0,0,0
3,6,13 ,0,0,0,0,0,0,0,0,0,0,0,0,0,0,0,0,0
3,6,14 ,0,0,0,0,0,0,0,0,0,0,0,0,0,0,0,0,0
3,6,15 ,0,0,0,0,0,0,0,0,0,0,0,0,0,0,0,0,0
3,6,16 ,0,0,0,0,0,0,0,0,0,0,0,0,0,0,0,0,0
3,6,17 ,0,0,0,0,0,0,0,0,0,0,0,0,0,0,0,0,0
3,6,18 ,0,0,0,0,0,0,0,0,0,0,0,0,0,0,0,0,0
3,6,19 ,0,0,0,0,0,0,0,0,0,0,0,0,0,0,0,0,0
3,6,20 ,0,0,0,0,0,0,0,0,0,0,0,0,0,0,0,0,0
3,6,21 ,0,0,0,0,0,0,0,0,0,0,0,0,0,0,0,0,0
3,6,22 ,0,0,0,0,0,0,0,0,0,0,0,0,0,0,0,0,0
3,6,23 ,0,0,0,0,0,0,0,0,0,0,0,0,0,0,0,0,0
3,6,24 ,0,0,0,0,0,0,0,0,0,0,0,0,0,0,0,0,0
3,6,25 ,0,0,0,0,0,0,0,0,0,0,0,0,0,0,0,0,0
3,6,26 ,0,0,0,0,0,0,0,0,0,0,0,0,0,0,0,0,0
3,6,27 ,0,0,0,0,0,0,0,0,0,0,0,0,0,0,0,0,0
3,6,28 ,0,0,0,0,0,0,0,0,0,0,0,0,0,0,0,0,0
3,6,29 ,0,0,0,0,0,0,0,0,0,0,0,0,0,0,0,0,0
3,6,30 ,0,0,0,0,0,0,0,0,0,0,0,0,0,0,0,0,0
3,6,31 ,0,0,0,0,0,0,0,0,0,0,0,0,0,0,0,0,0
3,6,32 ,0,0,0,0,0,0,0,0,0,0,0,0,0,0,0,0,0
3,6,33 ,0,0,0,0,0,0,0,0,0,0,0,0,0,0,0,0,0
3,6,34 ,0,0,0,0,0,0,0,0,0,0,0,0,0,0,0,0,0
4,1,1 ,218211,176977,164581,196649,252282,300358,208648,143287,173220,182289,272205,267364,334067,111579,125358 ,93377 ,118653.5
4,1,2 ,168835,218211,176977,164581,196649,252282,300358,208648,143287,173220,182289,264039,259095,337621,111579 ,127997 ,94340
4,1,3 ,140060,168835,218211,176977,164581,196649,252282,300358,208648,143287,173220,176820,255873,261851,337621 ,113928 ,129317
4,1,4 ,115669,140060,168835,218211,176977,164581,196649,252282,300358,208648,143287,168024,171352,258595,261851 ,344729 ,115103
4,1,5 ,126713,114973,139217,167819,216898,175912,163591,195466,250765,298551,207393,138152,161848,172132,257039 ,265755 ,346187
4,1,6 ,157629,125782,114128,138194,166585,215304,174619,162388,194029,248921,296356,199692,132895,162367,170867 ,260521 ,266521
4,1,7 ,157064,156136,124590,113047,136885,165007,213264,172964,160850,192191,246563,284742,191683,133037,160829 ,172812 ,260713
4,1,8 ,153586,155215,154297,123123,111715,135273,163064,210753,170928,158955,189928,236350,272686,191441,131470 ,162281 ,172537
4,1,9 ,147285,151393,152998,152094,121365,110120,133341,160736,207743,168487,156685,181599,225769,271652,188707 ,132321 ,161612
4,1,10 ,123372,144780,148818,150396,149507,119301,108247,131073,158002,204210,165621,149400,172989,224290,267032 ,189403 ,131412
4,1,11 ,126609,120908,141889,145847,147393,146522,116919,106086,128456,154847,200133,157445,141889,171339,219812 ,267209 ,187535
4,1,12 ,108008,123676,118107,138602,142468,143979,143128,114210,103628,125480,151260,189632,149041,140076,167370 ,219240 ,263710
4,1,13 ,51444,105135,120386,114966,134916,138679,140150,139321,111173,100872,122143,142820,178879,146620,136351 ,166348 ,215609
4,1,14 ,63626,49888,101955,116746,111489,130836,134485,135911,135108,107810,97822,114896,134217,175315,142186 ,135011 ,162980
4,1,15 ,83738,61459,48189,98483,112769,107692,126379,129904,131282,130506,104138,91655,107550,131025,169343 ,140235 ,131757
4,1,16 ,94178,80556,59124,46358,94741,108484,103600,121577,124968,126294,125547,97176,85445,104564,126046 ,166338 ,136297
4,1,17 ,104389,88384,75600,55487,43506,88912,97957,99252,116475,119723,120993,116669,90218,82730,100175 ,123298 ,161000
4,1,18 ,80791,97409,82474,70545,51776,40597,80098,93462,94697,111129,114229,111977,107872,86993,78933 ,97590 ,118852
4,1,19 ,56492,75001,90428,76564,65490,48066,35186,76121,88822,89995,105612,105301,103126,103607,82674 ,76594 ,93701
4,1,20 ,31855,52217,69325,83585,70770,60534,39541,33317,72077,84103,85215,97002,96623,98687,98103 ,79931 ,73272
4,1,21 ,42562,29348,48107,63869,77006,65199,49684,37318,31444,68026,79376,78012,88718,92162,93139 ,94538 ,76215
4,1,22 ,35818,39131,26982,44229,58720,70798,61365,46762,35124,29595,64025,72466,71153,84388,86742 ,89507 ,89895
4,1,23 ,31895,32906,35950,24789,40634,53947,66490,57631,43917,32987,27795,58326,65953,67535,79254 ,83179 ,84928
4,1,24 ,20640,29322,30251,33050,22789,37355,50588,62351,54043,41183,30933,25282,53003,62504,63330 ,75884 ,78805
4,1,25 ,14826,19013,27010,27866,30444,20992,35000,47399,58420,50636,38587,28113,22956,50190,58564 ,60587 ,71834
4,1,26 ,12706,13701,17570,24960,25752,28134,19665,32788,44403,54728,47436,35063,25522,21734,47018 ,56018 ,57343
4,1,27 ,8756,11792,12716,16307,23165,23900,26367,18430,30729,41615,51291,43124,31845,24174,20369 ,44993 ,53041
4,1,28 ,5232,8168,11000,11862,15212,21610,22421,24735,17289,28827,39039,46673,39203,30192,22678 ,19511 ,42644
4,1,29 ,4192,4908,7663,10320,11129,14271,20300,21062,23236,16242,27081,35573,42489,37220,28363 ,21752 ,18517
4,1,30 ,3833,3956,4633,7233,9740,10504,13429,19102,19819,21865,15283,24718,32439,40407,35023 ,27251 ,20679
4,1,31 ,3429,3640,3757,4399,6868,9250,9902,12660,18008,18684,20613,13976,22582,30907,38093 ,33713 ,25955
4,1,32 ,2660,3276,3477,3589,4203,6562,8737,9353,11958,17010,17648,18886,12793,21556,29193 ,36738 ,32172
4,1,33 ,1469,2555,3148,3341,3448,4038,6209,8268,8851,11316,16097,16200,17319,12235,20399 ,28207 ,35125
4,1,34 ,80902,87790,94678,101566,108455,115343,122231,129119,136007,142896,149784,155032,159986,167226,173870,181998,189531
4,2,1 ,3420,2341,3141,2236,1727,1425,719,1241,223,281,727,1037,317,1151,833 ,0 ,17.25
4,2,2 ,2763,3420,2341,3141,2214,1693,1396,704,1215,218,275,710,1012,309,1122 ,812 ,0
4,2,3 ,2617,2763,3420,2341,3110,2169,1658,1367,689,1188,213,269,693,988,302 ,1094 ,791
4,2,4 ,3608,2617,2763,3420,2318,3047,2125,1623,1337,673,1161,208,262,677,964 ,294 ,1065
4,2,5 ,6315,3598,2610,2756,3377,2265,2977,2075,1584,1304,657,1131,203,255,658 ,937 ,286
4,2,6 ,7318,6282,3580,2597,2715,3291,2207,2899,2019,1541,1268,638,1099,197,248 ,638 ,908
4,2,7 ,6693,7262,6234,3552,2551,2639,3199,2144,2815,1960,1495,1230,618,1064,191 ,240 ,617
4,2,8 ,7717,6624,7187,6169,3480,2474,2558,3099,2076,2724,1896,1445,1188,597,1027 ,184 ,231
4,2,9 ,9418,7617,6538,7094,6029,3366,2391,2472,2993,2004,2629,1828,1393,1145,575 ,988 ,177
4,2,10 ,9589,9272,7500,6437,6914,5815,3245,2305,2381,2882,1929,2529,1758,1338,1099 ,552 ,948
4,2,11 ,9469,9416,9105,7364,6258,6652,5593,3120,2214,2287,2766,1850,2424,1684,1282 ,1052 ,528
4,2,12 ,8629,9274,9221,8917,7140,6005,6381,5362,2990,2121,2189,2647,1770,2317,1609 ,1223 ,1004
4,2,13 ,5416,8429,9058,9007,8623,6833,5744,6101,5125,2856,2025,2089,2525,1687,2207 ,1532 ,1164
4,2,14 ,6481,5276,8211,8825,8687,8230,6520,5478,5816,4883,2720,1928,1988,2400,1603 ,2096 ,1454
4,2,15 ,9805,6297,5126,7978,8488,8270,7832,6201,5208,5527,4638,2582,1829,1885,2275 ,1518 ,1984
4,2,16 ,7859,9502,6102,4967,7654,8059,7849,7430,5880,4936,5235,4391,2443,1729,1781 ,2148 ,1433
4,2,17 ,11247,7375,9183,5897,4753,7248,7628,7426,7026,5558,4663,4943,4143,2304,1630 ,1678 ,2022
4,2,18 ,12016,10495,6882,8851,5627,4489,6842,7198,7003,6623,5237,4391,4653,3898,2166 ,1531 ,1575
4,2,19 ,7945,11155,9743,6389,8423,5300,4226,6439,6771,6584,6224,4918,4122,4365,3654 ,2029 ,1434
4,2,20 ,4684,7344,10311,9006,5847,7912,4977,3966,6040,6348,6171,5830,4604,3857,4081 ,3415 ,1895
4,2,21 ,5365,4315,6766,9499,8214,5278,7409,4658,3711,5648,5933,5764,5443,4296,3596 ,3803 ,3180
4,2,22 ,3948,4932,3967,6220,8646,7399,4929,6916,4346,3460,5265,5528,5367,5065,3995 ,3342 ,3532
4,2,23 ,3912,3627,4531,3645,5658,7783,6891,4588,6436,4042,3217,4891,5133,4981,4698 ,3703 ,3096
4,2,24 ,2843,3597,3334,4166,3317,5096,7229,6398,4258,5969,3748,2981,4530,4751,4607 ,4342 ,3421
4,2,25 ,2183,2619,3313,3071,3799,2994,4720,6693,5921,3939,5519,3463,2753,4181,4382 ,4247 ,4000
4,2,26 ,1958,2017,2420,3062,2810,3440,2766,4359,6177,5462,3632,5086,3189,2534,3846 ,4029 ,3902
4,2,27 ,1235,1817,1872,2246,2813,2555,3169,2547,4012,5683,5023,3337,4672,2928,2325 ,3526 ,3691
4,2,28 ,793,1152,1695,1746,2075,2571,2347,2910,2338,3681,5211,4603,3057,4277,2679 ,2125 ,3222
4,2,29 ,628,744,1081,1590,1622,1907,2356,2150,2664,2139,3366,4763,4205,2791,3902 ,2442 ,1937
4,2,30 ,555,593,702,1020,1486,1500,1742,2151,1962,2430,1950,3068,4339,3828,2539 ,3548 ,2219
4,2,31 ,373,527,563,667,959,1382,1367,1587,1958,1786,2210,1773,2787,3939,3474 ,2303 ,3215
4,2,32 ,289,356,504,538,631,898,1256,1241,1440,1777,1619,2003,1606,2523,3564 ,3141 ,2081
4,2,33 ,160,278,342,484,511,594,813,1138,1124,1303,1607,1464,1810,1450,2277 ,3214 ,2830
4,2,34 ,98,184,324,428,463,620,1962,3248,4476,5647,6761,7818,8818,9761,10647 ,14475 ,18247
4,3,1 ,870,386,477,738,9,8,0,2,5,0,0,0,0,0,0,0,0
4,3,2 ,402,839,368,436,747,9,8,0,2,4,0,0,0,0,0,0,0
4,3,3 ,231,388,800,336,441,747,9,8,0,2,4,0,0,0,0,0,0
4,3,4 ,0,223,370,731,340,441,756,9,8,0,2,4,0,0,0,0,0
4,3,5 ,387,0,212,337,737,339,445,754,9,8,0,2,4,0,0,0,0
4,3,6 ,399,372,0,193,339,734,341,442,750,9,7,0,2,4,0,0,0
4,3,7 ,499,382,352,0,194,337,736,338,439,736,9,7,0,2,4,0,0
4,3,8 ,462,477,360,318,0,192,337,729,335,429,719,8,7,0,2,4,0
4,3,9 ,320,440,449,325,318,0,191,333,719,327,419,702,8,7,0,2,4
4,3,10 ,325,304,413,403,323,313,0,188,328,700,318,407,682,8,7,0,2
4,3,11 ,209,308,285,370,401,318,311,0,185,318,679,308,395,654,8,6,0
4,3,12 ,215,198,288,255,367,392,315,304,0,179,308,657,298,378,632,7,7
4,3,13 ,189,202,184,257,252,358,388,307,297,0,173,297,634,284,364,602,7
4,3,14 ,217,178,188,164,253,245,353,378,299,286,0,166,286,603,273,346,609
4,3,15 ,91,203,164,167,161,246,241,343,367,288,275,0,160,271,578,259,349
4,3,16 ,764,85,188,145,164,156,241,234,332,352,275,263,0,151,259,546,261
4,3,17 ,796,713,79,166,142,158,153,233,226,317,336,263,251,0,144,244,549
4,3,18 ,829,740,655,69,161,137,154,147,224,215,302,320,250,236,0,135,245
4,3,19 ,496,769,679,575,67,155,133,148,141,213,204,287,304,235,224,0,135
4,3,20 ,0,459,703,594,558,65,151,128,142,134,202,193,272,284,222,209,0
4,3,21 ,0,0,418,614,575,533,62,144,122,134,127,191,183,254,268,207,208
4,3,22 ,0,0,0,364,592,548,514,60,137,115,126,119,180,170,239,249,205
4,3,23 ,0,0,0,0,350,563,527,489,57,129,108,119,112,167,160,221,246
4,3,24 ,0,0,0,0,0,332,541,500,464,53,121,101,111,104,156,148,218
4,3,25 ,0,0,0,0,0,0,318,511,473,434,50,113,95,103,97,144,145
4,3,26 ,0,0,0,0,0,0,0,300,482,441,404,46,105,87,96,89,141
4,3,27 ,0,0,0,0,0,0,0,0,282,448,410,376,43,97,81,88,87
4,3,28 ,0,0,0,0,0,0,0,0,0,261,416,380,348,39,90,74,86
4,3,29 ,0,0,0,0,0,0,0,0,0,0,242,384,351,318,36,82,72
4,3,30 ,0,0,0,0,0,0,0,0,0,0,0,223,354,320,293,33,79
4,3,31 ,0,0,0,0,0,0,0,0,0,0,0,0,205,321,294,265,32
4,3,32 ,0,0,0,0,0,0,0,0,0,0,0,0,0,185,294,265,264
4,3,33 ,0,0,0,0,0,0,0,0,0,0,0,0,0,0,169,265,287
4,3,34 ,0,0,0,0,0,0,0,0,0,0,0,0,0,0,0,152,270
4,4,1 ,2,246,255,333,323,486,16,839,609,455,143,14,0,474,303,405,1555
4,4,2 ,52,2,246,255,333,323,486,16,839,609,455,143,14,0,474,303,405
4,4,3 ,45,52,2,246,255,333,323,486,16,839,609,455,143,14,0,474,303
4,4,4 ,36,45,51,2,244,252,330,320,481,16,831,603,451,142,14,0,469
4,4,5 ,38,35,44,50,2,241,250,326,316,476,16,822,597,446,140,14,0
4,4,6 ,45,37,34,43,49,2,238,247,322,313,470,15,812,589,440,138,14
4,4,7 ,46,44,36,34,42,48,2,234,243,317,308,463,15,800,581,434,136
4,4,8 ,44,45,43,36,33,41,47,2,230,239,312,302,455,15,786,570,426
4,4,9 ,43,43,44,42,35,33,41,46,2,225,234,305,296,445,15,769,558
4,4,10 ,36,42,42,43,42,34,32,40,46,2,220,228,298,289,434,14,750
4,4,11 ,36,36,41,42,43,41,34,32,39,45,2,214,221,289,280,422,14
4,4,12 ,32,35,35,40,41,42,40,33,31,38,44,2,206,214,279,271,408
4,4,13 ,15,31,34,34,39,39,40,39,32,30,37,42,2,198,206,268,260
4,4,14 ,18,14,29,33,32,37,38,39,37,31,28,35,41,2,189,196,257
4,4,15 ,23,17,13,28,31,31,35,36,36,35,29,27,33,38,1,180,187
4,4,16 ,24,21,16,13,26,29,28,33,33,34,32,27,25,31,36,1,170
4,4,17 ,26,22,20,15,12,24,27,27,31,31,32,30,25,23,29,34,1
4,4,18 ,21,25,22,19,14,11,23,26,26,30,30,30,29,24,22,27,32
4,4,19 ,15,20,24,20,18,13,11,22,25,24,28,28,29,28,23,20,25
4,4,20 ,0,14,19,23,20,17,13,10,21,24,23,27,27,28,26,21,19
4,4,21 ,0,0,13,18,21,18,16,12,10,20,22,22,25,26,26,24,19
4,4,22 ,0,0,0,12,16,20,17,15,11,9,18,21,20,23,23,24,22
4,4,23 ,0,0,0,0,11,15,18,16,14,10,8,17,19,19,22,22,22
4,4,24 ,0,0,0,0,0,11,14,17,15,13,10,8,16,18,17,20,20
4,4,25 ,0,0,0,0,0,0,10,13,16,14,12,9,7,15,17,16,18
4,4,26 ,0,0,0,0,0,0,0,9,13,15,13,12,9,7,14,15,15
4,4,27 ,0,0,0,0,0,0,0,0,9,12,14,12,11,8,6,13,14
4,4,28 ,0,0,0,0,0,0,0,0,0,8,11,13,11,10,8,6,12
4,4,29 ,0,0,0,0,0,0,0,0,0,0,8,10,12,11,9,7,6
4,4,30 ,0,0,0,0,0,0,0,0,0,0,0,7,9,11,10,9,7
4,4,31 ,0,0,0,0,0,0,0,0,0,0,0,0,6,9,11,9,8
4,4,32 ,0,0,0,0,0,0,0,0,0,0,0,0,0,6,8,10,9
4,4,33 ,0,0,0,0,0,0,0,0,0,0,0,0,0,0,6,8,10
4,4,34 ,0,0,0,0,0,0,0,0,0,0,0,0,0,0,0,5,9
4,5,1 ,0,0,0,0,0,0,0,0,0,0,0,0,0,0,0,0,0
4,5,2 ,0,0,0,0,0,0,0,0,0,0,0,0,0,0,0,0,0
4,5,3 ,0,0,0,0,0,0,0,0,0,0,0,0,0,0,0,0,0
4,5,4 ,0,0,0,0,0,0,0,0,0,0,0,0,0,0,0,0,0
4,5,5 ,0,0,0,0,0,0,0,0,0,0,0,0,0,0,0,0,0
4,5,6 ,0,0,0,0,0,0,0,0,0,0,0,0,0,0,0,0,0
4,5,7 ,0,0,0,0,0,0,0,0,0,0,0,0,0,0,0,0,0
4,5,8 ,0,0,0,0,0,0,0,0,0,0,0,0,0,0,0,0,0
4,5,9 ,0,0,0,0,0,0,0,0,0,0,0,0,0,0,0,0,0
4,5,10 ,0,0,0,0,0,0,0,0,0,0,0,0,0,0,0,0,0
4,5,11 ,0,0,0,0,0,0,0,0,0,0,0,0,0,0,0,0,0
4,5,12 ,0,0,0,0,0,0,0,0,0,0,0,0,0,0,0,0,0
4,5,13 ,0,0,0,0,0,0,0,0,0,0,0,0,0,0,0,0,0
4,5,14 ,0,0,0,0,0,0,0,0,0,0,0,0,0,0,0,0,0
4,5,15 ,0,0,0,0,0,0,0,0,0,0,0,0,0,0,0,0,0
4,5,16 ,0,0,0,0,0,0,0,0,0,0,0,0,0,0,0,0,0
4,5,17 ,0,0,0,0,0,0,0,0,0,0,0,0,0,0,0,0,0
4,5,18 ,0,0,0,0,0,0,0,0,0,0,0,0,0,0,0,0,0
4,5,19 ,0,0,0,0,0,0,0,0,0,0,0,0,0,0,0,0,0
4,5,20 ,0,0,0,0,0,0,0,0,0,0,0,0,0,0,0,0,0
4,5,21 ,0,0,0,0,0,0,0,0,0,0,0,0,0,0,0,0,0
4,5,22 ,0,0,0,0,0,0,0,0,0,0,0,0,0,0,0,0,0
4,5,23 ,0,0,0,0,0,0,0,0,0,0,0,0,0,0,0,0,0
4,5,24 ,0,0,0,0,0,0,0,0,0,0,0,0,0,0,0,0,0
4,5,25 ,0,0,0,0,0,0,0,0,0,0,0,0,0,0,0,0,0
4,5,26 ,0,0,0,0,0,0,0,0,0,0,0,0,0,0,0,0,0
4,5,27 ,0,0,0,0,0,0,0,0,0,0,0,0,0,0,0,0,0
4,5,28 ,0,0,0,0,0,0,0,0,0,0,0,0,0,0,0,0,0
4,5,29 ,0,0,0,0,0,0,0,0,0,0,0,0,0,0,0,0,0
4,5,30 ,0,0,0,0,0,0,0,0,0,0,0,0,0,0,0,0,0
4,5,31 ,0,0,0,0,0,0,0,0,0,0,0,0,0,0,0,0,0
4,5,32 ,0,0,0,0,0,0,0,0,0,0,0,0,0,0,0,0,0
4,5,33 ,0,0,0,0,0,0,0,0,0,0,0,0,0,0,0,0,0
4,5,34 ,0,0,0,0,0,0,0,0,0,0,0,0,0,0,0,0,0
4,6,1 ,0,0,0,0,0,0,0,0,0,0,0,0,0,0,0,0,0
4,6,2 ,0,0,0,0,0,0,0,0,0,0,0,0,0,0,0,0,0
4,6,3 ,0,0,0,0,0,0,0,0,0,0,0,0,0,0,0,0,0
4,6,4 ,0,0,0,0,0,0,0,0,0,0,0,0,0,0,0,0,0
4,6,5 ,0,0,0,0,0,0,0,0,0,0,0,0,0,0,0,0,0
4,6,6 ,0,0,0,0,0,0,0,0,0,0,0,0,0,0,0,0,0
4,6,7 ,0,0,0,0,0,0,0,0,0,0,0,0,0,0,0,0,0
4,6,8 ,0,0,0,0,0,0,0,0,0,0,0,0,0,0,0,0,0
4,6,9 ,0,0,0,0,0,0,0,0,0,0,0,0,0,0,0,0,0
4,6,10 ,0,0,0,0,0,0,0,0,0,0,0,0,0,0,0,0,0
4,6,11 ,0,0,0,0,0,0,0,0,0,0,0,0,0,0,0,0,0
4,6,12 ,0,0,0,0,0,0,0,0,0,0,0,0,0,0,0,0,0
4,6,13 ,0,0,0,0,0,0,0,0,0,0,0,0,0,0,0,0,0
4,6,14 ,0,0,0,0,0,0,0,0,0,0,0,0,0,0,0,0,0
4,6,15 ,0,0,0,0,0,0,0,0,0,0,0,0,0,0,0,0,0
4,6,16 ,0,0,0,0,0,0,0,0,0,0,0,0,0,0,0,0,0
4,6,17 ,0,0,0,0,0,0,0,0,0,0,0,0,0,0,0,0,0
4,6,18 ,0,0,0,0,0,0,0,0,0,0,0,0,0,0,0,0,0
4,6,19 ,0,0,0,0,0,0,0,0,0,0,0,0,0,0,0,0,0
4,6,20 ,0,0,0,0,0,0,0,0,0,0,0,0,0,0,0,0,0
4,6,21 ,0,0,0,0,0,0,0,0,0,0,0,0,0,0,0,0,0
4,6,22 ,0,0,0,0,0,0,0,0,0,0,0,0,0,0,0,0,0
4,6,23 ,0,0,0,0,0,0,0,0,0,0,0,0,0,0,0,0,0
4,6,24 ,0,0,0,0,0,0,0,0,0,0,0,0,0,0,0,0,0
4,6,25 ,0,0,0,0,0,0,0,0,0,0,0,0,0,0,0,0,0
4,6,26 ,0,0,0,0,0,0,0,0,0,0,0,0,0,0,0,0,0
4,6,27 ,0,0,0,0,0,0,0,0,0,0,0,0,0,0,0,0,0
4,6,28 ,0,0,0,0,0,0,0,0,0,0,0,0,0,0,0,0,0
4,6,29 ,0,0,0,0,0,0,0,0,0,0,0,0,0,0,0,0,0
4,6,30 ,0,0,0,0,0,0,0,0,0,0,0,0,0,0,0,0,0
4,6,31 ,0,0,0,0,0,0,0,0,0,0,0,0,0,0,0,0,0
4,6,32 ,0,0,0,0,0,0,0,0,0,0,0,0,0,0,0,0,0
4,6,33 ,0,0,0,0,0,0,0,0,0,0,0,0,0,0,0,0,0
4,6,34 ,0,0,0,0,0,0,0,0,0,0,0,0,0,0,0,0,0
