region,gas_type,b3,b2,b1,b0,oilprc_high,oilprc_low
Alberta,Shale,-3660.1270785864394,20425.050313777832,-37755.459616876804,23238.019320860698,0.35,0.05
Alberta,Coalbed Methane,0.0,0.0,0.0,0.0,0.1,0.4
Alberta,Tight,-8981.815591459912,50596.13133547008,-94112.87410563983,58202.6391989998,0.1,0.05
Alberta,Non Associated,-3225.2001543677593,18080.228753568474,-33506.91427179618,20647.974972870743,0.5,0.2
British Columbia,Shale,318.67095038551355,-1696.8034977271589,2993.038776747966,-1741.370855756951,0.2,0.65
British Columbia,Tight,277.11093069861136,1203.340377285836,-6802.202100769499,7303.799963771861,0.1,0.05
British Columbia,Non Associated,-227.51226476110702,1260.7361765681912,-2320.452340995386,1418.9651580987936,0.5,0.65
Saskatchewan,Tight,0.0,0.0,0.0,0.0,0.5,0.0
Saskatchewan,Non Associated,0.0,0.0,0.0,0.0,0.5,0.65
