list,name,scedes_key
pyfiler1,pyfiler.f90,0
pyfiler1,pyfiler1module.c,0
pyfiler1,pyfiler1-f2pywrappers.f,0
pyfiler1,pyfiler1-f2pywrappers2.f90,0
pyfiler1,util_ngpl_stat_price.f90,0
pyfiler1,util_call_pyd1_module.f90,0
pyfiler1,util_tools.f90,0
pyfiler1,util_refine.f90,0
pyfiler1,util_sumqas.f90,0
pyfiler1,scedes_reader.f90,0
pyfiler1,util_copyadjusted.f90,0
pyfiler1,util_avepas_avepasa.f90,0
pyfiler1,util_minit.f90,0
pyfiler1,MACN,1
pyfiler1,RESDN,1
pyfiler1,TRANFRTN,1
pyfiler1,TRANAIRN,1
pyfiler1,TRANN,1
pyfiler1,COMMN,1
pyfiler1,REFINEN,1
pyfiler1,WORLDN,1
pyfiler1,INDN,1
pyfiler1,FILEMGRN,1
pyfiler1,GDXF9DEFN,1
pyfiler1,CIO4WK1N,1
pyfiler1,FWK1ION,1
pyfiler1,FILERN,1
pyfiler1,NEMSWK1N,1
pyfiler1,arraycode-re.f90,0
pyfiler1,RENEWN,1
pyfiler1,EPHRTSMN,1
pyfiler1,NEMSFUNCTN,1
pyfiler1,UEFPN,1
pyfiler1,UDATN,1
pyfiler1,UTILN,1
pyfiler1,UECPN,1
pyfiler1,UEFDN,1
pyfiler1,UCAPEN,1
pyfiler1,UREADN,1
pyfiler1,ULDSMN,1
pyfiler1,UNUGSN,1
pyfiler1,UESQLN,1
pyfiler1,FSQLITEN,1
pyfiler1,UAIMMSN,1
pyfiler1,UDAFN,1
pyfiler1,ECP_ROW_COLN,1
pyfiler1,EFD_ROW_COLN,1