Notes,,,,,,,,,,,,,,,,,,,,,,,,,,,,,,,,,,,
district_number,1990,1991,1992,1993,1994,1995,1996,1997,1998,1999,2000,2001,2002,2003,2004,2005,2006,2007,2008,2009,2010,2011,2012,2013,2014,2015,2016,2017,2018,2019,2020,2021,2022,2023,2024
1,38,22,25,11,31,28,8,13,8,6,9,9,6,6,17,55,23,21,21,16,27,35,36,33,34,18,8,10,7,3,2,0,0,1,4
2,1,1,5,5,6,2,2,1,1,0,2,1,0,0,2,9,1,1,1,0,1,1,0,0,1,2,0,0,1,0,0,1,0,0,1
3,101,132,102,125,134,122,164,139,165,89,107,130,120,110,107,71,71,68,78,75,66,66,63,67,71,82,69,51,39,69,33,18,45,68,67
4,0,0,0,0,0,0,0,0,0,0,0,0,0,0,0,0,0,0,0,0,0,0,0,0,0,0,0,0,0,0,0,0,0,0,0
5,22,26,17,20,53,28,17,18,3,8,374,277,31,25,47,32,62,46,51,37,12,25,20,40,35,20,6,14,9,12,5,8,18,11,2
6,2026,1723,859,1054,933,1240,1627,2295,2230,1400,1915,1841,1646,1699,1888,1870,2172,1889,2488,1513,1892,2089,2354,2485,2552,1995,876,863,1650,1518,962,1283,733,682,955
7,57,73,58,74,26,39,24,18,6,65,15,10,15,13,15,63,77,21,21,20,29,29,32,59,59,22,9,15,16,14,14,5,1,3,2
8,0,0,0,0,0,0,0,0,0,0,0,0,0,0,0,0,0,0,0,0,0,0,0,0,0,0,0,0,0,0,0,0,0,0,0
9,0,0,0,0,0,0,0,0,0,0,0,0,0,0,0,0,0,0,0,0,0,0,0,0,0,0,0,0,0,0,0,0,0,0,0
10,0,0,0,0,0,0,0,0,0,0,0,0,0,0,0,0,0,0,0,0,0,0,0,0,0,0,0,0,0,0,0,0,0,0,0
11,2,1,2,6,2,1,2,5,3,0,9,0,2,5,2,3,0,0,1,0,1,3,2,3,2,0,0,3,0,1,3,0,0,0,1
12,0,0,0,0,0,0,0,0,0,0,0,0,0,0,0,0,0,0,0,0,0,0,0,0,0,0,0,0,0,0,0,0,0,0,0
13,0,0,0,0,0,0,0,0,0,0,0,0,0,0,0,0,0,0,0,0,0,0,0,0,0,0,0,0,0,0,0,0,0,0,0
14,0,0,0,0,0,0,0,0,0,0,0,0,0,0,0,0,0,0,0,0,0,0,0,0,0,0,0,0,0,0,0,0,0,0,0
15,413,368,364,256,282,256,282,325,200,152,247,290,240,229,191,240,276,228,318,186,240,354,430,372,383,227,83,107,150,130,36,66,82,65,
16,50,66,62,44,30,46,55,51,25,22,31,46,43,50,57,68,74,65,94,78,54,66,76,100,119,30,19,23,35,31,17,44,20,21,
17,0,0,0,0,0,0,0,0,0,0,0,0,0,0,0,0,0,0,0,0,0,0,0,0,0,0,0,0,0,0,0,0,0,0,0
18,1930,839,763,529,551,401,507,685,271,236,356,393,395,362,440,1166,915,872,1069,925,1051,1221,1483,1543,1563,797,478,511,456,387,211,328,459,325,209
19,86,65,47,41,1501,247,224,73,465,392,1125,453,378,192,500,320,399,600,600,428,424,614,254,453,551,340,169,285,220,161,83,129,140,140,140
20,279,263,255,195,161,158,128,126,49,26,67,61,46,56,104,126,182,140,222,176,148,228,376,449,437,219,104,117,133,97,44,41,74,55,65
21,225,229,217,154,126,130,117,168,89,68,127,137,90,126,123,110,152,144,147,80,133,199,250,192,189,81,42,45,67,56,36,38,42,37,34
22,0,0,0,0,0,0,0,0,0,0,0,0,0,0,0,0,0,0,0,0,0,0,0,0,0,0,0,0,0,0,0,0,0,0,0
23,0,0,0,0,0,0,0,0,0,0,0,0,0,0,0,0,0,0,0,0,0,0,0,0,0,0,0,0,0,0,0,0,0,0,0
24,0,0,0,0,0,0,0,0,0,0,0,0,0,0,0,0,0,0,0,0,0,0,0,0,0,0,0,0,0,0,0,0,0,0,0
25,31,23,14,17,17,12,18,30,12,12,6,21,31,6,12,25,21,37,68,25,44,34,50,37,28,13,9,14,13,13,8,14,21,12,
26,0,0,0,0,0,0,0,0,0,0,0,0,0,0,0,0,0,0,0,0,0,0,0,0,0,0,0,0,0,0,0,0,0,0,0
27,109,85,82,83,74,90,87,103,66,52,109,87,30,47,56,60,82,128,111,99,155,182,270,149,134,72,34,32,89,51,14,59,57,50,27
28,0,0,0,0,0,1,0,1,0,0,1,0,0,0,0,1,2,0,0,1,1,1,0,0,2,0,0,0,0,1,0,0,0,0,0
29,0,19,13,4,0,2,8,0,1,3,7,0,0,2,0,1,7,2,91,13,2,33,57,10,0,3,0,0,1,0,0,0,0,0,0
30,116,142,97,107,105,103,98,137,138,127,168,149,82,105,67,104,101,101,91,84,69,49,77,98,73,41,20,23,38,45,31,26,19,18,13
31,140,90,18,31,8,11,46,32,6,9,11,10,13,19,26,22,19,14,31,25,45,67,83,77,111,70,30,38,21,41,11,29,32,47,11
32,8,7,6,6,7,7,2,6,6,0,2,0,4,1,1,1,0,2,1,0,1,0,1,0,2,0,0,0,0,0,0,0,0,0,0
33,0,0,0,0,0,0,0,0,0,0,0,0,0,0,0,0,0,0,0,0,0,0,0,0,0,0,0,0,0,0,0,0,0,0,0
34,0,0,0,0,0,0,0,0,0,0,0,0,0,0,0,0,0,0,0,0,0,0,0,0,0,0,0,0,0,0,0,0,0,0,0
35,185,198,173,253,267,316,396,356,212,105,218,199,151,181,190,248,299,215,274,203,212,148,173,135,126,62,22,50,68,53,20,34,51,46,36
36,35,34,26,17,19,15,12,13,5,4,6,6,5,13,8,6,24,12,17,9,4,12,17,64,116,61,15,35,19,29,11,16,55,21,40
37,9,2,1,1,2,1,0,1,0,0,989,631,116,767,132,100,96,126,214,112,122,132,189,86,124,32,41,52,43,65,37,28,43,29,31
38,0,0,0,0,0,0,0,0,0,0,0,0,0,0,0,0,0,0,0,0,0,0,0,0,0,0,0,0,0,0,0,0,0,0,0
39,121,106,98,75,78,102,147,152,100,43,97,139,115,109,120,123,176,136,104,25,68,44,66,89,124,241,43,39,43,46,21,19,25,35,35
40,160,190,122,286,187,224,170,196,245,119,146,186,177,101,66,94,168,117,139,112,190,176,141,116,135,83,90,25,40,31,16,25,68,31,54
41,1123,1049,745,718,594,553,550,493,342,325,627,355,323,311,328,372,570,400,504,428,577,630,693,904,969,520,334,423,371,264,182,175,354,312,270
42,0,0,0,0,0,0,0,0,0,0,0,0,0,0,0,0,0,0,0,0,0,0,0,0,0,0,0,0,0,0,0,0,0,0,0
43,53,41,33,380,40,32,133,20,8,33,51,54,14,15,26,18,23,10,69,13,116,178,285,270,264,93,33,12,49,56,17,24,2,19,0
44,0,0,0,0,0,0,0,0,0,0,0,0,0,0,0,0,0,0,0,0,0,0,0,0,0,0,0,0,0,0,0,0,0,0,0
45,0,0,0,0,0,0,0,0,0,0,0,0,0,0,0,0,0,0,0,0,0,0,0,0,0,0,0,0,0,0,0,0,0,0,0
46,1,1,1,0,0,0,0,0,0,0,0,1,0,0,1,0,0,0,1,0,0,1,1,0,0,0,0,0,4,1,0,2,0,0,0
47,62,60,15,42,67,166,5,63,45,58,53,69,45,58,70,84,177,77,55,40,60,70,52,84,56,28,16,11,4,7,7,7,7,7,7
48,177,143,155,235,98,194,100,98,85,22,46,69,58,98,71,119,144,65,208,189,204,264,358,417,207,75,35,87,68,41,14,26,39,45,27
49,145,176,152,194,102,119,101,139,103,84,130,117,78,134,179,179,95,49,106,76,95,79,92,100,81,98,60,106,118,81,30,46,71,64,37
50,247,228,238,281,199,189,168,278,126,146,129,180,181,202,201,186,209,186,207,164,197,236,274,297,277,125,96,117,92,110,63,87,63,46,38
51,165,134,147,196,141,109,162,154,51,58,111,69,84,66,54,74,77,51,79,57,60,83,72,94,106,43,22,40,56,35,20,20,28,26,15
52,78,99,45,98,68,26,33,73,45,37,44,26,34,15,25,43,41,21,62,26,25,51,23,28,29,32,25,20,0,3,5,1,2,5,4
53,253,194,146,246,67,87,81,126,147,94,69,77,44,130,59,80,77,44,66,71,53,120,151,118,139,73,49,30,40,55,14,29,62,38,20
54,605,498,485,509,341,464,394,402,293,264,322,220,132,152,197,201,239,228,357,226,283,351,314,365,378,228,174,134,124,119,76,77,94,81,66
55,270,284,234,285,205,315,289,456,140,72,126,88,83,90,86,91,157,130,202,194,128,200,177,201,180,273,53,90,65,39,36,22,29,29,24
56,1002,690,684,941,637,784,891,1048,627,279,613,644,560,559,656,753,1406,792,1083,623,1202,2644,1627,1427,1463,752,179,258,509,376,146,331,371,343,186
57,628,585,564,1319,511,404,566,779,331,523,357,430,355,359,460,594,561,479,437,304,644,542,564,529,720,295,309,298,299,229,294,114,170,109,109
58,702,835,660,744,417,619,546,425,338,276,366,257,223,272,280,333,407,387,496,456,394,429,479,480,569,379,175,210,212,213,91,159,149,141,126
59,171,131,190,230,290,179,146,179,190,59,110,71,56,30,52,46,55,115,108,36,71,72,123,97,147,122,93,74,76,44,7,25,27,16,17
60,25,44,21,14,12,10,8,7,3,0,4,16,10,4,3,7,8,4,16,13,4,8,11,13,10,6,6,96,33,20,24,50,84,84,108
61,0,0,0,0,0,0,0,0,0,0,0,0,0,0,0,0,0,0,0,0,0,0,0,0,0,0,0,0,0,0,0,0,0,0,0
62,0,0,20,1,1,1,2,0,1,1,0,1,3,0,0,0,0,0,0,0,0,0,0,0,0,1,0,0,0,0,0,0,0,0,0
63,0,0,0,0,0,0,0,0,0,0,0,0,0,0,0,0,0,0,0,0,0,0,0,0,0,0,0,0,0,0,0,0,0,0,0
64,195,182,338,175,209,153,138,125,89,112,47,68,286,57,67,77,105,98,79,65,69,69,60,41,55,47,19,14,20,1,27,7,21,7,8
65,0,0,0,0,0,0,0,0,0,0,0,0,0,0,0,0,0,0,0,0,0,0,0,0,0,0,0,0,0,0,0,0,0,0,0
66,358,232,173,217,203,197,375,292,192,168,190,173,126,106,144,183,195,180,203,131,189,224,206,282,408,211,85,170,255,237,108,103,129,96,106
67,0,0,0,0,0,0,0,0,0,0,0,0,0,0,0,0,0,0,0,0,0,0,0,0,0,0,0,0,0,0,0,0,0,0,0
68,0,0,0,0,0,0,0,0,0,0,0,0,0,0,0,0,0,0,0,0,0,0,0,0,0,0,0,0,0,0,0,0,0,0,0
69,0,0,0,0,0,0,0,0,0,0,0,0,0,0,0,0,0,0,0,0,0,0,0,0,0,0,0,0,0,0,0,0,0,0,0
70,0,0,0,0,0,0,0,0,0,0,0,0,0,0,0,0,0,0,0,0,0,0,0,0,0,0,0,0,0,0,0,0,0,0,0
71,26,34,24,45,25,35,42,48,35,11,22,37,21,10,4,17,7,14,4,6,8,15,13,14,12,2,0,1,2,7,2,0,6,5,5
72,0,0,0,0,0,0,0,0,0,0,0,0,0,0,0,1,0,1,0,0,0,0,0,0,0,0,0,0,0,0,0,0,0,0,0
73,23,32,28,22,15,15,26,21,16,16,26,15,20,17,31,28,45,42,16,21,48,42,74,89,78,15,3,16,5,6,8,373,156,46,9
74,0,0,0,0,0,0,0,0,0,0,0,0,0,0,0,0,0,0,0,0,0,0,0,0,0,0,0,0,0,0,0,0,0,0,0
75,4,13,9,6,16,13,5,5,6,8,9,10,6,5,4,1,0,0,3,0,0,0,3,17,13,10,3,11,3,1,0,1,0,0,0
76,0,0,0,0,0,0,0,0,0,0,0,0,0,0,0,0,0,0,0,0,0,0,0,0,0,0,0,0,0,0,0,0,0,0,0
77,0,0,0,0,0,0,0,0,0,0,0,0,0,0,0,0,0,0,0,0,0,0,0,0,0,0,0,0,0,0,0,0,0,0,0
78,0,0,0,0,0,0,0,0,0,0,0,0,0,0,0,0,0,0,0,0,0,0,0,0,0,0,0,0,0,0,0,0,0,0,0
79,0,0,0,0,0,0,0,0,0,0,0,0,0,0,0,0,0,0,0,0,0,0,0,0,0,0,0,0,0,0,0,0,0,0,0
80,360,363,384,413,460,375,477,480,383,389,477,446,324,280,286,225,232,272,218,194,179,195,186,215,246,195,155,140,165,138,84,80,92,105,87
81,11,19,9,16,8,33,21,31,16,11,16,28,19,19,12,20,11,10,14,12,12,14,4,12,9,3,1,1,5,4,2,7,9,2,2
82,12,25,4,24,31,24,32,35,20,10,14,13,23,16,13,22,17,7,3,4,7,2,8,2,13,7,1,0,0,4,0,7,6,8,6
83,0,0,0,0,0,0,0,0,0,0,0,0,0,0,0,0,0,0,0,0,0,0,0,0,0,0,0,0,0,0,0,0,0,0,0
84,0,0,0,0,0,0,0,0,0,0,0,0,0,0,0,0,0,0,0,0,0,0,0,0,0,0,0,0,0,0,0,0,0,0,0
