year,region_number,region_name,units,production
2003,1.0,east_coast,mmbbl,0.099975
2003,2.0,gulf_coast,mmbbl,1.307447
2003,3.0,midcontinent,mmbbl,0.32143
2003,4.0,southwest,mmbbl,29.180032999999998
2003,5.0,rocky_mountain,mmbbl,40.865427
2003,6.0,northern_great_plains,mmbbl,9.138687
2003,7.0,west_coast,mmbbl,15.425557
2003,9.0,gulf_of_mexico,mmbbl,561.765997
2003,10.0,pacific,mmbbl,29.737475
2003,12.0,alaska_onshore_north,mmbbl,4.333845
2004,1.0,east_coast,mmbbl,0.093364
2004,2.0,gulf_coast,mmbbl,1.2934970000000001
2004,3.0,midcontinent,mmbbl,0.3542505
2004,4.0,southwest,mmbbl,27.423606499999998
2004,5.0,rocky_mountain,mmbbl,41.213803
2004,6.0,northern_great_plains,mmbbl,9.365587999999999
2004,7.0,west_coast,mmbbl,13.974739
2004,9.0,gulf_of_mexico,mmbbl,535.284315
2004,10.0,pacific,mmbbl,27.507983
2004,12.0,alaska_onshore_north,mmbbl,4.699669
2005,1.0,east_coast,mmbbl,0.091409
2005,2.0,gulf_coast,mmbbl,1.156107
2005,3.0,midcontinent,mmbbl,0.5161945
2005,4.0,southwest,mmbbl,23.889193000000002
2005,5.0,rocky_mountain,mmbbl,42.5157035
2005,6.0,northern_great_plains,mmbbl,10.2895555
2005,7.0,west_coast,mmbbl,14.551453
2005,9.0,gulf_of_mexico,mmbbl,466.80051
2005,10.0,pacific,mmbbl,26.542513
2005,12.0,alaska_onshore_north,mmbbl,4.241853
2006,1.0,east_coast,mmbbl,0.108664
2006,2.0,gulf_coast,mmbbl,1.101819
2006,3.0,midcontinent,mmbbl,0.663436
2006,4.0,southwest,mmbbl,22.7310005
2006,5.0,rocky_mountain,mmbbl,45.108165
2006,6.0,northern_great_plains,mmbbl,11.468983999999999
2006,7.0,west_coast,mmbbl,14.456596
2006,9.0,gulf_of_mexico,mmbbl,471.875063
2006,10.0,pacific,mmbbl,25.992104
2006,12.0,alaska_onshore_north,mmbbl,3.58602
2007,1.0,east_coast,mmbbl,0.112486
2007,2.0,gulf_coast,mmbbl,1.0051189999999999
2007,3.0,midcontinent,mmbbl,0.558982
2007,4.0,southwest,mmbbl,23.5431875
2007,5.0,rocky_mountain,mmbbl,47.4473625
2007,6.0,northern_great_plains,mmbbl,11.9363515
2007,7.0,west_coast,mmbbl,13.420062
2007,9.0,gulf_of_mexico,mmbbl,467.914423
2007,10.0,pacific,mmbbl,24.624089
2007,12.0,alaska_onshore_north,mmbbl,2.655964
2008,1.0,east_coast,mmbbl,0.119009
2008,2.0,gulf_coast,mmbbl,0.888954
2008,3.0,midcontinent,mmbbl,0.5207335
2008,4.0,southwest,mmbbl,24.0145215
2008,5.0,rocky_mountain,mmbbl,48.853315
2008,6.0,northern_great_plains,mmbbl,11.7238265
2008,7.0,west_coast,mmbbl,13.460323
2008,9.0,gulf_of_mexico,mmbbl,423.338562
2008,10.0,pacific,mmbbl,24.031876
2008,12.0,alaska_onshore_north,mmbbl,3.146941
2009,1.0,east_coast,mmbbl,0.100826
2009,2.0,gulf_coast,mmbbl,0.860526
2009,3.0,midcontinent,mmbbl,0.483948
2009,4.0,southwest,mmbbl,26.629262999999998
2009,5.0,rocky_mountain,mmbbl,48.8246935
2009,6.0,northern_great_plains,mmbbl,11.415299
2009,7.0,west_coast,mmbbl,14.026206
2009,9.0,gulf_of_mexico,mmbbl,570.22498
2009,10.0,pacific,mmbbl,22.306733
2009,12.0,alaska_onshore_north,mmbbl,2.0265459999999997
2010,1.0,east_coast,mmbbl,0.102184
2010,2.0,gulf_coast,mmbbl,0.8109609999999999
2010,3.0,midcontinent,mmbbl,0.4731095
2010,4.0,southwest,mmbbl,29.786827000000002
2010,5.0,rocky_mountain,mmbbl,48.9170115
2010,6.0,northern_great_plains,mmbbl,13.369622
2010,7.0,west_coast,mmbbl,13.937929500000001
2010,9.0,gulf_of_mexico,mmbbl,566.585734
2010,10.0,pacific,mmbbl,21.710278
2010,12.0,alaska_onshore_north,mmbbl,1.575162
2011,1.0,east_coast,mmbbl,0.09901
2011,2.0,gulf_coast,mmbbl,0.878013
2011,3.0,midcontinent,mmbbl,0.558956
2011,4.0,southwest,mmbbl,33.3314835
2011,5.0,rocky_mountain,mmbbl,49.0468585
2011,6.0,northern_great_plains,mmbbl,15.80409
2011,7.0,west_coast,mmbbl,14.885943
2011,9.0,gulf_of_mexico,mmbbl,481.690058
2011,10.0,pacific,mmbbl,19.82027
2011,12.0,alaska_onshore_north,mmbbl,1.299621
2012,1.0,east_coast,mmbbl,0.102859
2012,2.0,gulf_coast,mmbbl,0.930353
2012,3.0,midcontinent,mmbbl,0.7729775
2012,4.0,southwest,mmbbl,41.015510000000006
2012,5.0,rocky_mountain,mmbbl,50.3059845
2012,6.0,northern_great_plains,mmbbl,19.4914025
2012,7.0,west_coast,mmbbl,15.126855
2012,9.0,gulf_of_mexico,mmbbl,464.556209
2012,10.0,pacific,mmbbl,17.685004
2012,12.0,alaska_onshore_north,mmbbl,0.944844
2013,1.0,east_coast,mmbbl,0.098457
2013,2.0,gulf_coast,mmbbl,0.961325
2013,3.0,midcontinent,mmbbl,0.790448
2013,4.0,southwest,mmbbl,47.078168
2013,5.0,rocky_mountain,mmbbl,53.264232
2013,6.0,northern_great_plains,mmbbl,21.481091
2013,7.0,west_coast,mmbbl,15.237859499999999
2013,9.0,gulf_of_mexico,mmbbl,458.98437
2013,10.0,pacific,mmbbl,18.571773
2013,12.0,alaska_onshore_north,mmbbl,1.5717969999999999
2014,1.0,east_coast,mmbbl,0.07808
2014,2.0,gulf_coast,mmbbl,1.0196049999999999
2014,3.0,midcontinent,mmbbl,0.985101
2014,4.0,southwest,mmbbl,58.82658550000001
2014,5.0,rocky_mountain,mmbbl,62.1334715
2014,6.0,northern_great_plains,mmbbl,23.9827985
2014,7.0,west_coast,mmbbl,14.637996
2014,9.0,gulf_of_mexico,mmbbl,510.458445
2014,10.0,pacific,mmbbl,18.509155
2014,12.0,alaska_onshore_north,mmbbl,1.519327
2015,1.0,east_coast,mmbbl,0.06632
2015,2.0,gulf_coast,mmbbl,1.045634
2015,3.0,midcontinent,mmbbl,1.2319365
2015,4.0,southwest,mmbbl,70.7457935
2015,5.0,rocky_mountain,mmbbl,67.5139255
2015,6.0,northern_great_plains,mmbbl,29.0319945
2015,7.0,west_coast,mmbbl,13.395496999999999
2015,9.0,gulf_of_mexico,mmbbl,552.96603
2015,10.0,pacific,mmbbl,11.45104
2015,12.0,alaska_onshore_north,mmbbl,1.566802
2016,1.0,east_coast,mmbbl,0.056138
2016,2.0,gulf_coast,mmbbl,1.2056390000000001
2016,3.0,midcontinent,mmbbl,1.0293025
2016,4.0,southwest,mmbbl,70.137418
2016,5.0,rocky_mountain,mmbbl,56.59137
2016,6.0,northern_great_plains,mmbbl,28.379137
2016,7.0,west_coast,mmbbl,11.003306499999999
2016,9.0,gulf_of_mexico,mmbbl,585.821057
2016,10.0,pacific,mmbbl,6.144177
2016,12.0,alaska_onshore_north,mmbbl,1.354129
2017,1.0,east_coast,mmbbl,0.052525
2017,2.0,gulf_coast,mmbbl,1.238302
2017,3.0,midcontinent,mmbbl,0.7763895
2017,4.0,southwest,mmbbl,82.8255235
2017,5.0,rocky_mountain,mmbbl,58.279432
2017,6.0,northern_great_plains,mmbbl,33.505230999999995
2017,7.0,west_coast,mmbbl,9.800571500000002
2017,9.0,gulf_of_mexico,mmbbl,613.752466
2017,10.0,pacific,mmbbl,5.714394
2017,12.0,alaska_onshore_north,mmbbl,1.5321030000000002
2018,1.0,east_coast,mmbbl,0.049222
2018,2.0,gulf_coast,mmbbl,1.293599
2018,3.0,midcontinent,mmbbl,0.769913
2018,4.0,southwest,mmbbl,123.2346025
2018,5.0,rocky_mountain,mmbbl,63.888663
2018,6.0,northern_great_plains,mmbbl,40.787804
2018,7.0,west_coast,mmbbl,9.531304500000001
2018,9.0,gulf_of_mexico,mmbbl,642.059409
2018,10.0,pacific,mmbbl,4.87383
2018,12.0,alaska_onshore_north,mmbbl,1.635671
2019,1.0,east_coast,mmbbl,0.046393
2019,2.0,gulf_coast,mmbbl,1.176488
2019,3.0,midcontinent,mmbbl,0.984755
2019,4.0,southwest,mmbbl,171.1839305
2019,5.0,rocky_mountain,mmbbl,69.67608
2019,6.0,northern_great_plains,mmbbl,48.209229
2019,7.0,west_coast,mmbbl,9.8178865
2019,9.0,gulf_of_mexico,mmbbl,692.681303
2019,10.0,pacific,mmbbl,4.449338
2019,12.0,alaska_onshore_north,mmbbl,2.204911
2020,1.0,east_coast,mmbbl,0.045056
2020,2.0,gulf_coast,mmbbl,0.988984
2020,3.0,midcontinent,mmbbl,0.690911
2020,4.0,southwest,mmbbl,198.6459195
2020,5.0,rocky_mountain,mmbbl,66.367333
2020,6.0,northern_great_plains,mmbbl,41.8490775
2020,7.0,west_coast,mmbbl,9.460947999999998
2020,9.0,gulf_of_mexico,mmbbl,609.704109
2020,10.0,pacific,mmbbl,4.568558
2020,12.0,alaska_onshore_north,mmbbl,1.551169
2021,1.0,east_coast,mmbbl,0.037903
2021,2.0,gulf_coast,mmbbl,0.837394
2021,3.0,midcontinent,mmbbl,0.511041
2021,4.0,southwest,mmbbl,281.3821175
2021,5.0,rocky_mountain,mmbbl,65.941137
2021,6.0,northern_great_plains,mmbbl,51.1809745
2021,7.0,west_coast,mmbbl,8.597348499999999
2021,9.0,gulf_of_mexico,mmbbl,623.58672
2021,10.0,pacific,mmbbl,3.991788
2021,12.0,alaska_onshore_north,mmbbl,1.313361
2022,1.0,east_coast,mmbbl,0.033829
2022,2.0,gulf_coast,mmbbl,0.726967
2022,3.0,midcontinent,mmbbl,0.808433
2022,4.0,southwest,mmbbl,364.0727905
2022,5.0,rocky_mountain,mmbbl,72.7518
2022,6.0,northern_great_plains,mmbbl,43.415218
2022,7.0,west_coast,mmbbl,8.638560499999999
2022,9.0,gulf_of_mexico,mmbbl,632.641695
2022,10.0,pacific,mmbbl,2.682024
2022,12.0,alaska_onshore_north,mmbbl,1.2425220000000001
2023,1.0,east_coast,mmbbl,0.030417
2023,2.0,gulf_coast,mmbbl,0.753283
2023,3.0,midcontinent,mmbbl,0.780348
2023,4.0,southwest,mmbbl,420.770966
2023,5.0,rocky_mountain,mmbbl,74.9743295
2023,6.0,northern_great_plains,mmbbl,45.84989
2023,7.0,west_coast,mmbbl,8.1096535
2023,9.0,gulf_of_mexico,mmbbl,680.868927
2023,10.0,pacific,mmbbl,3.018729
2023,12.0,alaska_onshore_north,mmbbl,1.182164
2024,1.0,east_coast,mmbbl,0.025136
2024,2.0,gulf_coast,mmbbl,0.658399
2024,3.0,midcontinent,mmbbl,0.6333
2024,4.0,southwest,mmbbl,482.156128
2024,5.0,rocky_mountain,mmbbl,80.7947565
2024,6.0,northern_great_plains,mmbbl,47.675281999999996
2024,7.0,west_coast,mmbbl,7.3176585
2024,9.0,gulf_of_mexico,mmbbl,656.279344
2024,10.0,pacific,mmbbl,3.823015
2024,12.0,alaska_onshore_north,mmbbl,0.972003
