"note:100% cf, tons per year",,,,,,,CAPEX,,,,,,INCREMENTAL OPEX,,,,,,PARASITIC LOAD,,,,REPORTING METRICS,,,,,
facility_id,facility_name,state,co2_capture_tons,ng_thruput_tons,dry_cooling_systempref,ccs_retrofit_applicable,compressors_mm2018$,after_cooler_mm2018$,cool_water_sys_mm2018$,plant_balance_mm2018$,tpc_mm2018$,total_cap_mm2018$,fixed_labor_mm2018$,fixed_taxinsur_mm2018$,fixed_omcost_mm2018$,variable_chemwaste_mm2018$,variable_maintenance_mm2018$,total_om_cost_mm2018$,cool_systemload_MW,CCSretfit_Elec_LoadMW,misc_parasitic_loadMW,tot_parasitic_retfitloadMW,power_cost_mm2018$,tot_incremental_costmm2018$,co2_ts_$ton,tot_increment_cop$ton,cost_co2_capture$tonne,cost_co2_avoid$Tonne
1011930,PECOS GAS PROCESSING PLANT,TX,71.90442191,2385586.171,Y,TRUE,0.09785761,0.000320586,0.006182302,0.032092,0.136452498,0.165809848,0.002693368,0.002729132,0.0054225,0.001366318,0.001541157,0.001775411,2.03E-05,0.000603882,0,0.000624171,0.000176284,0.017400318,0.000273437,0.012218246,436.8400972,446.8400972
r2,REP_FACILITY_CDIV2,PA,86.86188,11181.74759,N,TRUE,0.109814457,0.000365928,0.003207591,0.036630961,0.150018938,0.182295068,0.002961149,0.003000469,0.005961618,0.001502161,0.001694383,0.001951927,1.32E-05,0.0007295,0,0.000742731,0.000244534,0.019181024,0.07047187,2.879649783,398.6240087,408.6240087
1012675,EAST TOYAH GAS PROCESSING PLANT,TX,88.45667745,4353440.25,Y,TRUE,0.111039979,0.000370619,0.007147147,0.03710046,0.155658204,0.189147606,0.00307246,0.003113257,0.006185717,0.001558628,0.001758075,0.0020253,2.50E-05,0.000742894,0,0.000767855,0.000216865,0.019865184,0.000184329,0.007657022,405.3991764,415.3991764
1011497,NATRIUM EXTRACTION AND FRACTIONATION FACILITY,WV,731.3249248,4232253.512,N,TRUE,0.40279217,0.001625897,0.014252001,0.162759041,0.581429109,0.706521859,0.011476541,0.011628931,0.023105471,0.005821932,0.006566928,0.007565091,0.000111393,0.006141954,0,0.006253347,0.002061794,0.075454037,0.001567599,0.030763908,186.2485936,196.2485936
1011160,OAK GROVE PLANT,WV,1285.202551,7437601.024,N,TRUE,0.568128209,0.002412658,0.021148458,0.241517144,0.833206469,1.012468372,0.016446249,0.016664629,0.033110878,0.008343014,0.009410617,0.010841017,0.000195758,0.010793635,0,0.010989393,0.003623318,0.108796744,0.001567599,0.025522819,152.81473,162.81473
1013737,APR - BASIN 430 - GATHERING & BOOSTING,TX,2393.491747,170683.475,Y,TRUE,0.830200844,0.003728534,0.07190244,0.373241747,1.279073564,1.554262451,0.025246998,0.025582238,0.050829237,0.012807544,0.014446446,0.016642284,0.000675394,0.020101482,0,0.020776877,0.005867996,0.167322035,0.127214528,1.73259809,126.1949863,136.1949863
1006160,MIDMAR WEST GAS PLANT,TX,2473.227344,824686.7832,Y,TRUE,0.846963616,0.003815053,0.073570905,0.381902663,1.306252237,1.587288536,0.025783465,0.026125828,0.051909293,0.013079688,0.014753414,0.016995911,0.000697894,0.020771133,0,0.021469027,0.00606348,0.17094821,0.027206411,0.366669589,124.7732293,134.7732293
1010777,BUFFALO CREEK PROCESSING PLANT,OK,2653.16638,1291364.86,Y,TRUE,0.884036154,0.004007291,0.077278096,0.401146492,1.366468033,1.660459581,0.026972034,0.02733018,0.054302214,0.013682637,0.015433519,0.017779391,0.000748669,0.022282332,0,0.023031001,0.005539727,0.178025336,0.018638535,0.244400097,121.1262374,131.1262374
1011129,TARGA SILVER OAK GAS PLANT,TX,2676.659904,190876.6197,Y,TRUE,0.888803054,0.004032097,0.077756465,0.403629681,1.374221297,1.669880937,0.027125072,0.02748525,0.054610322,0.013760271,0.015521088,0.01788027,0.000755299,0.02247964,0,0.023234938,0.006562225,0.180026507,0.127214528,1.671760613,121.412712,131.412712
1012146,COASTAL BASIN GATHERING & BOOSTING - CHEVRON USA INC.,CA,2807.298136,200192.6273,Y,TRUE,0.915018128,0.004168864,0.080393928,0.417320612,1.416901531,1.721743697,0.027967516,0.02833888,0.056306396,0.014187634,0.016003138,0.018435592,0.000792162,0.023576791,0,0.024368953,0.019875683,0.198727378,0.127214528,1.7528635,127.787997,137.787997
1012873,"LONESTAR RESOURCES 220 GULF COAST BASIN (LA, TX)",TX,2930.639137,208988.2585,Y,TRUE,0.939335468,0.004296248,0.082850458,0.430072329,1.456554503,1.769927888,0.028750206,0.029131964,0.05788217,0.014584685,0.016450997,0.018951524,0.000826966,0.024612657,0,0.025439623,0.007184892,0.191041875,0.127214528,1.624221545,117.6757907,127.6757907
1012518,EGG 360 ANADARKO GB,OK,2960.539985,211120.5327,Y,TRUE,0.945170065,0.004326885,0.083441274,0.433139221,1.466077445,1.781499662,0.028938175,0.029322428,0.058260603,0.01468004,0.016558554,0.019075429,0.000835404,0.024863776,0,0.02569918,0.006181514,0.191240552,0.127214528,1.610643193,116.6084322,126.6084322
1011762,CARMEN GAS PROCESSING PLANT,OK,3004.857315,214280.8677,Y,TRUE,0.953775674,0.004372123,0.084313666,0.437667761,1.480129224,1.798574641,0.029215536,0.029603472,0.058819008,0.014820742,0.016717261,0.01925826,0.000847909,0.02523597,0,0.02608388,0.006274047,0.193106804,0.127214528,1.603027525,116.0097845,126.0097845
1011998,"RANGE RESOURCES-LOUISIANA, INC.-BASIN 230 (HOUSTON, TX)",TX,3030.130651,216083.1471,Y,TRUE,0.958661125,0.004397832,0.084809445,0.440241326,1.488109728,1.808272126,0.029373059,0.029763087,0.059136146,0.014900652,0.016807396,0.019362096,0.000855041,0.025448226,0,0.026303267,0.00742881,0.195268925,0.127214528,1.607104371,116.3302547,126.3302547
1000001,CORE ENERGY CO2-EOR,MI,3034.843,385185.5657,N,TRUE,0.959570283,0.004402619,0.038591704,0.440720467,1.443285073,1.753803579,0.028488288,0.028866567,0.057354855,0.014451817,0.016301126,0.018778873,0.000462258,0.025487802,0,0.02595006,0.010461546,0.192643565,0.071476368,0.890509844,114.5880094,124.5880094
1008293,MARATHON OIL EF - GULF COAST BASIN (AAPG BASIN NUMBER 220),TX,3097.051598,220855.3799,Y,TRUE,0.971521105,0.004465598,0.086116264,0.447024955,1.509127922,1.833812322,0.029787927,0.030183463,0.059971391,0.01511111,0.017044785,0.019635568,0.000873925,0.026010254,0,0.026884179,0.007592877,0.198086062,0.127214528,1.596015955,115.4586234,125.4586234
1010634,DEADWOOD CRYO PLANT,TX,3274.676878,176119.3255,Y,TRUE,1.005139747,0.004643374,0.089544557,0.464821039,1.564148716,1.900670677,0.030873955,0.031283912,0.062157868,0.015662041,0.017666216,0.020351454,0.000924047,0.027502021,0,0.028426068,0.008028351,0.205466664,0.168677709,2.079197352,113.2645007,123.2645007
1009706,"SILVERBOW RESOURCES, LLC - BASIN 220",TX,3469.922301,247445.3472,Y,TRUE,1.041282904,0.004835479,0.093249196,0.484051627,1.623419207,1.972693038,0.032043866,0.032469358,0.064513224,0.016255525,0.018335644,0.021122635,0.000979141,0.029141768,0,0.03012091,0.008507024,0.213426893,0.127214528,1.539709791,111.0325437,121.0325437
1013511,TARGA FALCON GAS PROCESSING PLANT,TX,3719.274021,265226.9912,Y,TRUE,1.086308501,0.005076173,0.097890827,0.508146084,1.697421585,2.062616809,0.033504562,0.03394945,0.067454012,0.016996521,0.019171461,0.022085494,0.001049503,0.031235922,0,0.032285425,0.009118346,0.223379337,0.127214528,1.506462743,108.4190806,118.4190806
1012457,"WTG GAS PROCESSING, L.P. 430 PERMIAN BASIN GB",TX,3977.168842,283617.8564,Y,TRUE,1.131654482,0.005320072,0.102594267,0.532561392,1.772130213,2.153398777,0.034979199,0.035443667,0.070422866,0.017744589,0.020015254,0.023057544,0.001122276,0.033401824,0,0.0345241,0.009750613,0.233441875,0.127214528,1.475129022,105.956019,115.956019
1012478,ENTERPRISE PRODUCTS OPERATING LLC 220 GULF COAST BASIN,TX,4034.122839,287679.3311,Y,TRUE,1.14151245,0.005373288,0.103620493,0.537888479,1.78839471,2.173162533,0.035300236,0.035768967,0.071069202,0.017907448,0.020198953,0.023269164,0.001138347,0.033880146,0,0.035018493,0.009890244,0.23563453,0.127214528,1.468580927,105.4412904,115.4412904
r5,REP_FACILITY_CDIV5,WV,4126.67894,43110482.05,N,TRUE,1.157417664,0.00545929,0.047854091,0.546497698,1.757228743,2.1352913,0.034685066,0.035145629,0.069830695,0.017595379,0.01984695,0.022863657,0.000628563,0.034657468,0,0.035286031,0.011634174,0.233444463,0.000868388,0.009736228,102.1183511,112.1183511
1000002,TERRELL GAS PROCESSING,TX,4335.48999,550265.0938,Y,TRUE,1.192798227,0.005651223,0.108980301,0.565710958,1.873140709,2.276141382,0.036972995,0.037463938,0.074436932,0.018756022,0.021156113,0.024371811,0.001223387,0.036411145,0,0.037634532,0.01062909,0.247070637,0.071476368,0.80677934,102.873578,112.873578
1002195,Sneed Booster Station,TX,4373.966,3405566.517,Y,TRUE,1.202532756,0.005704179,0.110001535,0.571012125,1.889250595,2.295717263,0.034685066,0.035145629,0.069830695,0.017595379,0.01984695,0.022863657,0.000628563,0.034657468,0,0.035286031,0.011634174,0.233444463,0.000868388,0.009736228,102.1183511,112.1183511
1012822,"URBAN 220 GULF COAST BASIN (LA, TX) GB",TX,4393.644949,313317.3903,Y,TRUE,1.202532756,0.005704179,0.110001535,0.571012125,1.889250595,2.295717263,0.03729098,0.037786145,0.075077125,0.018917332,0.021338066,0.02458142,0.001239797,0.036899554,0,0.03813935,0.010771665,0.24924672,0.127214528,1.42996759,102.4059974,112.4059974
1009878,CONTURA PENNSYLVANIA LAND LLC,PA,4693.18738,334678.2089,N,TRUE,1.251898462,0.005973698,0.052363193,0.597992016,1.908227367,2.318776831,0.037665553,0.038165692,0.075831245,0.019107349,0.021552398,0.024828331,0.000714852,0.039415228,0,0.04013008,0.013212277,0.254082719,0.127214528,1.370482777,97.73005247,107.7300525
1008680,AREA 71 CGP FACILITY,TX,4905.696983,349832.5864,Y,TRUE,1.286178155,0.00616178,0.118826082,0.61681988,2.027985897,2.464301053,0.040029407,0.040560934,0.080590341,0.020306508,0.022905006,0.026386533,0.001384287,0.041199967,0,0.042584255,0.012027036,0.268014277,0.127214528,1.381842078,98.62297726,108.6229773
1010222,GULF COAST BASIN,TX,5728.682248,408520.8961,Y,TRUE,1.413797073,0.006868375,0.132452325,0.687552987,2.24067076,2.722744434,0.044227488,0.044814759,0.089042247,0.022436152,0.025307167,0.029153819,0.001616517,0.04811172,0,0.049728237,0.014044705,0.296878589,0.127214528,1.317309859,93.55026902,103.550269
1012788,BEARKAT CRYOGENIC PLANT,TX,6561.990424,1239533.848,Y,TRUE,1.535908704,0.007553368,0.145661973,0.756123566,2.445247611,2.971335389,0.048265529,0.048906419,0.097171948,0.024484609,0.027617752,0.03181561,0.001851659,0.055110169,0,0.056961829,0.016087683,0.324744755,0.048025672,0.477068757,89.33619507,99.33619507
1010351,RAWHIDE GAS PLANT,TX,6600.612354,560657.0205,Y,TRUE,1.541416734,0.00758446,0.146261571,0.759236046,2.45449881,2.982576956,0.048448134,0.049091448,0.097539582,0.024577242,0.027722239,0.031935979,0.001862558,0.055434531,0,0.057297089,0.01618237,0.326007197,0.106802942,1.059044373,89.15872668,99.15872668
1013867,ST. LAWRENCE GAS PLANT,TX,6639.946208,473504.4916,Y,TRUE,1.54701339,0.007616069,0.14687114,0.762400289,2.463900888,2.994001863,0.048633717,0.049279495,0.097913212,0.024671386,0.027828431,0.032058311,0.001873657,0.055764873,0,0.05763853,0.016278803,0.327290428,0.127214528,1.259162205,88.97943458,98.97943458
1012233,WILLIAMS G&B FACILITY ? ANADARKO BASIN 360,OK,7612.257735,542841.4803,Y,TRUE,1.681500171,0.008380601,0.161614645,0.838933039,2.690428455,3.269266165,0.053105032,0.053810183,0.106915215,0.026939639,0.030386937,0.035005707,0.002148023,0.063930726,0,0.06607875,0.015894153,0.355499748,0.127214528,1.199680255,84.30371469,94.30371469
1009103,STUART PLANT,OK,7852.532413,559975.8268,Y,TRUE,1.713679614,0.008564904,0.165168829,0.85738262,2.744795967,3.335330686,0.054178165,0.054897565,0.109075731,0.027484028,0.031000989,0.035713094,0.002215824,0.065948647,0,0.068164471,0.016395839,0.3628641,0.127214528,1.188401414,83.41711464,93.41711464
1012358,"MERIT ENERGY CO., SOUTH TEXAS G&B ? 220",TX,7887.772699,562488.8643,Y,TRUE,1.718366773,0.008591792,0.165687347,0.86007422,2.752720133,3.344959712,0.054334577,0.055056053,0.10939063,0.027563374,0.031090488,0.035816197,0.002225768,0.066244609,0,0.068470377,0.019338033,0.36680654,0.127214528,1.195138393,83.94669088,93.94669088
1012818,LEWIS ENERGY GROUP - G&B,TX,7963.058764,567857.6262,Y,TRUE,1.728352977,0.008649115,0.166792768,0.865812405,2.769607265,3.365480061,0.054667903,0.055393806,0.11006171,0.027732467,0.031281219,0.036035919,0.002247012,0.066876891,0,0.069123903,0.019522607,0.369122732,0.127214528,1.191721426,83.67809205,93.67809205
1008681,AREA 72 CGP FACILITY,TX,8406.766001,599499.0527,Y,TRUE,1.786476696,0.008983715,0.173245333,0.899307325,2.86801307,3.485057583,0.056610287,0.057361981,0.113972268,0.028717819,0.03239266,0.037316296,0.002372217,0.070603318,0,0.072975536,0.020610421,0.382632048,0.127214528,1.172440016,82.16243102,92.16243102
1010312,PANOLA COUNTY GAS PLANT,TX,8586.705037,722185.4021,Y,TRUE,1.809705401,0.009117889,0.175832785,0.912738649,2.907394724,3.532912083,0.057387622,0.058149638,0.11553726,0.029112153,0.032837454,0.037828699,0.002422992,0.072114517,0,0.074537509,0.021051568,0.388044235,0.107863397,0.987796551,81.57847633,91.57847633
1012964,STARTEX GULF COAST BASIN #220,TX,8910.80888,635443.1039,Y,TRUE,1.851071265,0.009357454,0.18045265,0.936720122,2.97760149,3.618223628,0.058773398,0.059553816,0.118327214,0.029815143,0.033630402,0.038742173,0.002514448,0.074836468,0,0.077350916,0.021846156,0.397700836,0.127214528,1.152151086,80.5675715,90.5675715
1012393,ENERGY TRANSFER 230 - ARKLA BASIN,TX,9173.331212,654163.964,Y,TRUE,1.884148833,0.009549588,0.184157845,0.955953597,3.033809864,3.686525066,0.059882867,0.060678017,0.120560884,0.030377965,0.034265245,0.039473512,0.002588526,0.077041234,0,0.07962976,0.022489768,0.405439481,0.127214528,1.142192394,79.78474492,89.78474492
1012495,420 FORT WORTH SYNCLINE,TX,10327.00563,736434.2112,Y,TRUE,2.025340665,0.010375231,0.200079854,1.0386039,3.274399651,3.978877033,0.06463175,0.065489957,0.130121706,0.032787025,0.036982577,0.042603874,0.00291407,0.086730244,0,0.089644313,0.02531817,0.438636889,0.127214528,1.102627098,76.67462088,86.67462088
1012558,KINDER MORGAN PRODUCTION 430 PERMIAN BASIN GB,TX,10357.97436,738642.6381,Y,TRUE,2.029043406,0.010397001,0.200499667,1.040783124,3.280723197,3.986561072,0.064756567,0.065616431,0.130372998,0.032850343,0.037053998,0.042686151,0.002922808,0.086990331,0,0.08991314,0.025394094,0.439511018,0.127214528,1.101648786,76.59771831,86.59771831
1012984,"SOUTHERN ENERGY OPERATING, LLC MIDGULF COAST BASIN",MS,10504.45292,749088.2434,N,TRUE,2.046498771,0.010499705,0.09203648,1.051064255,3.200099212,3.888591074,0.06316517,0.064003903,0.127169074,0.032043044,0.036143394,0.041637136,0.001600006,0.088220516,0,0.089820522,0.026895963,0.430835936,0.127214528,1.069095645,74.03880142,84.03880142
1003767,Sand Hills Gas Plant,TX,10819.39,737187.9598,Y,TRUE,2.124758955,0.010961751,0.211390521,1.097316972,3.444428199,4.18548672,0.064756567,0.065616431,0.130372998,0.032850343,0.037053998,0.042686151,0.002922808,0.086990331,0,0.08991314,0.025394094,0.439511018,0.127214528,1.101648786,76.59771831,86.59771831
1011538,REDTAIL GAS PLANT,CO,11170.99268,305846.0815,Y,TRUE,2.124758955,0.010961751,0.211390521,1.097316972,3.444428199,4.18548672,0.067987859,0.06889063,0.136878488,0.034489544,0.038902958,0.04481615,0.003152225,0.093818378,0,0.096970604,0.03883268,0.473613648,0.331348569,2.867285444,76.53381105,86.53381105
1011986,STERLING ENERGY INVESTMENTS LLC CENTENNIAL GAS PLANT,CO,11322.63269,167431.0816,Y,TRUE,2.142306552,0.0110657,0.213395111,1.107722693,3.474490056,4.222016296,0.068581235,0.069491885,0.13807312,0.034790558,0.03924249,0.045207291,0.003195015,0.09509191,0,0.098286926,0.039359812,0.477935408,0.613490143,5.288152785,76.19784439,86.19784439
1007489,PITTSBURG GAS PLANT,TX,11415.71688,814071.8389,Y,TRUE,2.15303275,0.011129302,0.214621638,1.114089528,3.492873218,4.244354541,0.068944091,0.069859559,0.13880365,0.034974631,0.039450118,0.045446478,0.003221282,0.095873668,0,0.09909495,0.027987306,0.468883359,0.127214528,1.070448076,74.14511249,84.14511249
1013701,SANTA FE 430 30-30 GAS PLANT GB,TX,11527.66709,822055.1751,Y,TRUE,2.165887825,0.011205589,0.216092787,1.121726184,3.514912385,4.27113537,0.069379111,0.070300356,0.139679467,0.035195313,0.039699039,0.045733234,0.003252872,0.09681387,0,0.100066741,0.028261768,0.471939767,0.127214528,1.067376664,73.90367685,83.90367685
1010732,CHISHOLM PLANT,TX,12065.70438,1086859.517,Y,TRUE,2.22700312,0.01156918,0.223104407,1.158123131,3.619799838,4.398589047,0.071449433,0.072398168,0.1438476,0.036245565,0.040883686,0.047097946,0.003404695,0.101332518,0,0.104737213,0.029580845,0.486498507,0.100710678,0.833746588,72.78631446,82.78631446
1012351,CALIFORNIA RESOURCES PRODUCTION CORPORATION- VENTURA BASIN GATHERING AND BOOSTING,CA,12252.58469,873750.133,Y,TRUE,2.247980788,0.011694324,0.22551772,1.170650509,3.65584334,4.442387202,0.072160877,0.073119059,0.145279937,0.036606474,0.041290778,0.047566915,0.003457429,0.102902012,0,0.106359441,0.086748354,0.548215691,0.127214528,1.154713409,80.76898904,90.76898904
1008081,"VINE OIL & GAS, LP ARKLA BASIN",LA,12477.19701,889767.574,N,TRUE,2.273029542,0.011843979,0.103819878,1.185631645,3.574325044,4.343330486,0.070551828,0.071488644,0.142040473,0.03579022,0.040370072,0.046506264,0.001900488,0.104788394,0,0.106688883,0.027981164,0.479158664,0.127214528,1.009115703,69.32393567,79.32393567
1013558,MENTONE GAS PLANT,TX,12718.53958,906978.0731,Y,TRUE,2.29974885,0.012003884,0.231487394,1.201638768,3.744878895,4.550578492,0.073918306,0.074899824,0.14881813,0.037498,0.042296386,0.048725374,0.003588912,0.106815284,0,0.110404195,0.031181367,0.503887424,0.127214528,1.037031182,71.51829813,81.51829813
1013787,TARGA GATEWAY GAS PROCESSING PLANT,TX,12876.23096,918223.2812,Y,TRUE,2.317100296,0.012107872,0.233492752,1.212048476,3.774749397,4.586875544,0.074507905,0.075497252,0.150005157,0.037797097,0.042633757,0.049114026,0.003633409,0.108139638,0,0.111773047,0.03156797,0.508044501,0.127214528,1.033303001,71.22523566,81.22523566
1008920,DCP MIDSTREAM LP CIMARRON PLT,OK,13055.63605,931016.9266,Y,TRUE,2.336740532,0.012225717,0.235765306,1.223845186,3.80857674,4.62798074,0.075175606,0.076173819,0.151349425,0.038135815,0.043015819,0.04955416,0.003684033,0.109646352,0,0.113330386,0.027259754,0.50800622,0.127214528,1.020784578,70.24119526,80.24119526
1011981,VALLEY WELLS TREATER,TX,13073.96812,932324.2137,Y,TRUE,2.338741475,0.012237731,0.235996992,1.225047856,3.812024055,4.632169734,0.075243651,0.076242767,0.151486418,0.038170333,0.043054755,0.049599014,0.003689206,0.109800312,0,0.113489518,0.032052752,0.513234363,0.127214528,1.028714907,70.86457759,80.86457759
1013957,PANTHER CREEK PROCESSING FACILITY,OK,14100.91989,1005557.68,Y,TRUE,2.449145755,0.012902947,0.24882527,1.291638766,4.002512739,4.863641494,0.079003613,0.080052655,0.159056268,0.040077723,0.045206221,0.0520775,0.003978991,0.118425056,0,0.122404047,0.029442274,0.534668763,0.127214528,0.99796752,68.44760624,78.44760624
1011670,SILVER PLANT,TX,14257.00944,1016688.659,Y,TRUE,2.465647778,0.013002762,0.250750137,1.301630646,4.031031323,4.898295768,0.079566527,0.080623044,0.160189571,0.040363284,0.045528323,0.052448561,0.004023036,0.119735957,0,0.123758993,0.034953151,0.543779465,0.127214528,1.003109381,68.8517945,78.8517945
1010691,RED BLUFF PROCESSING PLANT,TX,14493.36853,2435858.606,Y,TRUE,2.490502516,0.013153285,0.253652886,1.316698662,4.074007349,4.950517958,0.080414809,0.08148259,0.161897399,0.040793609,0.046013714,0.053007731,0.004089732,0.121720994,0,0.125810726,0.03553262,0.549783683,0.053977593,0.423598834,68.47679238,78.47679238
1013904,BIG LAKE CRYO PLANT,TX,15055.07733,3706530.854,Y,TRUE,2.54894412,0.013508085,0.260494985,1.352215634,4.175162824,5.073436733,0.082411467,0.08350576,0.165917227,0.041806493,0.047156211,0.054323885,0.004248235,0.126438444,0,0.130686679,0.036909732,0.563929379,0.036847805,0.28600547,67.61804786,77.61804786
1007903,Velma Gas Plant,OK,15408.64,2301586.701,Y,TRUE,2.61418108,0.013905559,0.268160022,1.392004437,4.288251098,5.210855615,0.08464366,0.085767594,0.170411254,0.042938862,0.048433482,0.0557953,0.004427931,0.131786682,0,0.136214614,0.038470982,0.57976546,0.127214528,0.975680786,66.69570459,76.69570459
1002515,ARTESIA GAS PLANT,NM,15622.71,480391.2777,Y,TRUE,2.61418108,0.013905559,0.268160022,1.392004437,4.288251098,5.210855615,0.08464366,0.085767594,0.170411254,0.042938862,0.048433482,0.0557953,0.004427931,0.131786682,0,0.136214614,0.038470982,0.57976546,0.127214528,0.975680786,66.69570459,76.69570459
1012472,TARGA RESOURCES CORP. 345 ARKOMA BASIN GB,TX,15691.89421,1119012.438,Y,TRUE,2.61418108,0.013905559,0.268160022,1.392004437,4.288251098,5.210855615,0.08464366,0.085767594,0.170411254,0.042938862,0.048433482,0.0557953,0.004427931,0.131786682,0,0.136214614,0.038470982,0.57976546,0.127214528,0.975680786,66.69570459,76.69570459
1004137,XTO - COTTON COVE,TX,15819.1508,1128087.295,Y,TRUE,2.627092846,0.013984403,0.269680466,1.399896977,4.310654691,5.238079274,0.085085874,0.086215679,0.171301553,0.043163192,0.048686518,0.056086797,0.004463841,0.132855433,0,0.137319274,0.03878297,0.582905394,0.127214528,0.973413546,66.51748282,76.51748282
1005215,MIVIDA TREATER PLANT,TX,15856.52686,2104942.629,Y,TRUE,2.630877408,0.014007523,0.270126331,1.402211442,4.317222705,5.246060377,0.085215516,0.086347043,0.17156256,0.043228959,0.048760701,0.056172255,0.004474387,0.133169332,0,0.137643719,0.038874603,0.58382609,0.068338282,0.522552146,66.46550811,76.46550811
1012464,"DIVIDE CREEK GATHERING SYSTEM, LLC",CO,16477.32544,251745.7205,Y,TRUE,2.693237105,0.014389192,0.277486575,1.440418077,4.425530949,5.377670818,0.087353359,0.088513273,0.175866632,0.044313464,0.049983984,0.057581476,0.004649564,0.138383042,0,0.143032606,0.057278589,0.615901536,0.593773588,4.600284606,67.47539972,77.47539972
1010547,OFS GPRP CANADIAN VALLEY,OK,16792.7082,1197513.129,Y,TRUE,2.724566062,0.014581434,0.281193833,1.459662257,4.480003585,5.443863082,0.088428567,0.089602758,0.178031326,0.044858907,0.050599223,0.05829023,0.004738559,0.14103175,0,0.145770309,0.035062643,0.600561525,0.127214528,0.94850044,64.55912898,74.55912898
1011722,MIDMAR EAST GAS PLANT,TX,17081.57175,1216287.822,Y,TRUE,2.753059936,0.014756562,0.284571074,1.477193337,4.52958091,5.50410682,0.08940715,0.090594335,0.180001484,0.045355331,0.051159172,0.058935291,0.00482007,0.143457739,0,0.148277809,0.04187798,0.613634876,0.127405367,0.953616091,64.8489731,74.8489731
1012500,TARGA RESOURCES CORP. 430 PERMIAN BASIN GB,TX,17333.59319,1236084.446,Y,TRUE,2.777766501,0.01490863,0.287503604,1.492415941,4.572594676,5.556374871,0.090256177,0.091454636,0.181710813,0.045786034,0.051644989,0.059494951,0.004891185,0.145574314,0,0.1504655,0.042495848,0.619682256,0.127214528,0.948204911,64.53589826,74.53589826
1008677,AREA 51 CGP FACILITY,TX,17509.26068,1248611.557,Y,TRUE,2.794905019,0.015014234,0.289540113,1.50298735,4.602446716,5.592649488,0.090845412,0.092051694,0.182897106,0.046084947,0.051982152,0.059883362,0.004940755,0.147049639,0,0.151990394,0.042926523,0.623881074,0.127214528,0.945475074,64.32131294,74.32131294
1009769,"KH EAST HOLLY GAS TREATING FACILITY GLOSTER,LA",LA,17748.11151,1265644.367,N,TRUE,2.818100656,0.015157313,0.132863319,1.517310151,4.483431438,5.448028427,0.088496228,0.089671318,0.178167546,0.04489323,0.050637939,0.05833483,0.002703338,0.149055602,0,0.15175894,0.039801633,0.605733204,0.127214528,0.910981288,61.60984697,71.60984697
1012357,AERA ENERGY SAN JOAQUIN G AND B,CA,17897.97171,1276331.122,Y,TRUE,2.832591965,0.015246789,0.294024788,1.526267061,4.668130602,5.672465069,0.092141913,0.093365412,0.185507325,0.046742649,0.052724016,0.060737989,0.005050441,0.150314186,0,0.155364628,0.12671772,0.715963373,0.127214528,1.045852931,72.21175267,82.21175267
1012232,WILLIAMS G&B FACILITY  STRAWN BASIN 415,OK,18095.70887,1290432.055,Y,TRUE,2.851640714,0.015364507,0.296294912,1.538051154,4.701351287,5.712833085,0.09279764,0.094029845,0.186827485,0.047075292,0.053099226,0.06117023,0.005106239,0.151974861,0,0.157081099,0.037783267,0.631222278,0.127214528,0.9282732,62.9691188,72.9691188
1013774,BLACK RIVER GAS PROCESSING PLANT,NM,18252.33237,278864.8303,Y,TRUE,2.866671278,0.015457475,0.298087751,1.547357689,4.727574194,5.744697772,0.093315241,0.094554319,0.18786956,0.047337866,0.053395399,0.061511421,0.005150435,0.153290246,0,0.158440681,0.046769469,0.643518528,0.593773588,4.372839445,63.64489655,73.64489655
1004837,KEATCHIE GAS PLANT,LA,19142.77252,1365099.729,N,TRUE,2.951186407,0.015981557,0.140088337,1.599820459,4.70707676,5.719790376,0.092910652,0.094144358,0.18705501,0.047132622,0.053163892,0.061244725,0.002915768,0.160768512,0,0.16368428,0.042929277,0.637091,0.127214528,0.891497599,60.07828537,70.07828537
1010881,HEREFORD RANCH PROCESSING PLANT,CO,20028.76315,199663.8032,Y,TRUE,3.033770403,0.016495808,0.31811135,1.651299126,5.019676686,6.099645251,0.099080907,0.100396544,0.199477451,0.050262729,0.056694539,0.065312026,0.005651707,0.168209409,0,0.173861116,0.069624121,0.703244497,0.910020224,6.678005641,63.38304648,73.38304648
1008831,CATCHER RANCH GAS PLANT,OK,20924.54274,1492160.427,Y,TRUE,3.115830584,0.017008848,0.328004994,1.702656508,5.163500933,6.274412858,0.101919782,0.103273115,0.205192898,0.051702862,0.058318957,0.067183352,0.005904478,0.175732517,0,0.181636995,0.043689782,0.695464709,0.127214528,0.890481955,59.99844828,69.99844828
1010313,PANOLA II GAS PLANT,TX,21514.19459,1534209.383,Y,TRUE,3.169100389,0.017342962,0.33444818,1.736102747,5.256994278,6.388021019,0.103765201,0.105143038,0.208908239,0.052639024,0.059374913,0.068399813,0.006070865,0.180684645,0,0.18675551,0.052745206,0.716321547,0.127214528,0.89182551,60.10406158,70.10406158
1011281,NORTH LOUISIANA GAS PLANT,LA,21665.65663,1545010.367,N,TRUE,3.18269134,0.017428339,0.152770286,1.744649372,5.097539338,6.194259821,0.100617799,0.101953844,0.202571643,0.051042379,0.057573956,0.066325112,0.003300046,0.181956682,0,0.185256729,0.048587057,0.692035828,0.127214528,0.860738535,57.66039606,67.66039606
1013185,TARGA OAHU GAS PROCESSING PLANT,TX,21915.72028,1562842.78,Y,TRUE,3.205049173,0.017568906,0.338805379,1.758720733,5.320144192,6.46475745,0.105011686,0.106406074,0.21141776,0.053271353,0.060088158,0.069221469,0.006184168,0.184056815,0,0.190240982,0.053729605,0.725277191,0.127214528,0.887201032,59.74054351,69.74054351
1010782,BUCKING HORSE PLANT,WY,22396.98156,1236051.918,N,TRUE,3.247800024,0.01783809,0.156362007,1.785667129,5.20766725,6.328081427,0.102791559,0.104156468,0.206948027,0.052145105,0.058817791,0.067758009,0.003411439,0.188098636,0,0.191510075,0.065888149,0.723238071,0.164380021,1.122592268,58.29250049,68.29250049
1012150,LINCOLN PARISH GAS PROCESSING PLANT,LA,22599.70219,531342.4877,N,TRUE,3.265700459,0.017950957,0.157351357,1.796965589,5.237968363,6.364901735,0.103389658,0.104762509,0.208152167,0.052448515,0.059160026,0.068152263,0.003442317,0.189801163,0,0.19324348,0.050681733,0.711856484,0.385855259,2.579847317,56.8604938,66.8604938
1013973,TRIDENT GAS PLANT,TX,22967.23346,1637827.757,Y,TRUE,3.297994964,0.018154813,0.350104225,1.817372444,5.483626447,6.663412428,0.108238581,0.109675818,0.217914399,0.054908324,0.061934601,0.071348569,0.006480883,0.192887835,0,0.199368718,0.056307544,0.748491059,0.127214528,0.875617564,58.82999749,68.82999749
1012272,BASIN 540 DENVER JULESBURG ? NBL MIDSTREAM HOLDINGS LLC,CO,23103.74507,352986.2277,Y,TRUE,3.309938653,0.018230281,0.351559584,1.824927132,5.50465565,6.688966001,0.108653666,0.110096414,0.21875008,0.055118892,0.062172115,0.071622185,0.006519404,0.194034313,0,0.200553717,0.080313393,0.775151368,0.593773588,4.189990736,60.56546168,70.56546168
1012461,WTG SOUTH PERMIAN MIDSTREAM LLC 430 PERMIAN BASIN GB,TX,23406.31318,1669139.188,Y,TRUE,3.336313306,0.018397076,0.354776121,1.841624007,5.55111051,6.745415487,0.109570615,0.111025539,0.220596155,0.055584051,0.062696797,0.072226618,0.006604782,0.196575399,0,0.203180181,0.057384012,0.75808586,0.127214528,0.870991954,58.46639044,68.46639044
1012591,EMP 345 ARKOMA GB,OK,23518.79733,1677160.601,Y,TRUE,3.346084523,0.01845892,0.35596873,1.847814778,5.568326952,6.766335995,0.109910442,0.111369878,0.221280321,0.055756442,0.062891248,0.072450625,0.006636523,0.197520085,0,0.204156608,0.049106504,0.751981537,0.127214528,0.861474201,57.71822489,67.71822489
1012465,TARGA BUFFALO GAS PROCESSING PLANT,TX,23675.5988,1688342.348,Y,TRUE,3.35967512,0.018544981,0.357628362,1.856429837,5.592278299,6.795440404,0.110383206,0.11184892,0.222232126,0.05599627,0.063161765,0.072762261,0.006680769,0.198836965,0,0.205517734,0.058044206,0.763942553,0.127214528,0.868213045,58.24794768,68.24794768
1012622,SUMMIT MIDSTREAM 415 STRAWN BASIN GB,CO,24155.61421,369057.0128,Y,TRUE,3.401063356,0.018807383,0.362688623,1.882697383,5.665256744,6.884119945,0.111823691,0.113308532,0.225132224,0.056727013,0.063986018,0.073711798,0.00681622,0.202868323,0,0.209684543,0.083969908,0.79908013,0.593773588,4.139571828,59.71633485,69.71633485
1012906,ARROWHEAD GAS PLANT,TX,24941.04543,7796140.31,Y,TRUE,3.468100139,0.019233396,0.370904011,1.925343029,5.783580575,7.027900798,0.114159227,0.11567508,0.229834307,0.057911806,0.065322421,0.075251333,0.007037853,0.209464682,0,0.216502535,0.061146634,0.791192557,0.029022262,0.195217929,57.26489087,67.26489087
1013618,JACKSON LAKE GAS PLANT,CO,25417.50122,388336.5163,Y,TRUE,3.508364685,0.019489859,0.375849754,1.951016115,5.854720413,7.11434616,0.115563421,0.117097919,0.23266134,0.05862414,0.066125908,0.076176948,0.007172299,0.213466145,0,0.220638443,0.088356488,0.827382202,0.593773588,4.082887072,58.76168215,68.76168215
1012737,"SWG PIPELINE, LLC G&B 415 - STRAWN BASIN",TX,25419.10305,1812674.243,Y,TRUE,3.508499554,0.019490719,0.375866334,1.951102182,5.854958789,7.114635823,0.115568126,0.117102687,0.232670813,0.058626527,0.0661286,0.076180049,0.007172751,0.213479597,0,0.220652348,0.062318662,0.801374466,0.127214528,0.851205061,56.91099477,66.91099477
1010592,ZIDER,TX,26382.6935,1881389.319,Y,TRUE,3.589040515,0.020005025,0.385784403,2.002586351,5.997416294,7.287742638,0.118380024,0.119951923,0.238331946,0.060052974,0.06773758,0.078033593,0.007444656,0.221572208,0,0.229016864,0.064681046,0.82171888,0.127214528,0.842470911,56.22442614,66.22442614
1013949,XTO - BOYSCOUT BOARDWALK,AR,26429.68055,1884740.035,N,TRUE,3.592938288,0.020029958,0.175575103,2.005082281,5.79362563,7.040107016,0.114357501,0.115875987,0.230233488,0.058012389,0.065435875,0.075382031,0.004025688,0.221966824,0,0.225992511,0.070774868,0.802088752,0.127214528,0.824142861,54.78370626,64.78370626
1012566,"KINDER MORGAN, INC. 345 ARKOMA BASIN",TX,26877.48135,1916673.38,Y,TRUE,3.629950623,0.020266918,0.39083484,2.028802904,6.069855286,7.375766664,0.119809861,0.121400746,0.241210607,0.060778315,0.06855574,0.078976111,0.007584275,0.22572763,0,0.233311906,0.065894091,0.832075705,0.127214528,0.838152779,55.88498911,65.88498911
1012433,MERIT ENERGY 345 ARKOMA BASIN GB,TX,29976.31276,2137655.681,Y,TRUE,3.879791608,0.021875624,0.421857739,2.189841124,6.513366095,7.91469751,0.128564101,0.130271228,0.258835329,0.065219252,0.073564955,0.08474672,0.008458702,0.251752832,0,0.260211534,0.073491331,0.89565613,0.127214528,0.813367107,53.93665251,63.93665251
1004110,WEST FRENCHIE DRAW AMINE PLANT,WY,30100.00973,459877.3426,N,TRUE,3.889549817,0.021938774,0.192307064,2.196162667,6.299958321,7.655375686,0.124351751,0.126002945,0.250354695,0.06308237,0.071154629,0.081970028,0.004584741,0.252791688,0,0.257376429,0.088549161,0.883776067,0.593773588,3.740923089,53.00251755,63.00251755
1012804,"ENLINK NORTH TEXAS GATHERING, LP G&B 415 - STRAWN BASIN",TX,30525.20691,2176798.144,Y,TRUE,3.92297415,0.022155254,0.427250229,2.217833254,6.590212887,8.008077662,0.130080942,0.13180821,0.261889152,0.065988729,0.074432898,0.085746589,0.008613589,0.25636266,0,0.264976249,0.074837025,0.90670199,0.127214528,0.809338891,53.62000502,63.62000502
1005897,Jal #3 Gas Plant,NM,30565.73,5098644.364,Y,TRUE,3.957091626,0.022376505,0.431516907,2.23998135,6.650966388,8.081902098,0.130080942,0.13180821,0.261889152,0.065988729,0.074432898,0.085746589,0.008613589,0.25636266,0,0.264976249,0.074837025,0.90670199,0.127214528,0.809338891,53.62000502,63.62000502
1012809,RIPTIDE GAS PLANT,TX,30961.61692,3744931.566,Y,TRUE,3.957091626,0.022376505,0.431516907,2.23998135,6.650966388,8.081902098,0.131280125,0.133023316,0.264303441,0.066597063,0.075119076,0.086537065,0.008736735,0.260027803,0,0.268764537,0.075906948,0.915440665,0.075002545,0.475319021,53.37371908,63.37371908
1006483,"SCISSORTAIL ENERGY FEATHERSTON STATION QUINTON, OK",OK,31424.90209,2240956.752,Y,TRUE,3.993105546,0.022610359,0.436026642,2.263391146,6.715133693,8.159874809,0.132546691,0.134306701,0.266853392,0.067239579,0.075843811,0.087371958,0.008867464,0.263918653,0,0.272786118,0.0656142,0.913247584,0.127214528,0.794593022,52.46087097,62.46087097
1013364,ROADRUNNER GAS PROCESSING PLANT,NM,31917.37619,487643.6347,Y,TRUE,4.031162187,0.022857816,0.440798695,2.288162623,6.782981321,8.242319653,0.133885902,0.135663694,0.269549596,0.067918947,0.076610114,0.088254738,0.00900643,0.268054644,0,0.277061074,0.081784547,0.937982156,0.593773588,3.743763533,53.0503547,63.0503547
1013647,IRON HORSE PROCESSING PLANT,OK,31927.87708,2276824.651,Y,TRUE,4.031971155,0.02286308,0.440900207,2.288689564,6.784424007,8.244072728,0.133914378,0.135692549,0.269606927,0.067933393,0.076626408,0.088273509,0.009009393,0.268142835,0,0.277152228,0.066664396,0.923044111,0.127214528,0.791125769,52.18831931,62.18831931
1011365,REBEL GAS PLANT,TX,32157.82885,3807904.754,Y,TRUE,4.04966025,0.022978221,0.443120637,2.300215698,6.815974807,8.282411589,0.134537144,0.136323584,0.270860728,0.068249315,0.076982757,0.088684023,0.009074281,0.27007406,0,0.279148341,0.078839638,0.939201926,0.076612017,0.480527079,52.72215493,62.72215493
1012572,MARATHON OIL EF - GULF COAST BASIN (AAPG BASIN NUMBER 220) - GB,TX,32513.07941,2318556.304,Y,TRUE,4.076891319,0.023155618,0.446541623,2.317973853,6.864562412,8.341452674,0.135496191,0.137295365,0.272791556,0.06873583,0.077531528,0.089316206,0.009174525,0.273057593,0,0.282232119,0.079710586,0.946205958,0.127214528,0.795535643,52.53496797,62.53496797
1013662,TAYLOR GAS PLANT,TX,33225.36034,2369350.122,Y,TRUE,4.131142798,0.02350956,0.453367164,2.353404878,6.9614244,8.459154231,0.137408101,0.139232663,0.276640764,0.069705722,0.078625532,0.090576497,0.009375517,0.279039608,0,0.288415125,0.081456848,0.960178849,0.127214528,0.790865973,52.16789746,62.16789746
1013266,CAYMUS PLANT,TX,36057.04191,3229838.084,Y,TRUE,4.342478212,0.024894807,0.480080802,2.492073951,7.339527772,8.918605424,0.144871296,0.146794957,0.291666253,0.073491725,0.082896005,0.095496076,0.010174559,0.30282118,0,0.31299574,0.088399131,1.014848111,0.10127578,0.615837468,50.80797091,60.80797091
1010032,LANCASTER RANCH COMPRESSOR STATION AND TREATING FACILITY,TX,36634.23508,2612442.076,Y,TRUE,4.384750016,0.0251731,0.485447493,2.519932159,7.415302767,9.010683185,0.146366981,0.148310502,0.294677484,0.07425047,0.083751843,0.096481999,0.010337431,0.307668675,0,0.318006106,0.089814204,1.02582806,0.127214528,0.770264991,50.54850836,60.54850836
1011130,TARGA TUPELO GAS PROCESSING PLANT,OK,36648.11761,2613432.06,Y,TRUE,4.385763517,0.025179777,0.485576258,2.52060057,7.417120122,9.012891538,0.146402853,0.148346851,0.294749704,0.074268668,0.083772369,0.096505645,0.010341349,0.307785266,0,0.318126615,0.076520108,1.012763363,0.127214528,0.761834768,49.88583064,59.88583064
1011285,RIDGE AMINE PLANT,TX,37856.78823,2699624.169,Y,TRUE,4.473437638,0.025758249,0.496731737,2.578508072,7.574435696,9.204053092,0.149508027,0.151493256,0.301001284,0.075843891,0.085549164,0.09855251,0.010682411,0.317936156,0,0.328618567,0.092811473,1.048912253,0.127214528,0.763501457,50.01684471,60.01684471
1013406,BELLE ISLE BATTERY I PRODUCTION FACILITY,LA,38104.00418,2717253.508,N,TRUE,4.49123486,0.02587588,0.226818265,2.59028345,7.334212454,8.912146531,0.14476638,0.146688648,0.291455027,0.073438502,0.082835972,0.095426917,0.005803885,0.320012372,0,0.325816257,0.085451434,1.011229476,0.127214528,0.736662608,47.90711324,57.90711324
1011949,KDB CENTRAL TREATING FACILITY PLANT,TX,38388.77416,2737560.881,Y,TRUE,4.511679902,0.026011097,0.501607757,2.603819232,7.643117989,9.287512176,0.150863713,0.152866943,0.303730656,0.076531616,0.086324893,0.099446149,0.010832526,0.322403983,0,0.333236509,0.094115715,1.058886077,0.127214528,0.760650324,49.79272465,59.79272465
1012983,BRAZOS MIDSTREAM - COMANCHE PLANT,TX,38739.39721,2762564.335,Y,TRUE,4.536771794,0.026177171,0.504810377,2.620443864,7.688203206,9.342297344,0.151753628,0.153768675,0.305522302,0.076983061,0.086834106,0.100032762,0.010931465,0.325348652,0,0.336280117,0.094975318,1.065436667,0.127214528,0.758800374,49.64730495,59.64730495
1011510,TARGA GAS PROCESSING LLC - HIGH PLAINS HOPSON GAS PLANT,TX,39213.8952,2287661.041,Y,TRUE,4.570588057,0.026401202,0.509130672,2.642870286,7.748990217,9.4161625,0.152953472,0.154984452,0.307937924,0.07759173,0.087520663,0.100823674,0.011065359,0.329333673,0,0.340399031,0.09613862,1.07427295,0.155505073,0.924529465,49.45333161,59.45333161
1012390,ENERGY TRANSFER 430 - PERMIAN BASIN,TX,39506.49637,2817267.323,Y,TRUE,4.591361467,0.026538946,0.511786981,2.656659044,7.786346438,9.461555801,0.153690828,0.155731598,0.309422426,0.077965783,0.087942581,0.101309723,0.011147925,0.331791052,0,0.342938977,0.096855975,1.079705681,0.127214528,0.754831211,49.33529945,59.33529945
1012769,"SWG PIPELINE, LLC G&B 420 - FORT WORTH SYNCLINE",TX,40095.61428,2859278.202,Y,TRUE,4.633005139,0.026815353,0.517117319,2.684328543,7.861266353,9.552594515,0.155169635,0.157230042,0.312399677,0.078715967,0.088788761,0.102284522,0.011314162,0.336738695,0,0.348052857,0.098300284,1.090606931,0.127214528,0.751853376,49.10121966,59.10121966
1012284,"SCISSORTAIL ENERGY CABLE COMPRESSOR STATION MCALESTER, OK",OK,40393.19891,2880499.407,Y,TRUE,4.653950093,0.026954512,0.519800923,2.698258993,7.898964521,9.598403332,0.155913741,0.157984028,0.313897768,0.079093444,0.089214542,0.10277502,0.011398134,0.339237928,0,0.350636062,0.084339719,1.081404906,0.127214528,0.74201996,48.32824064,58.32824064
1010119,O'CONNOR GAS PLANT,CO,43881.45328,670434.5384,Y,TRUE,4.895139828,0.028563565,0.550830494,2.859331844,8.33386573,10.12687225,0.16449804,0.166682313,0.331180352,0.083448171,0.094126516,0.108433607,0.012382448,0.368533656,0,0.380916104,0.152541002,1.204502606,0.593773588,3.535948684,49.55045418,59.55045418
1005391,XTO - FARRAR PLANT,TX,44387.27597,3165323.014,Y,TRUE,4.929482978,0.028793645,0.555267453,2.882363866,8.395907943,10.20226266,0.16572266,0.167923194,0.333645854,0.084069408,0.094827249,0.109240851,0.012525181,0.372781753,0,0.385306934,0.108821922,1.168614949,0.127214528,0.731817883,47.52628217,57.52628217
r4,REP_FACILITY_CDIV4,KS,44764.92751,5762598.02,Y,TRUE,4.955024436,0.028964913,0.558570239,2.899508454,8.442068041,10.25835396,0.166633791,0.168846424,0.335480215,0.084531616,0.095348603,0.109841449,0.012631746,0.375953419,0,0.388585165,0.142945046,1.208564738,0.070471873,0.413926003,48.73634224,58.73634224
1012392,ENERGY TRANSFER 220 - GULF COAST BASIN,TX,44821.90617,3196317.143,Y,TRUE,4.958870727,0.028990715,0.559067824,2.902091391,8.449020658,10.26680242,0.166771026,0.16898548,0.335756506,0.084601233,0.095427129,0.109931911,0.012647824,0.376431948,0,0.389079773,0.109887482,1.176384785,0.127214528,0.72993603,47.37835467,57.37835467
1009772,"KH NORTH ELM GROVE GAS TREATING FACILITY HAUGHTON, LA",LA,44939.37379,3204693.934,N,TRUE,4.966794258,0.029043879,0.25458775,2.907413287,8.157839174,9.912974099,0.161023539,0.163161676,0.324185215,0.081685592,0.092138391,0.10614329,0.006845027,0.377418487,0,0.384263515,0.100780325,1.130522567,0.127214528,0.704924453,45.41226022,55.41226022
1011614,LONESTAR PROCESSING FACILITY,TX,45574.76682,3250004.762,Y,TRUE,5.009514155,0.029330727,0.565624733,2.936127956,8.540597571,10.37808183,0.168578617,0.170817073,0.33939569,0.085518206,0.096461441,0.111123437,0.012860266,0.382754767,0,0.395615034,0.11173323,1.189790042,0.127214528,0.726734262,47.12667208,57.12667208
1013903,BATTLE HORSE PLANT,TX,46610.26169,3323847.449,Y,TRUE,5.078640019,0.029795644,0.574590382,2.982668161,8.665694206,10.53009264,0.171047837,0.173319081,0.344366918,0.086770816,0.09787434,0.112751095,0.013152462,0.391451259,0,0.404603721,0.114271898,1.208119324,0.127214528,0.722446017,46.7895844,56.7895844
1006697,NGPL INTERCONNECT,TX,46943.79854,3347632.46,Y,TRUE,5.100777852,0.029944734,0.577465486,2.997592678,8.705780751,10.57880368,0.171839086,0.174120836,0.345959922,0.087172208,0.098327095,0.113272669,0.013246579,0.394252433,0,0.407499012,0.115089613,1.213997056,0.127214528,0.721092222,46.68316615,56.68316615
1008924,NATIONAL HELIUM PLANT,KS,48268.69091,3442112.516,Y,TRUE,5.188115762,0.03053385,0.588826215,3.056565619,8.864041446,10.7711137,0.174962915,0.177286145,0.35224906,0.088756895,0.100114565,0.115331831,0.013620437,0.405379398,0,0.418999835,0.154133394,1.273017662,0.127214528,0.732871216,47.60908193,57.60908193
1013052,NEWBERRY GAS PLANT,TX,48317.81373,3445615.538,Y,TRUE,5.191335875,0.030555599,0.589245623,3.058742744,8.869879841,10.7782082,0.175078156,0.177402916,0.352481072,0.088815355,0.100180506,0.115407795,0.013634298,0.405791951,0,0.419426249,0.118458212,1.238079445,0.127214528,0.715650003,46.25536755,56.25536755
1011530,HAWKVILLE NORTH EAST CENTRAL DELIVERY POINT,TX,48818.65295,3481331.131,Y,TRUE,5.224094487,0.030776963,0.593514491,3.080902209,8.92928815,10.85039804,0.176250787,0.178591118,0.354841905,0.089410219,0.100851491,0.116180769,0.013775625,0.409998195,0,0.42377382,0.119686093,1.246806278,0.127214528,0.713718284,46.10352019,56.10352019
1010154,HAWKVILLE GAS TREATING FACILITY,TX,51367.52232,3663094.817,Y,TRUE,5.388820871,0.031893174,0.615039921,3.192639571,9.228393537,11.21385506,0.18215468,0.184573405,0.366728085,0.092405204,0.104229725,0.120072489,0.014494863,0.4314046,0,0.445899463,0.125935021,1.290810479,0.127214528,0.704288482,45.36226824,55.36226824
1009130,WARNER CO2 TREATMENT PLANT,MI,53455.95422,3812024.018,N,TRUE,5.521426598,0.032795402,0.2874722,3.282956436,9.124650637,11.08779218,0.180106951,0.182498485,0.362605435,0.091366411,0.103058005,0.118722669,0.008142247,0.44894407,0,0.457086317,0.184270468,1.336050737,0.127214528,0.70117829,45.11778421,55.11778421
1010780,TARGA DRIVER JOHNSON GAS PROCESSING PLANT,TX,53506.14493,3815603.193,Y,TRUE,5.524588358,0.032816954,0.632854447,3.285113829,9.475373588,11.51397214,0.187029697,0.189513154,0.376542851,0.09487825,0.107019231,0.123285996,0.015098339,0.449365592,0,0.46446393,0.131178168,1.327229259,0.127214528,0.696853763,44.77784448,54.77784448
1013919,LATHAM GAS PLANT,CO,56954.17553,870163.6689,Y,TRUE,5.739106549,0.034283378,0.661133512,3.431908955,9.866432394,11.98916609,0.194748612,0.197334565,0.392083177,0.098793976,0.111436029,0.128374141,0.016071303,0.478323505,0,0.494394808,0.197984486,1.443397885,0.593773588,3.310227048,45.74897765,55.74897765
1004144,XTO - NEW TEAGUE PLANT,TX,57208.51073,4079624.434,Y,TRUE,5.75472642,0.034390473,0.663198786,3.442629683,9.894945362,12.02381354,0.195311416,0.197904841,0.393216257,0.099079481,0.111758068,0.128745129,0.016143071,0.480459512,0,0.496602583,0.140255061,1.389267576,0.127214528,0.684891699,43.83753803,53.83753803
1009776,"KH PLANTATION WEST GAS TREATING FACILITY COUSHATTA, LA",LA,57425.46986,4095096.114,N,TRUE,5.768029466,0.034481718,0.302253809,3.451763639,9.556528632,11.61258745,0.188631576,0.191136304,0.37976788,0.095690866,0.107935834,0.124341921,0.008746871,0.48228162,0,0.491028491,0.128781446,1.335076521,0.127214528,0.661113654,41.96840836,51.96840836
1013745,"GEMINI ARKLATEX, LLC",TX,58599.61212,4178825.954,Y,TRUE,5.839685823,0.034973736,0.674446634,3.501016668,10.05012286,12.21237701,0.198374387,0.201008484,0.399382872,0.100633295,0.113510714,0.130764175,0.016535611,0.492142527,0,0.508678138,0.14366555,1.412265706,0.127214528,0.680665661,43.5053403,53.5053403
1013724,SCM PECOS GAS PROCESSING PLANT,TX,58878.68671,4198727.18,Y,TRUE,5.856634752,0.035090244,0.676693419,3.512679608,10.08109802,12.25001639,0.198985791,0.201628006,0.400613797,0.100943454,0.113860562,0.131167199,0.01661436,0.494486305,0,0.511100665,0.144349743,1.41685981,0.127214528,0.679834245,43.43998486,53.43998486
1013722,PONDEROSA GATHERING LLC,TX,59225.75013,4223476.791,Y,TRUE,5.877669174,0.035234905,0.679483119,3.527160794,10.11954799,12.29673876,0.199744736,0.202397029,0.402141764,0.101328459,0.114294833,0.131667479,0.016712294,0.497401079,0,0.514113374,0.14520062,1.422564124,0.127214528,0.678807712,43.35929179,53.35929179
1010358,TENAHA PLANT,TX,60790.56121,4335065.809,Y,TRUE,5.971916731,0.035884014,0.692000773,3.592139271,10.29194079,12.50622135,0.203147512,0.205844988,0.408992499,0.103054652,0.116241917,0.133910517,0.017153852,0.510542977,0,0.527696829,0.149036984,1.44816117,0.127214528,0.674278803,43.00328613,53.00328613
1012200,KINDERHAWK FIELD SERVICES LLC 230 ARKLA BASIN,TX,62814.20794,4479375.083,Y,TRUE,6.092408312,0.036716073,0.708046523,3.675431905,10.51260281,12.77435816,0.20750305,0.210258361,0.41776141,0.105264172,0.118734176,0.136781595,0.017724884,0.527538356,0,0.545263239,0.153998251,1.480976015,0.127214528,0.668651298,42.56092275,52.56092275
1011948,DUBBERLY REFRIGERATION PLANT,LA,63068.00919,327268.2401,N,TRUE,6.107412518,0.036819856,0.322749054,3.685821041,10.15280247,12.33714784,0.200401129,0.203062138,0.403463267,0.10166144,0.114670425,0.13210016,0.009606326,0.529669878,0,0.539276204,0.141435315,1.422996443,1.748241856,8.86885029,40.7301107,50.7301107
1010643,WOODSBORO PLANT,TX,63583.08691,2121819.212,Y,TRUE,6.137790656,0.037030095,0.714102246,3.706866841,10.59578984,12.87544262,0.209145037,0.211922151,0.421067188,0.106097135,0.119673728,0.137863958,0.017941846,0.533995703,0,0.551937548,0.15588327,1.493361511,0.271850092,1.424437119,42.39788994,52.39788994
1012151,MT. OLIVE GAS PLANT,LA,64266.3569,4582929.996,N,TRUE,6.17794071,0.037308199,0.32702968,3.734706147,10.27698474,12.48804755,0.202852301,0.205545858,0.408398159,0.102904895,0.116072997,0.133715921,0.009788854,0.539734072,0,0.549522926,0.14412271,1.441359034,0.127214528,0.642260627,40.48642141,50.48642141
1013932,MENTONE GAS PLANT,TX,65037.01567,4637886.826,Y,TRUE,6.223026627,0.037620809,0.725493785,3.765999714,10.75214094,13.0654322,0.212231174,0.215049267,0.427280441,0.107662701,0.121439629,0.139898274,0.018352115,0.546206367,0,0.564558481,0.15944779,1.516661812,0.127214528,0.662746934,42.09679621,52.09679621
1010120,BRASADA GAS PLANT,TX,67849.1193,2355575.253,Y,TRUE,6.385805129,0.038752226,0.74731246,3.879259298,11.05112911,13.4287468,0.218132753,0.22102921,0.439161963,0.110656511,0.124816539,0.143788469,0.019145633,0.569823516,0,0.588969149,0.166342075,1.561296575,0.261302452,1.346741834,41.53957897,51.53957897
1009774,"KH PLANTATION CENTRAL GAS TREATING FACILITY COUSHATTA, LA",LA,71159.74839,5074508.05,N,TRUE,6.574105612,0.040066351,0.351206605,4.010808642,10.97618721,13.33768136,0.216653512,0.219530327,0.436183839,0.109906108,0.123970111,0.142813385,0.010838834,0.597627478,0,0.608466312,0.159581721,1.545076505,0.127214528,0.625838545,39.19552471,49.19552471
1010118,EAGLE-1 GAS PLANT,TX,71327.94067,1296206.401,Y,TRUE,6.583579716,0.040132617,0.773932443,4.01744222,11.415087,13.87100914,0.225316737,0.228308586,0.453625323,0.114300873,0.128927247,0.148523999,0.020127285,0.599040022,0,0.619167307,0.174870916,1.615766848,0.499208276,2.54057806,40.89214627,50.89214627
1010353,APPLEBY TREATER,TX,71812.93955,5121088.088,Y,TRUE,6.61085056,0.040323442,0.777612379,4.036544572,11.46533095,13.93206293,0.226308478,0.229313495,0.455621973,0.114803973,0.129494726,0.149177733,0.020264142,0.603113233,0,0.623377375,0.176059962,1.623298054,0.127214528,0.64631709,40.80528936,50.80528936
1013901,HORSESHOE TREATER,TX,75089.57422,5354749.806,Y,TRUE,6.793244907,0.041602694,0.802281951,4.16460301,11.80173256,14.34084035,0.232948542,0.236041729,0.468990271,0.118172409,0.1332942,0.153554722,0.021188741,0.630631696,0,0.651820437,0.184093113,1.673794281,0.127214528,0.639108537,40.2386439,50.2386439
1010300,WIGGINS FACILITY,LA,75570.65752,5389056.575,N,TRUE,6.819760811,0.041789093,0.366307519,4.183262332,11.41111975,13.86618836,0.22523843,0.228229238,0.453467668,0.114261148,0.12888244,0.14847238,0.011510691,0.634672023,0,0.646182713,0.169473555,1.609868712,0.127214528,0.616424012,38.45547297,48.45547297
1013609,CAMPO VIEJO GAS PROCESSING PLANT,TX,76620.92483,5463952.707,Y,TRUE,6.877420805,0.042194795,0.813700243,4.223874756,11.9571906,14.52974472,0.236017051,0.239150983,0.475168034,0.119729033,0.135050015,0.155577418,0.021620857,0.643492579,0,0.665113436,0.187847444,1.697171664,0.127214528,0.635884372,39.98520073,49.98520073
1010234,LOGANSPORT EXPANSION GATHERING FACILITY,LA,78090.69393,5568764.139,N,TRUE,6.957596722,0.042759754,0.374815972,4.280429583,11.65560203,14.16327027,0.230064144,0.233119031,0.463183175,0.116709184,0.131643735,0.151653388,0.011894535,0.655836277,0,0.667730812,0.175124949,1.646380451,0.127214528,0.611374105,38.05851307,48.05851307
1009775,"KH PLANTATION SOUTH GAS TREATING FACILITY COUSHATTA, LA",LA,82428.27479,5878083.515,N,TRUE,7.190849157,0.044408801,0.3892709,4.44550606,12.07003492,14.66686716,0.238244429,0.241407937,0.479652366,0.120858959,0.136324531,0.157045658,0.012555222,0.692264982,0,0.704820204,0.184852339,1.708420596,0.127214528,0.60318082,37.41446043,47.41446043
1005641,LINAM RANCH GAS PLANT,NM,86577.96,794607.9963,Y,TRUE,7.600953969,0.047327213,0.912675726,4.737651232,13.29860814,16.15976427,0.263885909,0.267389895,0.531275804,0.133866619,0.1509967,0.173947976,0.025682062,0.764364551,0,0.790046614,0.23321069,1.920755687,0.593773588,2.855861698,38.09681259,48.09681259
1013697,KUDU MIDSTREAM-260 EAST TEXAS BASIN,TX,90274.39988,6437602.426,Y,TRUE,7.600953969,0.047327213,0.912675726,4.737651232,13.29860814,16.15976427,0.262494626,0.265980138,0.528474764,0.133160835,0.150200602,0.173030872,0.025473588,0.758159818,0,0.783633406,0.221320942,1.899968715,0.127214528,0.610539738,37.99292566,47.99292566
1012796,"EOG RESOURCES, INC. 420 FORT WORTH SYNCLINE BASIN GATHERING & BOOSTING",TX,90851.77103,6478775.626,Y,TRUE,7.630571444,0.047538895,0.916757879,4.758841473,13.35370969,16.22672076,0.263582248,0.267082202,0.530664451,0.133712575,0.150822945,0.173747809,0.02563651,0.763008808,0,0.788645318,0.222736452,1.908339546,0.127214528,0.609584052,37.91780167,47.91780167
1012463,SOUTH EDDY CRYO PLANT,NM,91013.20001,1390528.075,Y,TRUE,7.638839143,0.047598008,0.917897827,4.764758884,13.36909386,16.24541479,0.263885909,0.267389895,0.531275804,0.133866619,0.1509967,0.173947976,0.025682062,0.764364551,0,0.790046614,0.23321069,1.920755687,0.593773588,2.855861698,38.09681259,48.09681259
1008595,"TGG PIPELINE, LTD. - SHELBY #3 FACILITY",TX,91668.70493,6537032.404,Y,TRUE,7.672352692,0.04783772,0.92252053,4.788755088,13.43146603,16.32120615,0.265117042,0.268637376,0.533754418,0.13449116,0.15170116,0.174759513,0.025867032,0.769869739,0,0.795736771,0.224739285,1.920157355,0.127214528,0.608245825,37.81260712,47.81260712
1013924,BULLDOG GAS PLANT (PANOLA III),TX,93562.95929,6672114.515,Y,TRUE,7.768677618,0.048527562,0.935823696,4.857811114,13.61083999,16.53917188,0.268657616,0.272224962,0.540882578,0.136287257,0.153727092,0.177093384,0.026401552,0.78577843,0,0.812179982,0.229383328,1.947443293,0.127214528,0.605204163,37.57351013,47.57351013
1002943,"BARGATH, INC.- PARACHUTE",CO,96150.97,402096.3084,Y,TRUE,7.949654237,0.049827051,0.960883544,4.987895457,13.94826029,16.94918716,0.275317788,0.278973571,0.554291358,0.139665894,0.157538073,0.181483627,0.027417305,0.816009876,0,0.843427181,0.238208449,1.998860077,0.614623011,2.897133838,37.13676167,47.13676167
1012062,BECKVILLE GAS PROCESSING PLANT,TX,97162.62992,1434123.982,Y,TRUE,7.949654237,0.049827051,0.960883544,4.987895457,13.94826029,16.94918716,0.275317788,0.278973571,0.554291358,0.139665894,0.157538073,0.181483627,0.027417305,0.816009876,0,0.843427181,0.238208449,1.998860077,0.614623011,2.897133838,37.13676167,47.13676167
1011558,TARGA PEMBROOK GAS PROCESSING PLANT,TX,101781.7771,7258210.701,Y,TRUE,8.178099841,0.051473622,0.992636621,5.152723993,14.37493408,17.46765855,0.28373969,0.287507302,0.571246992,0.143938238,0.162357123,0.187035166,0.028720734,0.854803286,0,0.88352402,0.249532966,2.064042486,0.127214528,0.5929145,36.60745197,46.60745197
1010735,LAS TIENDAS PLANT,TX,104299.3218,7437740.576,Y,TRUE,8.300904087,0.05236158,1.009760347,5.241612343,14.60463836,17.74678302,0.288273708,0.292101526,0.580375234,0.1462383,0.164951509,0.190023894,0.029431134,0.875946613,0,0.905377747,0.255705096,2.099209574,0.127214528,0.589416637,36.33249414,46.33249414
1010223,GOLIAD GAS PLANT,TX,105365.9634,1991730.169,Y,TRUE,8.352584908,0.052735849,1.016977893,5.279078244,14.70137689,17.86433457,0.290183182,0.294036355,0.584219537,0.147206956,0.166044118,0.191282579,0.029732118,0.884904688,0,0.914636806,0.258320125,2.114035649,0.479916955,2.218113793,36.21870036,46.21870036
r9,REP_FACILITY_CDIV9,CA,105958.2867,13640031.31,Y,TRUE,8.381195978,0.052943196,1.020976443,5.299834506,14.75495012,17.92943392,0.291240638,0.295107851,0.586348489,0.147743393,0.166649199,0.191979631,0.02989926,0.889879251,0,0.919778511,0.750185143,2.612663073,0.070471873,0.384150689,44.51120771,54.51120771
1007449,"TALCO MIDSTREAM ASSETS, LTD. - HOLLY COMMON POINT #6 FACILITY",TX,114077.7892,8135057.708,Y,TRUE,8.767309921,0.055751489,1.075132623,5.580956361,15.4791504,18.80944373,0.305535268,0.309592291,0.615127559,0.154994912,0.17482865,0.201402347,0.032190417,0.958070018,0,0.990260435,0.279678445,2.23357024,0.127214528,0.576845405,35.34430258,45.34430258
1011012,KENEDY GAS PLANT,TX,115552.8977,8240249.904,Y,TRUE,8.836290868,0.056255151,1.084845424,5.631374994,15.60876644,18.96694628,0.308093694,0.31218469,0.620278384,0.156292776,0.176292593,0.203088807,0.032606662,0.970458558,0,1.003065221,0.28329489,2.253547772,0.127214528,0.575075828,35.20520083,45.20520083
1012529,LUCID ENERGY DELAWARE 430 PERMIAN BASIN GB,TX,116913.2084,8337255.689,Y,TRUE,8.899599714,0.056717909,1.093769422,5.677698995,15.72778604,19.1115726,0.310442963,0.314565153,0.625008116,0.157484536,0.177636856,0.204637395,0.032990514,0.98188298,0,1.014873495,0.286629891,2.271906299,0.127214528,0.573470916,35.07904286,45.07904286
1012723,IBEX MIDSTREAM-230-ARKLA BASIN,TX,118688.3933,8463846.779,Y,TRUE,8.981786413,0.057319379,1.105368409,5.737908718,15.88238292,19.29943054,0.313494474,0.317657183,0.631151658,0.159032536,0.179382944,0.206648887,0.033491435,0.99679168,0,1.030283115,0.290982017,2.295772777,0.127214528,0.571414227,34.91737194,44.91737194
1012817,ARKOMA BASIN - BG,OK,138195.4934,9854927.254,Y,TRUE,9.855415931,0.063761925,1.229608876,6.382834385,17.53162112,21.30349745,0.346047969,0.350642936,0.696690905,0.17554659,0.198010199,0.228107457,0.03899594,1.160619958,0,1.199615897,0.288547811,2.501517502,0.127214528,0.542902323,32.67612608,42.67612608
1010598,SHELBY,TX,142579.7054,10167571.96,Y,TRUE,10.04497581,0.065171258,1.256786977,6.523914466,17.89084851,21.74001155,0.35313858,0.3578277,0.710966279,0.179143585,0.202067479,0.232781437,0.040233074,1.197440289,0,1.237673364,0.349555076,2.60786908,0.127214528,0.547249722,33.0178637,43.0178637
1013396,NACOGDOCHES AMINE AND DEHYDRATION PLANT,TX,142583.443,10167838.5,Y,TRUE,10.04513643,0.065172454,1.256810039,6.524034179,17.89115311,21.74038168,0.353144592,0.357833792,0.710978384,0.179146635,0.202070919,0.232785401,0.040234129,1.197471679,0,1.237705808,0.349564239,2.607916692,0.127214528,0.54724638,33.01760098,43.01760098
1009289,HAYNESVILLE GATHERING-230-ARKLA BASIN,LA,143929.6931,10263841.61,N,TRUE,10.10288557,0.06560259,0.575047701,6.567092581,17.31062844,21.03495885,0.341685904,0.34622295,0.687908854,0.173333759,0.195514206,0.225232077,0.021922929,1.208778016,0,1.230700945,0.322774442,2.507848817,0.127214528,0.52735139,31.45370801,41.45370801
1013544,DIAMOND CRYO,TX,144167.476,10280798.26,Y,TRUE,10.11306365,0.065678437,1.266567616,6.574685241,18.01999494,21.89694345,0.355687737,0.360410706,0.716098443,0.180436746,0.203526118,0.234461788,0.040681111,1.21077501,0,1.251456121,0.353447728,2.628063542,0.127214528,0.545840506,32.90708889,42.90708889
1012901,PANTHER GAS PLANT,TX,146563.4595,2462785.529,Y,TRUE,10.21525876,0.066440624,1.281265901,6.65098326,18.21394854,22.1326256,0.359516091,0.364289894,0.723805985,0.182378831,0.205716719,0.236985357,0.041357208,1.230897419,0,1.272254627,0.359321834,2.658419892,0.539877673,2.307600359,32.74302264,42.74302264
1010768,RAMSEY GAS PLANT,TX,148935.2375,10620794.47,Y,TRUE,10.31578168,0.067191437,1.295744865,6.726142795,18.40486078,22.36461204,0.363284413,0.368108253,0.731392666,0.184290462,0.20787297,0.239469355,0.042026475,1.250816541,0,1.292843017,0.365136596,2.688332996,0.127214528,0.541732351,32.58415764,42.58415764
1013183,TARGA WILDCAT GAS PROCESSING PLANT,TX,155770.2512,11108209.51,Y,TRUE,10.60203534,0.069335375,1.337089373,6.940759938,18.94922003,23.02608857,0.37402925,0.378995765,0.753025015,0.189741208,0.214021214,0.246552123,0.043955176,1.308219667,0,1.352174843,0.381893635,2.773803048,0.127214528,0.53614428,32.14489407,42.14489407
1009840,BATTLEFIELD GAS PLANT,LA,157477.6253,11229964.9,N,TRUE,10.67277105,0.069866487,0.612423422,6.993926426,18.34898739,22.29671765,0.362181556,0.366990752,0.729172308,0.183730994,0.20724191,0.238742375,0.023986509,1.322558864,0,1.346545372,0.353156819,2.66930047,0.127214528,0.516471334,30.5984554,40.5984554
1011356,ZIA II GAS PLANT,NM,172634.8638,3108899.056,Y,TRUE,11.288132,0.074508472,1.436849322,7.458608538,20.25809833,24.61656816,0.399864549,0.405174116,0.805038665,0.20284719,0.228804288,0.263582202,0.048714025,1.449855298,0,1.498569323,0.442356666,2.999482291,0.503753572,2.083752644,31.36452348,41.36452348
1012815,ALAMO GAS PLANT,TX,180579.0566,1557417.458,Y,TRUE,11.60221187,0.076892303,1.482820012,7.697239949,20.85916414,25.34695149,0.411728689,0.417195792,0.828924481,0.208865747,0.235593002,0.27140279,0.050955713,1.516573745,0,1.567529458,0.442716063,3.075712618,1.051861583,4.285994512,30.74675396,40.74675396
1013388,ALTUS GATHERING AND BOOSTING,TX,189012.8757,13478790.76,Y,TRUE,11.92980756,0.07938888,1.530964942,7.947157721,21.4873191,26.11025213,0.424127528,0.429759268,0.853886796,0.215155551,0.242687673,0.279575841,0.053335565,1.587404266,0,1.640739831,0.463392808,3.175679686,0.127214528,0.513050673,30.32956625,40.32956625
r6,REP_FACILITY_CDIV6,MS,189702.7065,24420467.12,N,TRUE,11.95634785,0.079591589,0.69767002,7.967449661,20.70105912,25.15483065,0.408607932,0.414033597,0.82264153,0.207282619,0.233807291,0.269345654,0.028894934,1.593197735,0,1.622092669,0.485721339,3.098760721,0.070471873,0.278274592,29.48732751,39.48732751
1014208,URBAN 575 UINTA BASIN GB,CO,192319.9452,2938324.144,Y,TRUE,12.05670208,0.080358669,1.549666702,8.044237568,21.73096502,26.40631774,0.428936734,0.434632333,0.863569066,0.217595212,0.245439523,0.282745968,0.054268752,1.615178333,0,1.669447085,0.668543882,3.411585532,0.593773588,2.495174557,32.02232313,42.02232313
1005693,WEST BISTINEAU FACILITY,LA,196058.6192,13981233.26,N,TRUE,12.19913714,0.08144902,0.713951565,8.153386259,21.14792398,25.69783716,0.417428376,0.422971162,0.840399538,0.21175714,0.238854389,0.275159903,0.029863047,1.646577183,0,1.67644023,0.439677943,3.109123882,0.127214528,0.491389165,28.62681195,38.62681195
1012781,LOBO PROCESSING PLANT,TX,217602.5366,15517562.23,Y,TRUE,13.00016014,0.087615405,1.689608324,8.770667095,23.54805096,28.61434435,0.464803291,0.470975141,0.935778433,0.235789949,0.265962528,0.306388439,0.061402982,1.827511452,0,1.888914434,0.533484558,3.505892113,0.127214528,0.497206416,29.0840908,39.0840908
1013400,ORLA GAS PLANT,TX,222905.8437,1948819.529,Y,TRUE,13.19252049,0.089104723,1.718328885,8.919754005,23.9197081,29.06596242,0.472139247,0.478408507,0.950547754,0.239511404,0.270160195,0.311224145,0.062899466,1.872050705,0,1.934950171,0.546486394,3.565807236,1.037638516,4.034063363,28.87734796,38.87734796
1009090,PLEASANT HILL GAS TREATING FACILITY,LA,225141.822,16055199.94,N,TRUE,13.27308752,0.089729455,0.786534751,8.982292284,23.13164401,28.10834867,0.456584041,0.462646753,0.919230794,0.231620408,0.261259436,0.300970484,0.034292911,1.890829328,0,1.925122239,0.504899471,3.424745089,0.127214528,0.476539541,27.45952201,37.45952201
1011011,JACKSON COUNTY GAS PLANT,TX,261329.8581,9548313.708,Y,TRUE,14.53647147,0.099597406,1.920673727,9.970115335,26.52685794,32.23403282,0.523600484,0.530553067,1.054153551,0.265617163,0.299606545,0.345146297,0.073741937,2.194750649,0,2.268492586,0.640688505,3.989102906,0.248289644,0.932462298,27.55542446,37.55542446
1009181,CONVERSE CENTRAL FACILITY,LA,279735.4324,19948351.92,N,TRUE,15.15268701,0.104457335,0.915633824,10.45661444,26.62939261,32.35862752,0.525624365,0.532603822,1.058228187,0.266643857,0.300764619,0.346480397,0.042608442,2.349327881,0,2.391936323,0.627330234,3.988687312,0.127214528,0.454660853,25.73969583,35.73969583
1012329,POWDER RIVER BASIN - G&B - AAPG PROVINCE 515,CO,299132.896,4570245.743,Y,TRUE,15.78522721,0.10947643,2.111184534,10.95904682,28.964935,35.19665493,0.571724477,0.579316071,1.151040548,0.290029972,0.32714331,0.37686861,0.08440918,2.512235389,0,2.596644569,1.039847777,4.69601413,0.593773588,2.276474743,28.33910416,38.33910416
1006682,ROBELINE PLANT,LA,346677.5593,24722095.07,N,TRUE,17.27143354,0.121384635,1.064012189,12.15110771,30.60793808,37.19314526,0.604154899,0.612177118,1.216332017,0.306481593,0.345700143,0.398246054,0.052804862,2.911534119,0,2.96433898,0.777453584,4.641011825,0.127214528,0.434643331,24.16617092,34.16617092
1013753,FREEPORT LNG PRETREATMENT FACILITY,TX,356003.2424,25387123.48,Y,TRUE,17.55337383,0.123661204,2.38472904,12.37900182,32.44076589,39.42030055,0.640332178,0.648834773,1.289166951,0.324833956,0.366400944,0.422093346,0.100456828,2.989854864,0,3.090311692,0.872794203,4.967705403,0.127214528,0.447663947,25.18968739,35.18968739
1009093,YOAKUM CRYOGENIC PLANT,TX,372316.6471,12007716.79,Y,TRUE,18.03974058,0.127601101,2.460707491,12.77340193,33.4014511,40.58767433,0.659294667,0.668049053,1.32734372,0.334453432,0.377251365,0.434593015,0.105060137,3.126861235,0,3.231921372,0.912788909,5.128964835,0.2812861,0.980784034,24.86784574,34.86784574
r1,REP_FACILITY_CDIV1,NH,396458.8821,2469819.654,N,TRUE,18.74453033,0.133338146,1.168792183,13.34770396,33.39436462,40.57906322,0.65915479,0.667907319,1.32706211,0.334382474,0.377171327,0.434500812,0.0603874,3.329617194,0,3.390004594,1.59716343,5.81244485,1.45622728,5.310218791,26.46559067,36.46559067
9999999,GREENFIELD,MI,401460.6919,2469819.654,N,TRUE,18.88843334,0.134513485,1.179094768,13.46536033,33.66740192,40.91084368,0.664544138,0.673368229,1.337912367,0.337116435,0.380255136,0.438053355,0.06114926,3.371624354,0,3.432773614,1.383893534,5.633639723,1.474599353,5.210032588,25.33185184,35.33185184
r3,REP_FACILITY_CDIV3,MI,474521.542,61085252.45,N,TRUE,20.91653827,0.151214994,1.325493936,15.13725101,37.5304982,45.60507368,0.740795878,0.750632472,1.49142835,0.375798162,0.423886724,0.48831688,0.072277665,3.985218029,0,4.057495694,1.635744936,6.373119446,0.070471873,0.241328896,24.24471165,34.24471165
1013593,"DTE LOUISIANA GATHERING, LLC 230 - ARKLA BASIN GB",LA,616064.4503,43932477.04,N,TRUE,24.52706834,0.181532341,1.591244429,18.17214375,44.47198885,54.04000547,0.877810517,0.889466447,1.767276965,0.445304285,0.502287114,0.578634014,0.093837046,5.17395089,0,5.267787936,1.381576343,6.995156671,0.127214528,0.387967283,20.49708939,30.49708939
1002265,ContangoResources_LOST CABIN,WY,664050.1,784698.7557,Y,TRUE,20.91653827,0.151214994,1.325493936,15.13725101,37.5304982,45.60507368,0.571724477,0.579316071,1.151040548,0.290029972,0.32714331,0.37686861,0.08440918,2.512235389,0,2.596644569,1.039847777,4.69601413,0.593773588,2.276474743,28.33910416,38.33910416
1004301,Century Gas Plant,TX,800000,3061914.439,Y,TRUE,18.03974058,0.127601101,2.460707491,12.77340193,33.4014511,40.58767433,0.659294667,0.668049053,1.32734372,0.334453432,0.377251365,0.434593015,0.105060137,3.126861235,0,3.231921372,0.912788909,5.128964835,0.2812861,0.980784034,24.86784574,34.86784574
1011064,RED HILLS GAS PROCESSING PLANT,NM,926038.0058,14148297.66,Y,TRUE,31.44975489,0.241465936,4.656519657,24.17174629,60.51948678,73.54007502,1.194564115,1.21042603,2.404990144,0.60599014,0.683534943,0.787431245,0.26130897,7.777230389,0,8.038539359,2.372864182,10.01207729,0.593773588,1.752650088,19.51714465,29.51714465
r7,REP_FACILITY_CDIV7,TX,1923424.992,225588946.6,Y,TRUE,49.12013998,0.40278045,7.767369246,40.32000133,97.610291,118.6108559,1.926681092,1.952264358,3.87894545,0.977385584,1.10245556,1.270027178,0.542751162,16.1536775,0,16.69642866,4.715558688,17.03664491,0.07734882,0.201024243,15.98930972,25.98930972
1002150,SHUTE CREEK FACILITY,WY,2846015.641,43482315.19,N,TRUE,62.38187623,0.529885216,4.644775095,53.04371796,120.6002545,146.5470419,2.380468572,2.412077416,4.792545987,1.207587325,1.362114792,1.569154228,0.433496367,23.90195564,0,24.335452,8.372498823,23.59554672,0.593773588,1.482431344,14.9662729,24.9662729
r8,REP_FACILITY_CDIV8,CO,4260912.696,122253026.7,Y,TRUE,79.79401136,0.702857931,13.55417592,70.35900749,164.4100527,199.7823884,3.245208436,3.288299653,6.533508089,1.646261002,1.85692282,2.139172346,1.202342346,35.78481607,0,36.98715841,14.81181326,35.56485492,0.316183548,0.792591028,15.0674342,25.0674342
