royalty fraction,FSC,,,,,,,,,,,,,,,
evaluation_unit,2,3,4,5,6,7,8,9,10,11,12,13,14,15,16,17
WGOM0002,0.125,0.125,0.125,0.125,0.125,0.125,0.125,0.125,0.125,0.125,0.125,0.125,0.125,0.125,0.125,0.125
WGOMDG02,0.125,0.125,0.125,0.125,0.125,0.125,0.125,0.125,0.125,0.125,0.125,0.125,0.125,0.125,0.125,0.125
WGOM0204,0.1667,0.1667,0.1667,0.1667,0.1667,0.1667,0.1667,0.1667,0.1667,0.1667,0.1667,0.1667,0.1667,0.1667,0.1667,0.1667
WGOM0408,0.1667,0.1667,0.1667,0.1667,0.1667,0.1667,0.1667,0.1667,0.1667,0.1667,0.1667,0.1667,0.1667,0.1667,0.1667,0.1667
WGOM0816,0.1667,0.1667,0.1667,0.1667,0.1667,0.1667,0.1667,0.1667,0.1667,0.1667,0.1667,0.1667,0.1667,0.1667,0.1667,0.1667
WGOM1624,0.1667,0.1667,0.1667,0.1667,0.1667,0.1667,0.1667,0.1667,0.1667,0.1667,0.1667,0.1667,0.1667,0.1667,0.1667,0.1667
WGOM2400,0.1667,0.1667,0.1667,0.1667,0.1667,0.1667,0.1667,0.1667,0.1667,0.1667,0.1667,0.1667,0.1667,0.1667,0.1667,0.1667
CGOM0002,0.125,0.125,0.125,0.125,0.125,0.125,0.125,0.125,0.125,0.125,0.125,0.125,0.125,0.125,0.125,0.125
CGOMDG02,0.125,0.125,0.125,0.125,0.125,0.125,0.125,0.125,0.125,0.125,0.125,0.125,0.125,0.125,0.125,0.125
CGOM0204,0.1667,0.1667,0.1667,0.1667,0.1667,0.1667,0.1667,0.1667,0.1667,0.1667,0.1667,0.1667,0.1667,0.1667,0.1667,0.1667
CGOM0408,0.1667,0.1667,0.1667,0.1667,0.1667,0.1667,0.1667,0.1667,0.1667,0.1667,0.1667,0.1667,0.1667,0.1667,0.1667,0.1667
CGOM0816,0.1667,0.1667,0.1667,0.1667,0.1667,0.1667,0.1667,0.1667,0.1667,0.1667,0.1667,0.1667,0.1667,0.1667,0.1667,0.1667
CGOM1624,0.1667,0.1667,0.1667,0.1667,0.1667,0.1667,0.1667,0.1667,0.1667,0.1667,0.1667,0.1667,0.1667,0.1667,0.1667,0.1667
CGOM2400,0.1667,0.1667,0.1667,0.1667,0.1667,0.1667,0.1667,0.1667,0.1667,0.1667,0.1667,0.1667,0.1667,0.1667,0.1667,0.1667
EGOM0002,0.125,0.125,0.125,0.125,0.125,0.125,0.125,0.125,0.125,0.125,0.125,0.125,0.125,0.125,0.125,0.125
EGOM0204,0.1667,0.1667,0.1667,0.1667,0.1667,0.1667,0.1667,0.1667,0.1667,0.1667,0.1667,0.1667,0.1667,0.1667,0.1667,0.1667
EGOM0408,0.1667,0.1667,0.1667,0.1667,0.1667,0.1667,0.1667,0.1667,0.1667,0.1667,0.1667,0.1667,0.1667,0.1667,0.1667,0.1667
EGOM0816,0.1667,0.1667,0.1667,0.1667,0.1667,0.1667,0.1667,0.1667,0.1667,0.1667,0.1667,0.1667,0.1667,0.1667,0.1667,0.1667
EGOM1624,0.1667,0.1667,0.1667,0.1667,0.1667,0.1667,0.1667,0.1667,0.1667,0.1667,0.1667,0.1667,0.1667,0.1667,0.1667,0.1667
EGOM2400,0.1667,0.1667,0.1667,0.1667,0.1667,0.1667,0.1667,0.1667,0.1667,0.1667,0.1667,0.1667,0.1667,0.1667,0.1667,0.1667
EGOML181,0.1667,0.1667,0.1667,0.1667,0.1667,0.1667,0.1667,0.1667,0.1667,0.1667,0.1667,0.1667,0.1667,0.1667,0.1667,0.1667
NATL0002,0.125,0.125,0.125,0.125,0.125,0.125,0.125,0.125,0.125,0.125,0.125,0.125,0.125,0.125,0.125,0.125
NATL0208,0.125,0.125,0.125,0.125,0.125,0.125,0.125,0.125,0.125,0.125,0.125,0.125,0.125,0.125,0.125,0.125
NATL0800,0.125,0.125,0.125,0.125,0.125,0.125,0.125,0.125,0.125,0.125,0.125,0.125,0.125,0.125,0.125,0.125
MATL0002,0.125,0.125,0.125,0.125,0.125,0.125,0.125,0.125,0.125,0.125,0.125,0.125,0.125,0.125,0.125,0.125
MATL0208,0.125,0.125,0.125,0.125,0.125,0.125,0.125,0.125,0.125,0.125,0.125,0.125,0.125,0.125,0.125,0.125
MATL0800,0.125,0.125,0.125,0.125,0.125,0.125,0.125,0.125,0.125,0.125,0.125,0.125,0.125,0.125,0.125,0.125
SATL0002,0.125,0.125,0.125,0.125,0.125,0.125,0.125,0.125,0.125,0.125,0.125,0.125,0.125,0.125,0.125,0.125
SATL0208,0.125,0.125,0.125,0.125,0.125,0.125,0.125,0.125,0.125,0.125,0.125,0.125,0.125,0.125,0.125,0.125
SATL0800,0.125,0.125,0.125,0.125,0.125,0.125,0.125,0.125,0.125,0.125,0.125,0.125,0.125,0.125,0.125,0.125
FLST0002,0.125,0.125,0.125,0.125,0.125,0.125,0.125,0.125,0.125,0.125,0.125,0.125,0.125,0.125,0.125,0.125
FLST0208,0.125,0.125,0.125,0.125,0.125,0.125,0.125,0.125,0.125,0.125,0.125,0.125,0.125,0.125,0.125,0.125
FLST0800,0.125,0.125,0.125,0.125,0.125,0.125,0.125,0.125,0.125,0.125,0.125,0.125,0.125,0.125,0.125,0.125
PNW0002,0.125,0.125,0.125,0.125,0.125,0.125,0.125,0.125,0.125,0.125,0.125,0.125,0.125,0.125,0.125,0.125
PNW0208,0.125,0.125,0.125,0.125,0.125,0.125,0.125,0.125,0.125,0.125,0.125,0.125,0.125,0.125,0.125,0.125
NCA0002,0.125,0.125,0.125,0.125,0.125,0.125,0.125,0.125,0.125,0.125,0.125,0.125,0.125,0.125,0.125,0.125
NCA0208,0.125,0.125,0.125,0.125,0.125,0.125,0.125,0.125,0.125,0.125,0.125,0.125,0.125,0.125,0.125,0.125
NCA0816,0.125,0.125,0.125,0.125,0.125,0.125,0.125,0.125,0.125,0.125,0.125,0.125,0.125,0.125,0.125,0.125
NCA1624,0.125,0.125,0.125,0.125,0.125,0.125,0.125,0.125,0.125,0.125,0.125,0.125,0.125,0.125,0.125,0.125
CCA0002,0.125,0.125,0.125,0.125,0.125,0.125,0.125,0.125,0.125,0.125,0.125,0.125,0.125,0.125,0.125,0.125
CCA0208,0.125,0.125,0.125,0.125,0.125,0.125,0.125,0.125,0.125,0.125,0.125,0.125,0.125,0.125,0.125,0.125
CCA0816,0.125,0.125,0.125,0.125,0.125,0.125,0.125,0.125,0.125,0.125,0.125,0.125,0.125,0.125,0.125,0.125
SCA0002,0.125,0.125,0.125,0.125,0.125,0.125,0.125,0.125,0.125,0.125,0.125,0.125,0.125,0.125,0.125,0.125
SCA0208,0.125,0.125,0.125,0.125,0.125,0.125,0.125,0.125,0.125,0.125,0.125,0.125,0.125,0.125,0.125,0.125
SCA0816,0.125,0.125,0.125,0.125,0.125,0.125,0.125,0.125,0.125,0.125,0.125,0.125,0.125,0.125,0.125,0.125
SCA1624,0.125,0.125,0.125,0.125,0.125,0.125,0.125,0.125,0.125,0.125,0.125,0.125,0.125,0.125,0.125,0.125
