Formation,State,Basin,Area,Max CO2 per injection project,Max # of injection projects,Injection rate
,,,(sq. mi),(MMtonnes),,(MMtonne/project/year)
Arbuckle1,OK,Northern Shelf Area," 10,229 "," 1,952,658 ", 265 ," 65,089 "
Arbuckle3,KS,Las Animas Arch," 3,039 "," 4,776,084 ", 19 ," 159,203 "
Arbuckle4,KS,Ozark Plateau," 32,460 "," 12,889,089 ", 157 ," 429,636 "
Atoka1,TX,Permian," 51,294 "," 2,863,938 ", 809 ," 95,465 "
Basal Cambrian1,MT,Kevin Dome," 8,799 "," 2,539,374 ", 55 ," 84,646 "
Basal Cambrian8,ND,Williston," 11,350 "," 1,442,924 ", 179 ," 48,097 "
Canyon1,TX,Palo Duro," 15,157 "," 3,201,386 ", 239 ," 106,713 "
Canyon2,NM,Tucumcari," 8,502 "," 1,670,288 ", 257 ," 55,676 "
Canyon3,TX,Permian," 49,915 "," 3,794,328 ", 953 ," 126,478 "
Cedar Keys-Lawson1,FL,South Florida," 5,666 "," 1,668,291 ", 137 ," 55,610 "
Cedar Keys-Lawson2,FL,South Florida," 16,981 "," 13,335,416 ", 80 ," 444,514 "
Cedar Keys-Lawson3,FL,South Florida, 889 ," 4,949,458 ", 7 ," 164,982 "
Cisco1,TX,Palo Duro," 15,012 "," 5,122,363 ", 55 ," 170,745 "
Dakota2,CO,Piceance," 3,054 "," 1,754,410 ", 27 ," 58,480 "
Dakota3,CO,San Juan," 2,904 "," 2,283,712 ", 13 ," 76,124 "
Dakota5,UT,Uinta," 10,678 "," 2,912,670 ", 44 ," 97,089 "
Dakota6,CO,Raton," 2,540 "," 2,550,808 ", 10 ," 85,027 "
Dakota8,CO,Denver," 22,831 "," 4,913,198 ", 101 ," 163,773 "
Dakota9,WY,Denver," 5,028 "," 3,326,974 ", 20 ," 110,899 "
Dakota10,NE,Denver," 8,564 "," 4,251,049 ", 45 ," 141,702 "
Domengine1,CA,Sacramento," 2,069 "," 17,495,740 ", 10 ," 583,191 "
Entrada1,CO,Piceance," 9,237 "," 3,865,294 ", 50 ," 128,843 "
Entrada2,UT,Uinta," 10,799 "," 22,806,045 ", 44 ," 760,202 "
Entrada6,WY,Denver," 5,028 "," 12,612,290 ", 20 ," 420,410 "
Entrada7,NE,Denver," 8,564 "," 3,792,771 ", 45 ," 126,426 "
Entrada9,NM,San Juan," 5,705 "," 2,234,255 ", 47 ," 74,475 "
Eutaw1,MS,Gulf Coast Onshore," 29,518 "," 2,968,397 ", 129 ," 98,947 "
Eutaw2,AL,Gulf Coast Onshore," 8,478 "," 1,873,159 ", 41 ," 62,439 "
Eutaw3,FL,Gulf Coast Onshore," 13,014 "," 1,498,764 ", 59 ," 49,959 "
Fountain1b,CO,Denver," 5,044 "," 12,090,926 ", 31 ," 403,031 "
Fountain2a,CO,Denver," 2,794 "," 4,536,023 ", 11 ," 151,201 "
Fountain2b,CO,Denver," 2,794 "," 18,853,647 ", 11 ," 628,455 "
Frio1,TX,Gulf Coast Onshore," 4,855 "," 16,653,777 ", 20 ," 555,126 "
Frio2,TX,Gulf Coast Onshore," 4,357 "," 34,495,969 ", 20 ," 1,149,866 "
Frio3a,TX,Gulf Coast Onshore," 1,193 "," 32,675,228 ", 8 ," 1,089,174 "
Frio3b,TX,Gulf Coast Onshore," 1,193 "," 15,498,371 ", 8 ," 516,612 "
Frio4,TX,Gulf Coast Onshore, 694 ," 21,721,910 ", 5 ," 724,064 "
Frio5,TX,Gulf Coast Onshore, 323 ," 8,392,730 ", 3 ," 279,758 "
Frio6,TX,Gulf Coast Onshore," 1,889 "," 2,808,286 ", 137 ," 93,610 "
Frio7a,TX,Gulf Coast Onshore," 1,537 "," 23,918,234 ", 15 ," 797,274 "
Frio7b,TX,Gulf Coast Onshore," 1,537 "," 4,509,141 ", 15 ," 150,305 "
Frio8,TX,Gulf Coast Onshore," 1,200 "," 10,117,117 ", 15 ," 337,237 "
Frio9a,TX,Gulf Coast Onshore," 2,342 "," 31,001,127 ", 16 ," 1,033,371 "
Frio9b,TX,Gulf Coast Onshore," 2,342 "," 14,668,101 ", 16 ," 488,937 "
Frio10,TX,Gulf Coast Onshore," 2,317 "," 36,601,443 ", 12 ," 1,220,048 "
Frio11,TX,Gulf Coast Onshore, 259 ," 12,413,315 ", 3 ," 413,777 "
Frio12a,TX,Gulf Coast Onshore," 2,121 "," 52,124,769 ", 8 ," 1,737,492 "
Frio12b,TX,Gulf Coast Onshore," 2,121 "," 49,280,181 ", 8 ," 1,642,673 "
Frio13a,TX,Gulf Coast Onshore," 1,762 "," 34,052,725 ", 9 ," 1,135,091 "
Frio13b,TX,Gulf Coast Onshore," 1,762 "," 31,471,353 ", 9 ," 1,049,045 "
Frio13c,TX,Gulf Coast Onshore," 1,762 "," 28,758,682 ", 9 ," 958,623 "
Fusselman1,TX,Permian," 51,068 "," 16,710,464 ", 195 ," 557,015 "
Glorieta1,NM,Albuquerque," 1,834 "," 4,776,490 ", 7 ," 159,216 "
Hermosa1a,CO,Paradox," 1,466 "," 7,284,078 ", 9 ," 242,803 "
Hermosa1b,CO,Paradox," 1,466 "," 7,843,456 ", 9 ," 261,449 "
Knox1,IL,Illinois," 10,500 "," 5,155,922 ", 56 ," 171,864 "
Knox2,IL,Illinois," 5,560 "," 4,969,805 ", 21 ," 165,660 "
Knox3,IN,Illinois," 4,930 "," 1,038,353 ", 149 ," 34,612 "
Knox4,IN,Illinois," 1,275 "," 3,975,685 ", 6 ," 132,523 "
Knox5,KY,Illinois," 2,610 "," 6,529,070 ", 11 ," 217,636 "
Knox6,KY,Illinois," 1,700 "," 3,978,697 ", 8 ," 132,623 "
Leonard1,TX,Permian," 51,294 "," 4,722,387 ", 809 ," 157,413 "
Leonard2,NM,Permian," 9,346 "," 1,231,927 ", 565 ," 41,064 "
Lower Tuscaloosa1,AL,Gulf Coast Onshore," 10,592 "," 7,644,938 ", 113 ," 254,831 "
Lower Tuscaloosa2,AL,Gulf Coast Onshore," 2,571 "," 2,014,799 ", 133 ," 67,160 "
Lower Tuscaloosa3,FL,Gulf Coast Onshore," 9,454 "," 5,408,449 ", 127 ," 180,282 "
Lower Tuscaloosa5,GA,Gulf Coast Onshore," 2,855 "," 7,126,558 ", 15 ," 237,552 "
Lower Tuscaloosa7,LA,Gulf Coast Onshore," 2,857 "," 10,470,488 ", 14 ," 349,016 "
Lower Tuscaloosa8,MS,Gulf Coast Onshore," 13,379 "," 3,633,395 ", 211 ," 121,113 "
Lower Tuscaloosa9,MS,Gulf Coast Onshore," 8,003 "," 18,873,440 ", 29 ," 629,115 "
Lower Tuscaloosa10,MS,Gulf Coast Onshore," 4,393 "," 16,965,975 ", 27 ," 565,532 "
Lyons2,CO,Denver," 2,784 "," 2,335,699 ", 12 ," 77,857 "
Lyons3,CO,Canon City," 1,590 "," 2,276,968 ", 6 ," 75,899 "
Madison Gp-Mission Canyon1,ND,Williston," 29,617 "," 9,118,375 ", 131 ," 303,946 "
Madison Gp-Mission Canyon2,ND,Williston," 3,536 "," 5,884,731 ", 21 ," 196,158 "
Madison Gp-Mission Canyon3,SD,Williston," 10,420 "," 2,368,033 ", 64 ," 78,934 "
Madison Gp-Mission Canyon4,MT,Williston," 42,151 "," 3,309,151 ", 695 ," 110,305 "
Madison1,WY,Powder River," 27,700 "," 12,864,049 ", 157 ," 428,802 "
Mesaverde1,CO,San Juan," 2,024 "," 1,838,940 ", 61 ," 61,298 "
Mesaverde2,NM,San Juan," 8,455 "," 6,647,576 ", 42 ," 221,586 "
Minnelusa1,WY,Powder River," 9,960 "," 9,510,676 ", 43 ," 317,023 "
Minnelusa2,MT,Powder River," 3,611 "," 10,075,616 ", 17 ," 335,854 "
Mokelumne River1,CA,Sacramento," 2,069 "," 3,426,070 ", 125 ," 114,202 "
Morrison1,CO,San Juan," 1,958 "," 15,204,270 ", 10 ," 506,809 "
Morrison2,NM,San Juan," 8,520 "," 6,725,462 ", 103 ," 224,182 "
Morrison3,CO,Denver," 24,922 "," 4,304,703 ", 113 ," 143,490 "
Morrison7,UT,Uinta," 8,007 "," 5,011,105 ", 121 ," 167,037 "
Mount Simon2,IL,Illinois," 5,957 "," 15,162,835 ", 24 ," 505,428 "
Mount Simon3,IL,Illinois," 20,633 "," 1,658,831 "," 1,069 "," 55,294 "
Mount Simon5,IN,Illinois," 5,054 "," 6,660,417 ", 47 ," 222,014 "
Mount Simon6,IN,Illinois," 29,370 "," 3,025,531 ", 761 ," 100,851 "
Mount Simon7,MI,Michigan," 5,446 "," 4,971,305 ", 79 ," 165,710 "
Mount Simon8,MI,Michigan," 4,788 "," 3,577,577 ", 28 ," 119,253 "
Mount Simon11,KY,Arch-Cincinnati," 10,350 "," 1,059,961 ", 139 ," 35,332 "
Nugget1,CO,Green River," 5,877 "," 4,261,738 ", 71 ," 142,058 "
Nugget2,WY,Green River," 22,707 "," 7,384,533 ", 142 ," 246,151 "
Paluxy1,TX,East Texas, 409 ," 13,556,554 ", 2 ," 451,885 "
Paluxy2,TX,East Texas," 8,108 "," 2,661,386 ", 173 ," 88,713 "
Paluxy3,TX,East Texas," 11,534 "," 1,002,213 ", 523 ," 33,407 "
Paluxy4,AL,Gulf Coast Onshore," 16,568 "," 2,286,732 ", 601 ," 76,224 "
Paluxy5,FL,Gulf Coast Onshore," 9,820 "," 5,930,553 ", 137 ," 197,685 "
Queen1,TX,Palo Duro," 51,294 "," 3,405,636 ", 809 ," 113,521 "
Queen2,NM,Tucumcari," 9,346 "," 4,442,134 ", 113 ," 148,071 "
Red River1,ND,Williston," 55,614 "," 14,348,516 ", 262 ," 478,284 "
Red River2,MT,Williston," 21,307 "," 7,496,200 ", 131 ," 249,873 "
Repetto1,CA,Los Angeles, 51 ," 3,870,654 ", 3 ," 129,022 "
Repetto2a,CA,Los Angeles, 320 ," 26,976,585 ", 2 ," 899,219 "
Repetto2b,CA,Los Angeles, 320 ," 32,671,039 ", 2 ," 1,089,035 "
Repetto2c,CA,Los Angeles, 320 ," 30,209,182 ", 2 ," 1,006,973 "
Repetto3a,CA,Los Angeles, 125 ," 5,043,356 ", 3 ," 168,112 "
Repetto3b,CA,Los Angeles, 125 ," 20,635,792 ", 1 ," 687,860 "
Repetto3c,CA,Los Angeles, 125 ," 6,187,250 ", 3 ," 206,242 "
Repetto3d,CA,Los Angeles, 125 ," 16,457,241 ", 1 ," 548,575 "
Rose Run3,PA,Appalachian," 8,201 "," 5,037,070 ", 30 ," 167,902 "
Seven Rivers1,NM,Permian," 9,346 "," 5,947,612 ", 113 ," 198,254 "
Seven Rivers2,TX,Permian," 51,068 "," 18,834,103 ", 195 ," 627,803 "
St. Peter7,MI,Michigan," 2,100 "," 7,336,445 ", 8 ," 244,548 "
St. Peter8,MI,Michigan," 11,160 "," 2,164,875 ", 44 ," 72,163 "
St. Peter10,MI,Michigan," 9,200 "," 5,769,950 ", 47 ," 192,332 "
Starkey1,CA,Sacramento," 2,069 "," 2,971,954 ", 125 ," 99,065 "
Stevens1,CA,San Joaquin," 2,393 "," 4,427,857 ", 14 ," 147,595 "
Strawn1,TX,Permian," 51,068 "," 3,080,878 ", 195 ," 102,696 "
Tensleep4,WY,Wyoming Thrust Belt," 6,902 "," 1,326,491 ", 417 ," 44,216 "
Tensleep5,UT,Wyoming Thrust Belt," 4,436 "," 14,230,267 ", 24 ," 474,342 "
Washita-Fredericksburg1,AL,Gulf Coast Onshore," 13,025 "," 2,596,912 ", 787 ," 86,564 "
Washita-Fredericksburg2,FL,Gulf Coast Onshore," 10,473 "," 9,954,417 ", 131 ," 331,814 "
Waste Gate1,MD,Coastal Plain, 904 ," 9,883,388 ", 5 ," 329,446 "
Weber2,CO,Piceance," 5,438 "," 4,269,543 ", 34 ," 142,318 "
Weber3,CO,Sand Wash," 5,712 "," 9,499,293 ", 28 ," 316,643 "
Winters1a,CA,Sacramento," 2,069 "," 21,648,470 ", 15 ," 721,616 "
Winters1b,CA,Sacramento," 2,069 "," 29,175,918 ", 10 ," 972,531 "
Wolfcamp1,TX,Palo Duro," 15,012 "," 10,468,355 ", 99 ," 348,945 "
Wolfcamp2,NM,Tucumcari," 8,502 "," 2,284,005 ", 257 ," 76,133 "
Woodbine1,TX,East Texas," 13,575 "," 2,455,364 ", 547 ," 81,845 "
,,,,,,
Data Source: U.S. Energy Information Administration,,,,,,
