facility_id,facility_name,facility_type,state,co2_volume,co2_cost_inv_2018$,co2_cost_om_2018$,supply_latitude,supply_longitude,year_operational,years_operating,facility_new,source,plant_id,unit_id,summer_cap,cap_factor,emm_region,emm_census_region,ccs_overnight_cost,ccs_fixed_om_cost,ccs_var_om_cost,rrc,crosswalk_notes,supply_hsm_region,supply_census_region,supply_census_division,co2_ratio,eligibility_45q,cluster_type,operational_status
fpp70972    ,J K Spruce          ,pp_coal,TX,11536324.534477267,65.16953899425526,0.5703641440855276,29.31,-98.32,,0.0,N,1-EMM,7097.0,2    ,785.0,0.567,1.0,7.0,751.8169516,5.574657401,1.005248468,1,,2.0,3,7,1.0,1,not_cluster,N
fpp6180OG2  ,Oak Grove (TX)      ,pp_coal,TX,19289422.139718223,48.72370478972415,0.4577977108923905,31.18,-96.487,,0.0,N,1-EMM,6180.0,OG2  ,855.0,0.84,1.0,7.0,939.8521099,6.968921769,1.861731531,5,,4.0,3,7,1.0,1,not_cluster,N
fpp6180OG1  ,Oak Grove (TX)      ,pp_coal,TX,19116726.353894465,49.18142680367785,0.4611705388670789,31.18,-96.487,,0.0,N,1-EMM,6180.0,OG1  ,855.0,0.832,1.0,7.0,940.1878779,6.971411459,1.844659535,5,,4.0,3,7,1.0,1,not_cluster,N
fpp61463    ,Martin Lake         ,pp_coal,TX,14622697.207955811,69.25143484808319,0.6139276937305183,32.261,-94.571,,0.0,N,1-EMM,6146.0,3    ,805.0,0.615,1.0,7.0,1012.642763,7.508658137,1.468620636,6,,2.0,3,7,1.0,1,not_cluster,N
fpp62641    ,Mountaineer         ,pp_coal,WV,18081199.993201155,41.74638992897746,0.3629034767862379,38.979,-81.934,,0.0,N,1-EMM,6264.0,1    ,1299.0,0.542,11.0,5.0,754.8248253,5.596960523,0.964769819,0,,1.0,3,5,1.0,1,not_cluster,N
fpp81022    ,"Gavin Power, LLC    ",pp_coal,OH,19066013.39085932,39.05073023587356,0.3394699709013624,38.935,-82.116,,0.0,N,1-EMM,8102.0,2    ,1361.0,0.542,11.0,3.0,744.5417456,5.52071238,0.951626631,0,,1.0,2,3,1.0,1,not_cluster,N
fpp81021    ,"Gavin Power, LLC    ",pp_coal,OH,20479259.097840928,36.63528576476178,0.3221008900021895,38.935,-82.116,,0.0,N,1-EMM,8102.0,1    ,1348.0,0.584,11.0,3.0,750.2635093,5.563138761,1.033248821,0,,1.0,2,3,1.0,1,not_cluster,N
fpp56458CHW-T,Hobbs Generating Sta,pp_natgas,NM,54402.04808628608,0.0,0.0,32.728,-103.309,,0.0,N,1-EMM,56458.0,CHW-T,4.3,0.677,17.0,8.0,0.0,0.0,0.0,4,,4.0,4,8,1.0,1,not_cluster,N
fpp56671MKA01,Longview Power Plant,pp_coal,WV,12631442.671177885,55.67947556812338,0.5151432144680923,39.708,-79.959,,0.0,N,1-EMM,56671.0,MKA01,710.0,0.779,11.0,5.0,703.3121036,5.214998165,1.292003816,0,,1.0,3,5,1.0,1,not_cluster,N
fpp2936ST2  ,Painesville         ,pp_coal,OH,175019.5751407488,0.0,0.0,41.727,-81.254,,0.0,N,1-EMM,2936.0,ST2  ,7.0,0.5,11.0,3.0,0.0,0.0,0.0,0,,1.0,2,3,1.0,1,not_cluster,N
fpp29367    ,Painesville         ,pp_coal,OH,386320.9430125584,0.0,0.0,41.727,-81.254,,0.0,N,1-EMM,2936.0,7    ,17.5,0.5,11.0,3.0,0.0,0.0,0.0,0,,1.0,2,3,1.0,1,not_cluster,N
fpp29365    ,Painesville         ,pp_coal,OH,499926.9155760001,0.0,0.0,41.727,-81.254,,0.0,N,1-EMM,2936.0,5    ,15.5,0.5,11.0,3.0,0.0,0.0,0.0,0,,1.0,2,3,1.0,1,not_cluster,N
fpp29363    ,Painesville         ,pp_coal,OH,175019.5751407488,0.0,0.0,41.727,-81.254,,0.0,N,1-EMM,2936.0,3    ,7.0,0.5,11.0,3.0,0.0,0.0,0.0,0,,1.0,2,3,1.0,1,not_cluster,N
fpp29359    ,Orrville            ,pp_coal,OH,457275.0863400193,0.0,0.0,40.851,-81.766,,0.0,N,1-EMM,2935.0,9    ,20.0,0.5,11.0,3.0,0.0,0.0,0.0,0,,1.0,2,3,1.0,1,not_cluster,N
fpp29358    ,Orrville            ,pp_coal,OH,187520.973365088,0.0,0.0,40.851,-81.766,,0.0,N,1-EMM,2935.0,8    ,7.5,0.5,11.0,3.0,0.0,0.0,0.0,0,,1.0,2,3,1.0,1,not_cluster,N
fpp29144    ,Dover               ,pp_coal,OH,320996.68632817,0.0,0.0,40.52,-81.468,,0.0,N,1-EMM,2914.0,4    ,15.2,0.5,11.0,3.0,0.0,0.0,0.0,0,,1.0,2,3,1.0,1,not_cluster,N
fpp29143    ,Dover               ,pp_coal,OH,258026.7951360001,0.0,0.0,40.52,-81.468,,0.0,N,1-EMM,2914.0,3    ,8.0,0.5,11.0,3.0,0.0,0.0,0.0,0,,1.0,2,3,1.0,1,not_cluster,N
fpp29357    ,Orrville            ,pp_coal,OH,125013.98224339202,0.0,0.0,40.851,-81.766,,0.0,N,1-EMM,2935.0,7    ,5.0,0.5,11.0,3.0,0.0,0.0,0.0,0,,1.0,2,3,1.0,1,not_cluster,N
fpp60302    ,Coal Creek          ,pp_coal,ND,12442513.105799684,68.87802318653208,0.6481380228758613,47.378,-101.157,,0.0,N,1-EMM,6030.0,2    ,573.9,0.846,3.0,4.0,857.0157062,6.354697029,1.709768815,0,,6.0,2,4,1.0,1,not_cluster,N
fpp60024    ,James H Miller Jr   ,pp_coal,AL,14145156.39523446,55.2472064475217,0.5110136029627255,33.632,-87.06,,0.0,N,1-EMM,6002.0,4    ,704.0,0.778,15.0,6.0,781.4803756,5.794609114,1.43375822,0,,2.0,3,6,1.0,1,not_cluster,N
fpp39353    ,John E Amos         ,pp_coal,WV,17021640.634929217,44.87173352330477,0.38562797704296,38.473,-81.823,,0.0,N,1-EMM,3935.0,3    ,1300.0,0.5,11.0,5.0,763.7905227,5.66344039,0.900580454,0,,1.0,3,5,1.0,1,not_cluster,N
fpp39441    ,FirstEnergy Harrison,pp_coal,WV,11937088.328666933,66.26697290161866,0.6005965202404292,39.384,-80.333,,0.0,N,1-EMM,3944.0,1    ,652.0,0.699,11.0,5.0,791.0347088,5.865453664,1.303920048,0,,1.0,3,5,1.0,1,not_cluster,N
fpp60023    ,James H Miller Jr   ,pp_coal,AL,14064860.242133563,55.93095223537519,0.5182612356263453,33.632,-87.06,,0.0,N,1-EMM,6002.0,3    ,693.0,0.785,15.0,6.0,786.6610264,5.833023189,1.456248659,0,,2.0,3,6,1.0,1,not_cluster,N
fpp39443    ,FirstEnergy Harrison,pp_coal,WV,11544760.748927187,68.49952402638462,0.6174385409123697,39.384,-80.333,,0.0,N,1-EMM,3944.0,3    ,651.0,0.678,11.0,5.0,790.8106163,5.863792038,1.264388194,0,,1.0,3,5,1.0,1,not_cluster,N
fpp22407    ,Lon Wright          ,pp_coal,NE,324653.18404204224,0.0,0.0,41.428,-96.462,,0.0,N,1-EMM,2240.0,7    ,21.0,0.5,19.0,4.0,0.0,0.0,0.0,0,,3.0,2,4,1.0,1,not_cluster,N
fpp21683    ,Thomas Hill         ,pp_coal,MO,12597480.392259823,59.80104953073558,0.5431221847508381,39.552,-92.638,,0.0,N,1-EMM,2168.0,3    ,703.0,0.707,4.0,4.0,753.3425489,5.585969572,1.256001501,0,,3.0,2,4,1.0,1,not_cluster,N
fpp22406    ,Lon Wright          ,pp_coal,NE,240304.8697790717,0.0,0.0,41.428,-96.462,,0.0,N,1-EMM,2240.0,6    ,15.5,0.5,19.0,4.0,0.0,0.0,0.0,0,,3.0,2,4,1.0,1,not_cluster,N
fpp21033    ,Labadie             ,pp_coal,MO,12451799.449388396,69.20011285937657,0.6389298564707265,38.562,-90.838,,0.0,N,1-EMM,2103.0,3    ,593.0,0.771,4.0,4.0,861.6659272,6.389178014,1.566648421,0,,3.0,2,4,1.0,1,not_cluster,N
fpp21031    ,Labadie             ,pp_coal,MO,12453347.909470292,69.08515406092071,0.6381942646889447,38.562,-90.838,,0.0,N,1-EMM,2103.0,1    ,593.0,0.773,4.0,4.0,860.3414589,6.379357197,1.568298015,0,,3.0,2,4,1.0,1,not_cluster,N
fpp10731    ,Prairie Creek       ,pp_coal,IA,81742.88869908481,0.0,0.0,41.944,-91.639,,0.0,N,1-EMM,1073.0,1    ,3.6,1.0,3.0,4.0,0.0,0.0,0.0,0,,3.0,2,4,1.0,1,not_cluster,N
f1002505,VALERO ALBERT CITY PLANT,ethanol,IA,536569.0284537714,40.57602136789697,18.198860762971208,42.775352,-94.942432,,0.0,N,2-NETL,,,,,,,,,,0,,3.0,2,4,1.0,1,not_cluster,N
f1003150,"Valero Renewable Fuels Campany LLC, dba Valero Albion Plant",ethanol,NE,567050.0922874593,40.67883197183483,19.185654114556154,41.6775,-97.982222,,0.0,N,2-NETL,,,,,,,,,,0,,3.0,2,4,1.0,1,not_cluster,N
f1007997,KOSMOS CEMENT CO,cement,KY,1327765.4892601664,41.076265944497095,6.852196889181882,38.034696,-85.90601,,0.0,N,2-NETL,,,,,,,,,,0,,1.0,3,6,1.0,1,not_cluster,N
f1003907,HEARTLAND CORN PRODUCTS,ethanol,MN,591172.6948647343,41.16544911192016,18.221376942134544,44.541944,-94.341667,2010.0,14.0,N,2-NETL,,,,,,,,,,0,,3.0,2,4,1.0,0,not_cluster,Y
f1004713,Poet Biorefining-Big Stone,ethanol,SD,386610.0754901834,41.16568351657707,19.372558215376337,45.301333,-96.511361,,0.0,N,2-NETL,,,,,,,,,,0,,6.0,2,4,1.0,1,not_cluster,N
f1002073,"POET- Biorefining Fairmont, LLC",ethanol,NE,538696.5093480446,41.28058648477783,19.56311270727197,40.61125,-97.60154,,0.0,N,2-NETL,,,,,,,,,,0,,3.0,2,4,1.0,1,not_cluster,N
f1007792,TXI OPERATIONS,cement,TX,1688802.7395700566,40.56877217582584,5.949201676065633,32.462679,-97.025572,,0.0,N,2-NETL,,,,,,,,,,5,,4.0,3,7,1.0,1,not_cluster,N
f1002102,TEXAS LEHIGH CEMENT COMPANY LP,cement,TX,1540992.3543055956,41.31604714270424,6.500688292344231,30.071044,-97.856833,,0.0,N,2-NETL,,,,,,,,,,1,,2.0,3,7,1.0,1,not_cluster,N
f1002627,ABSOLUTE ENERGY LLC,ethanol,IA,499104.6320720779,41.47093325138551,18.73484671305947,43.49951,-92.91709,,0.0,N,2-NETL,,,,,,,,,,0,,3.0,2,4,1.0,1,not_cluster,N
f1003002,RIVER CEMENT COMPANY DBA BUZZI UNICEM USA,cement,MO,2208007.336535935,41.53208433564824,3.9363933774090776,38.1804,-90.3366,,0.0,N,2-NETL,,,,,,,,,,0,,3.0,2,4,1.0,1,not_cluster,N
f1002379,Valero Fort Dodge Plant,ethanol,IA,594953.3991215728,41.65181294983109,18.24306335250348,42.531389,-94.293333,,0.0,N,2-NETL,,,,,,,,,,0,,3.0,2,4,1.0,1,not_cluster,N
f1001865,SOUTHWEST IOWA RENEWABLE ENERGY,ethanol,IA,534199.7718065773,41.71703661311439,18.60787585277195,41.16747,-95.82403,,0.0,N,2-NETL,,,,,,,,,,0,,3.0,2,4,1.0,1,not_cluster,N
f1003834,"POET Biorefining- Menlo, LLC",ethanol,IA,547124.6523016792,41.74489672428478,18.541722978701134,41.5236,-94.3819,,0.0,N,2-NETL,,,,,,,,,,0,,3.0,2,4,1.0,1,not_cluster,N
f1001967,Valero Renewable Fuels LLC Charles City,ethanol,IA,598433.6504902041,41.76525837647184,18.26204077094356,43.096447,-92.744994,,0.0,N,2-NETL,,,,,,,,,,0,,3.0,2,4,1.0,1,not_cluster,N
f1002356,ONE EARTH ENERGY LLC,ethanol,IL,614895.0048868046,41.81422483426562,17.66220706123343,40.471085,-88.39574,,0.0,N,2-NETL,,,,,,,,,,0,,1.0,2,3,1.0,1,not_cluster,N
f1007621,TXI Hunter Cement Plant,cement,TX,1451291.634109465,41.8194883727322,6.872226364338036,29.79992,-98.03647,,0.0,N,2-NETL,,,,,,,,,,1,,2.0,3,7,1.0,1,not_cluster,N
f1002690,Valero Hartley Plant,ethanol,IA,586190.0676902903,41.354922213827,18.19102451615241,43.18294,-95.50569,,0.0,N,2-NETL,,,,,,,,,,0,,3.0,2,4,1.0,1,not_cluster,N
f1006534,"POET Biorefining- Arthur, LLC",ethanol,IA,550811.9725527236,41.88583504056393,18.568350597967505,42.331111,-95.346667,,0.0,N,2-NETL,,,,,,,,,,0,,3.0,2,4,1.0,1,not_cluster,N
f1013287,Elite Octane,ethanol,IA,620090.0928549528,40.40359922640395,17.696027557656794,41.41772,-95.03182,,0.0,N,2-NETL,,,,,,,,,,0,,3.0,2,4,1.0,1,not_cluster,N
f1004765,NUGEN ENERGY LLC,ethanol,SD,617342.8166079735,40.143326852209846,17.678409529889013,43.433852,-97.260926,,0.0,N,2-NETL,,,,,,,,,,0,,6.0,2,4,1.0,1,not_cluster,N
f1002301,"CF INDUSTRIES NITROGEN, LLC - DONALDSONVILLE NITROGEN COMPLEX",ammonia,LA,3187583.866705657,35.85503812035998,10.286075988316354,30.086917,-90.957861,2010.0,14.0,N,2-NETL,,,,,,,,,,0,,2.0,3,7,1.0,0,not_cluster,Y
f1005374,MARQUIS ENERGY LLC,ethanol,IL,1524006.1364947702,36.52019405892256,13.352731039311806,41.276711,-89.319504,,0.0,N,2-NETL,,,,,,,,,,0,,1.0,2,3,1.0,1,not_cluster,N
f1006047,ADM CORN PROCESSING,ethanol,IA,4610654.698195026,36.68773317999755,10.56636378626406,41.9192,-91.6862,2010.0,14.0,N,2-NETL,,,,,,,,,,0,,3.0,2,4,1.0,0,not_cluster,Y
f1003993,EL DORADO CHEMICAL COMPANY,ammonia,AR,990947.7504513714,37.16392655832004,16.848514840007567,33.22521,-92.6471,2022.0,2.0,N,2-NETL,,,,,,,,,,0,,3.0,3,7,1.0,1,not_cluster,Y
f1004799,WE HEREFORD LLC,ethanol,TX,465807.4975761282,37.54448503727998,18.416809424128537,34.821895,-102.370362,,0.0,N,2-NETL,,,,,,,,,,10,,3.0,3,7,1.0,1,not_cluster,N
f1006141,HOMELAND ENERGY SOLUTIONS LLC,ethanol,IA,826196.3211106281,38.28625863612336,16.134474819669247,43.070207,-92.205,,0.0,N,2-NETL,,,,,,,,,,0,,3.0,2,4,1.0,1,not_cluster,N
f1004702,"Hankinson Renewable Energy, LLC",ethanol,ND,601430.0103332934,38.39244070687456,17.564052972386317,46.073186,-96.886775,,0.0,N,2-NETL,,,,,,,,,,0,,6.0,2,4,1.0,1,not_cluster,N
f1007566,ARGOS USA -Martinsburg,cement,WV,1041458.9276329308,40.382659534571474,8.45565866812537,39.434879,-77.977911,,0.0,N,2-NETL,,,,,,,,,,0,,1.0,3,5,1.0,1,not_cluster,N
f1007819,PLAINVIEW BIOENERY LLC,ethanol,TX,481397.3459972298,38.42534023968565,18.708717582605196,34.180594,-101.627387,,0.0,N,2-NETL,,,,,,,,,,81,,4.0,3,7,1.0,1,not_cluster,N
f1002995,"LITTLE SIOUX CORN PROCESSORS, LLC",ethanol,IA,654013.4756372806,38.56683030927155,16.91744297082066,42.82085,-95.7609,,0.0,N,2-NETL,,,,,,,,,,0,,3.0,2,4,1.0,1,not_cluster,N
f1008006,THARALDSON ETHANOL PLANT I LLC,ethanol,ND,715332.2582837049,38.71196994796343,17.2504376956923,46.90361,-97.26349,,0.0,N,2-NETL,,,,,,,,,,0,,6.0,2,4,1.0,1,not_cluster,N
f1000352,Hereford Ethanol Partners LP,ethanol,TX,439565.8007626095,38.96331782961956,19.15695864405706,34.84998,-102.28679,,0.0,N,2-NETL,,,,,,,,,,10,,3.0,3,7,1.0,1,not_cluster,N
f1006425,Cargill Corn Milling North America,ethanol,NE,1201049.263909556,39.68952324298599,16.567836255971642,41.53397,-96.0979,,0.0,N,2-NETL,,,,,,,,,,0,,3.0,2,4,1.0,1,not_cluster,N
f1000872,GUARDIAN ENERGY LLC,ethanol,MN,607723.3730929641,39.73212185647237,17.611888982150127,44.111944,-93.678611,,0.0,N,2-NETL,,,,,,,,,,0,,3.0,2,4,1.0,1,not_cluster,N
f1003096,"KAAPA Ethanol Ravenna, LLC",ethanol,NE,482477.9474149181,39.7714104457724,19.28035467018272,41.023749,-98.87511,,0.0,N,2-NETL,,,,,,,,,,0,,3.0,2,4,1.0,1,not_cluster,N
f1006364,GREEN PLAINS OBION LLC,ethanol,TN,519661.5792415172,40.03682122224068,18.92218711606284,36.28305,-89.147607,,0.0,N,2-NETL,,,,,,,,,,0,,1.0,3,6,1.0,1,not_cluster,N
f1005386,Glacial Lakes Energy,ethanol,SD,602496.2023183065,40.060709213540406,17.71834415999802,44.87624,-97.11367,,0.0,N,2-NETL,,,,,,,,,,0,,6.0,2,4,1.0,1,not_cluster,N
f1007563,HOLCIM (US) INC STE GENEVIEVE PLANT,cement,MO,3499106.295431052,38.55493807605445,1.7392686379997786,38.109942,-90.257947,,0.0,N,2-NETL,,,,,,,,,,0,,3.0,2,4,1.0,1,not_cluster,N
f1006245,Valero Linden Plant,ethanol,IN,560013.5459682362,42.22043536824771,18.395251083985144,40.20064,-86.91,,0.0,N,2-NETL,,,,,,,,,,0,,1.0,2,3,1.0,1,not_cluster,N
f1004079,Poet Biorefining Fairbank LLC,ethanol,IA,560306.0750111116,42.23290755537161,18.630801340493928,42.639333,-92.031139,,0.0,N,2-NETL,,,,,,,,,,0,,3.0,2,4,1.0,1,not_cluster,N
f1005149,AL CORN CLEAN FUEL,ethanol,MN,559088.4863112203,42.234773415363726,18.77698406288068,44.049412,-93.017379,2010.0,14.0,N,2-NETL,,,,,,,,,,0,,3.0,2,4,1.0,0,not_cluster,Y
f1000633,ROANOKE CEMENT CO - CLOVERDALE,cement,VA,1057518.972063529,44.13695506678203,8.350211144231356,37.4604,-79.9948,,0.0,N,2-NETL,,,,,,,,,,0,,1.0,3,5,1.0,1,not_cluster,N
f1005526,Green Plains Fairmont LLC,ethanol,MN,476353.1386783748,44.15427854164912,19.96846976150357,43.664021,-94.492559,,0.0,N,2-NETL,,,,,,,,,,0,,3.0,2,4,1.0,1,not_cluster,N
f1006469,PATRIOT RENEWABLE FUELS LLC,ethanol,IL,558241.2439679691,44.24921266868658,18.772196185366223,41.393398,-89.872214,,0.0,N,2-NETL,,,,,,,,,,0,,1.0,2,3,1.0,1,not_cluster,N
f1005629,St Marys Cement INC,cement,MI,1654326.118663218,45.48303197792111,5.522386359636246,45.31640799999997,-85.29484800000002,,0.0,N,2-NETL,,,,,,,,,,0,,1.0,2,3,1.0,1,not_cluster,N
f1002407,KOCH FERITLIZER ENID LLC ENID NITROGEN PLT,ammonia,OK,1061953.5778100824,45.56783785699027,15.642914054482016,36.379476,-97.76509,2010.0,14.0,N,2-NETL,,,,,,,,,,0,,3.0,3,7,1.0,0,not_cluster,Y
f1002585,"DAKOTA ETHANOL, LLC",ethanol,SD,356363.8653138947,43.995803755092815,20.72809651072016,43.976389,-96.95333,,0.0,N,2-NETL,,,,,,,,,,0,,6.0,2,4,1.0,1,not_cluster,N
f1007208,Alamo San Antonio Cement Plant,cement,TX,953445.8849513024,45.68407338691251,9.724278162211256,29.61214,-98.375075,,0.0,N,2-NETL,,,,,,,,,,1,,2.0,3,7,1.0,1,not_cluster,N
f1002275,VERDIGRIS PLT,ammonia,OK,1046701.0115370132,45.71536642719101,15.729650581084035,36.233516,-95.719098,2010.0,14.0,N,2-NETL,,,,,,,,,,0,,3.0,3,7,1.0,0,not_cluster,Y
f1002527,ASH GROVE CEMENT COMPANY-DURKEE,cement,OR,801157.1275828893,45.90000805952723,10.361745128919535,44.542325,-117.42053,,0.0,N,2-NETL,,,,,,,,,,0,,7.0,4,9,1.0,1,not_cluster,N
f1001701,MONARCH CEMENT COMPANY (THE),cement,KS,1033192.519757648,46.26702991804093,9.1434913116416,37.797162,-95.431386,,0.0,N,2-NETL,,,,,,,,,,0,,3.0,2,4,1.0,1,not_cluster,N
f1004810,Holcim (US) Inc,cement,AL,760234.8989856917,46.37393367946945,10.766001728168014,30.5349,-88.1121,,0.0,N,2-NETL,,,,,,,,,,0,,2.0,3,6,1.0,1,not_cluster,N
f1004332,GREEN PLAINS SHENANDOAH LLC,ethanol,IA,321260.05604150164,46.65200268173377,22.04445121494476,40.7549,-95.3953,,0.0,N,2-NETL,,,,,,,,,,0,,3.0,2,4,1.0,1,not_cluster,N
f1007052,TARMAC PENNSUCO COMPLEX,cement,FL,1434638.4005534651,45.65633206903308,6.371349603800784,25.8739,-80.3756,,0.0,N,2-NETL,,,,,,,,,,0,,2.0,3,5,1.0,1,not_cluster,N
f1003637,"Pennsylvania Grain Processing, LLC",ethanol,PA,524461.5340854921,43.991838938329145,18.699547340106527,41.03082,-78.4298,,0.0,N,2-NETL,,,,,,,,,,0,,1.0,1,2,1.0,1,not_cluster,N
f1011065,"Cargill, Incorporated",ethanol,IA,604138.0953962571,43.98429243689203,18.953631558678385,42.50911,-94.31383,,0.0,N,2-NETL,,,,,,,,,,0,,3.0,2,4,1.0,1,not_cluster,N
f1005874,HOLCIM (US) INC. D/B/A LAFARGE ALPENA,cement,MI,2042159.1751242275,43.8922706739596,4.34840943318665,45.0722,-83.4048,,0.0,N,2-NETL,,,,,,,,,,0,,1.0,2,3,1.0,1,not_cluster,N
f1003970,"POET Biorefining Shell Rock, LLC.",ethanol,IA,537781.7544287784,42.34667616569058,18.801922709278088,42.7363,-92.6174,,0.0,N,2-NETL,,,,,,,,,,0,,3.0,2,4,1.0,1,not_cluster,N
f1003855,LOUIS DREYFUS COMMODITIES GRAND JUNCTION LLC,ethanol,IA,502341.2537245541,42.42531089063756,19.0481111458664,42.05199,-94.24234,,0.0,N,2-NETL,,,,,,,,,,0,,3.0,2,4,1.0,1,not_cluster,N
f1006208,ADM CORN PROCESSING,ethanol,IA,3074699.809607696,42.44237052773962,12.750601480961771,41.8196,-90.2122,2024.0,0.0,N,2-NETL,,,,,,,,,,0,,3.0,2,4,1.0,1,not_cluster,N
f1007663,"CEMEX Construction Materials South, LLC",cement,TX,1327612.1283616077,42.58850725571717,7.439759923508806,29.675,-98.182778,,0.0,N,2-NETL,,,,,,,,,,1,,2.0,3,7,1.0,1,not_cluster,N
f1006815,HOLCIM (US) INC.,cement,SC,1348988.3885162422,42.62156295590278,6.752549840189573,33.273041,-80.435853,,0.0,N,2-NETL,,,,,,,,,,0,,1.0,3,5,1.0,1,not_cluster,N
f1002665,ASH GROVE CEMENT CO-CHANUTE PLANT,cement,KS,1536102.582154255,42.71237596159824,6.52016767660964,37.698786,-95.459748,,0.0,N,2-NETL,,,,,,,,,,0,,3.0,2,4,1.0,1,not_cluster,N
f1003377,Green Plains Mount Vernon LLC,ethanol,IN,315525.15703880443,42.91859819012465,20.37477103677173,37.909832,-87.726456,,0.0,N,2-NETL,,,,,,,,,,0,,1.0,2,3,1.0,1,not_cluster,N
f1005683,"SIOUXLAND ETHANOL, LLC",ethanol,NE,369587.1410040807,42.99932102661277,21.327331079798157,42.45196,-96.591844,,0.0,N,2-NETL,,,,,,,,,,0,,3.0,2,4,1.0,1,not_cluster,N
f1006659,ARGOS CEMENT LLC. - ROBERTA PLANT,cement,AL,1053548.7713580634,43.13553342592003,8.376072348563529,33.1043,-86.7985,,0.0,N,2-NETL,,,,,,,,,,0,,2.0,3,6,1.0,1,not_cluster,N
f1002560,"GOLDEN GRAIN ENERGY, LLC",ethanol,IA,512660.202135192,43.36788801210376,19.30588897157838,43.11204,-93.23104,,0.0,N,2-NETL,,,,,,,,,,0,,3.0,2,4,1.0,1,not_cluster,N
f1005969,THE ANDERSONS MARATHON HOLDINGS LLC IN,ethanol,IN,561068.5102861971,43.38877874027544,18.787931215374112,40.719022,-86.435982,,0.0,N,2-NETL,,,,,,,,,,0,,1.0,2,3,1.0,1,not_cluster,N
f1002989,Valero Bloominburg Plant,ethanol,OH,551541.9670519502,43.4242140738741,18.33121827124936,39.597501,-83.390444,,0.0,N,2-NETL,,,,,,,,,,0,,1.0,2,3,1.0,1,not_cluster,N
f1002055,HOLCIM (US) Inc,cement,TX,1175492.2394369645,43.68178336917181,8.246594316725412,32.512975,-96.971099,,0.0,N,2-NETL,,,,,,,,,,5,,4.0,3,7,1.0,1,not_cluster,N
f1005369,HUSKER AG L L C,ethanol,NE,350877.54406273563,43.68819189332401,21.75987823553158,42.35066,-97.708,,0.0,N,2-NETL,,,,,,,,,,0,,3.0,2,4,1.0,1,not_cluster,N
f1003573,"POET Biorefining- Iowa Falls, LLC",ethanol,IA,470256.4094637709,43.765679485035896,19.72840910043752,42.507192,-93.28041,,0.0,N,2-NETL,,,,,,,,,,0,,3.0,2,4,1.0,1,not_cluster,N
f1007985,NATIONAL CEMENT COMPANY INC.,cement,AL,981186.7117199636,43.80797273969439,8.872330484113316,33.733584,-86.155217,,0.0,N,2-NETL,,,,,,,,,,0,,2.0,3,6,1.0,1,not_cluster,N
f1009795,Tampa Port Services,ammonia,LA,670625.6144942145,35.70263713950495,19.68194691012592,30.00583,-90.877047,,0.0,N,2-NETL,,,,,,,,,,0,,2.0,3,7,1.0,1,not_cluster,N
f1004526,POET Biorefining-Chancellor,ethanol,SD,410909.3966151204,35.6123957149598,16.943312487361155,43.370231,-96.958069,,0.0,N,2-NETL,,,,,,,,,,0,,6.0,2,4,1.0,1,not_cluster,N
f1012901,PANTHER GAS PLANT,ng_processing,TX,82347.7,20.3006740368,12.4423486032,31.641115,-102.193757,,0.0,N,2-NETL,,,,,,,,,,73,,4.0,3,7,1.0,1,not_cluster,N
f1013544,DIAMOND CRYO,ng_processing,TX,81001.5,20.4023951118,12.504693778199998,31.00388,-103.754971,,0.0,N,2-NETL,,,,,,,,,,8,,4.0,3,7,1.0,1,not_cluster,N
f1013396,NACOGDOCHES AMINE AND DEHYDRATION PLANT,ng_processing,TX,80111.5,20.4709126076,12.546688372399998,31.4888,-94.6387,,0.0,N,2-NETL,,,,,,,,,,6,,2.0,3,7,1.0,1,not_cluster,N
f1010598,SHELBY,ng_processing,TX,80109.4,20.471075494,12.546788206,31.795396,-94.179048,,0.0,N,2-NETL,,,,,,,,,,6,,2.0,3,7,1.0,1,not_cluster,N
f1011012,KENEDY GAS PLANT,ng_processing,TX,64924.2,21.8272245146,13.377976315400002,28.7516,-98.0138,,0.0,N,2-NETL,,,,,,,,,,2,,2.0,3,7,1.0,1,not_cluster,N
f1007449,"TALCO MIDSTREAM ASSETS, LTD. - HOLLY COMMON POINT #6 FACILITY",ng_processing,TX,64095.4,21.9134675996,13.430834980399998,32.91593,-96.77249,,0.0,N,2-NETL,,,,,,,,,,5,,4.0,3,7,1.0,1,not_cluster,N
f1004228,Valero Renewable Fuels LLC,ethanol,MI,144329.33247435314,21.93358082993515,11.133642873149178,41.8165,-83.8357,2010.0,14.0,N,2-NETL,,,,,,,,,,0,,1.0,2,3,1.0,0,not_cluster,Y
f1010223,GOLIAD GAS PLANT,ng_processing,TX,59200.6,22.4555942232,13.7631061368,28.6181,-97.6381,,0.0,N,2-NETL,,,,,,,,,,2,,2.0,3,7,1.0,1,not_cluster,N
f1010735,LAS TIENDAS PLANT,ng_processing,TX,58601.3,22.5261463668,13.8063477732,27.960496,-98.594081,,0.0,N,2-NETL,,,,,,,,,,4,,2.0,3,7,1.0,1,not_cluster,N
f1010768,RAMSEY GAS PLANT,ng_processing,TX,83680.3,20.2021777368,12.3819799032,31.877504,-103.937602,,0.0,N,2-NETL,,,,,,,,,,8,,4.0,3,7,1.0,1,not_cluster,N
f1011558,TARGA PEMBROOK GAS PROCESSING PLANT,ng_processing,TX,57186.8,22.6966202214,13.9108317486,31.632682,-101.843305,,0.0,N,2-NETL,,,,,,,,,,73,,4.0,3,7,1.0,1,not_cluster,N
f1013924,BULLDOG GAS PLANT (PANOLA III),ng_processing,TX,52569.0,23.2955762806,14.277933849400002,32.145628,-94.268793,,0.0,N,2-NETL,,,,,,,,,,6,,2.0,3,7,1.0,1,not_cluster,N
f1008595,"TGG PIPELINE, LTD. - SHELBY #3 FACILITY",ng_processing,TX,51504.7,23.4438164144,14.3687907056,32.91593,-96.77249,,0.0,N,2-NETL,,,,,,,,,,5,,4.0,3,7,1.0,1,not_cluster,N
f1012463,SOUTH EDDY CRYO PLANT,ng_processing,NM,51136.4,23.6200238058,14.4767887842,32.161288,-103.828358,,0.0,N,2-NETL,,,,,,,,,,4,,4.0,4,8,1.0,1,not_cluster,N
f1012062,BECKVILLE GAS PROCESSING PLANT,ng_processing,TX,54591.5,23.0247922354,14.1119694346,32.235649,-94.486066,,0.0,N,2-NETL,,,,,,,,,,6,,2.0,3,7,1.0,1,not_cluster,N
f1013183,TARGA WILDCAT GAS PROCESSING PLANT,ng_processing,TX,87520.6,19.9298343234,12.2150597466,31.805233,-103.241229,2019.0,5.0,N,2-NETL,,,,,,,,,,8,,4.0,3,7,1.0,1,not_cluster,Y
f1011356,ZIA II GAS PLANT,ng_processing,NM,96996.1,19.4460045576,11.9185189224,32.643022,-103.8088667,2015.0,9.0,N,2-NETL,,,,,,,,,,4,,4.0,4,8,1.0,1,not_cluster,Y
f1002265,ContangoResources_LOST CABIN,ng_processing,WY,664050.062808,0.0,10.7688595808,43.28106,-107.60125,2013.0,11.0,N,2-NETL,,,,,,,,,,0,,5.0,4,8,1.0,1,not_cluster,Y
f1005641,LINAM RANCH GAS PLANT,ng_processing,NM,86577.962713,0.0,14.4767887842,32.6953,-103.2853,2010.0,14.0,N,2-NETL,,,,,,,,,,4,,4.0,4,8,1.0,0,not_cluster,Y
f1002943,"BARGATH, INC.- PARACHUTE",ng_processing,CO,96150.973908,0.0,14.1119694346,39.487297,-108.111356,2010.0,14.0,N,2-NETL,,,,,,,,,,0,,5.0,4,8,1.0,0,not_cluster,Y
f1002150,SHUTE CREEK FACILITY,ng_processing,WY,1599053.7,9.279089198,5.6871837020000005,41.887,-110.09446,2010.0,14.0,N,2-NETL,,,,,,,,,,0,,5.0,4,8,1.0,0,not_cluster,Y
f1011064,RED HILLS GAS PROCESSING PLANT,ng_processing,NM,520300.9000000001,12.100629683,7.416514966999999,32.210433,-103.521409,2022.0,2.0,N,2-NETL,,,,,,,,,,4,,4.0,4,8,1.0,1,not_cluster,Y
f1003087,SIMPLOT PHOSPHATES,ammonia,WY,379414.70621263335,14.716498881811804,8.66935306133398,41.5414,-109.131,,0.0,N,2-NETL,,,,,,,,,,0,,5.0,4,8,1.0,1,not_cluster,N
f1006682,ROBELINE PLANT,ng_processing,LA,194783.2,14.9830259704,9.1831449496,31.658716,-93.324988,,0.0,N,2-NETL,,,,,,,,,,0,,2.0,3,7,1.0,1,not_cluster,N
f1009093,YOAKUM CRYOGENIC PLANT,ng_processing,TX,209188.7,15.4180643588,9.4497813812,29.3421,-97.11,,0.0,N,2-NETL,,,,,,,,,,2,,2.0,3,7,1.0,1,not_cluster,N
f1009181,CONVERSE CENTRAL FACILITY,ng_processing,LA,157171.3,15.958611414599998,9.7810844154,31.955057,-93.68166,,0.0,N,2-NETL,,,,,,,,,,0,,2.0,3,7,1.0,1,not_cluster,N
f1009090,PLEASANT HILL GAS TREATING FACILITY,ng_processing,LA,126497.5,17.0249036462,10.4346183638,31.881015,-93.466108,,0.0,N,2-NETL,,,,,,,,,,0,,2.0,3,7,1.0,1,not_cluster,N
f1011011,JACKSON COUNTY GAS PLANT,ng_processing,TX,146830.0,17.0843631652,10.4710612948,29.10769,-96.5409,,0.0,N,2-NETL,,,,,,,,,,2,,2.0,3,7,1.0,1,not_cluster,N
f1005693,WEST BISTINEAU FACILITY,ng_processing,LA,110156.9,17.748623409,10.878188541,32.2107,-93.4413,,0.0,N,2-NETL,,,,,,,,,,0,,2.0,3,7,1.0,1,not_cluster,N
f1013400,ORLA GAS PLANT,ng_processing,TX,125241.2,17.9039557352,10.9733922248,31.809405,-103.895227,,0.0,N,2-NETL,,,,,,,,,,8,,4.0,3,7,1.0,1,not_cluster,N
f1012781,LOBO PROCESSING PLANT,ng_processing,TX,122261.5,18.032136296,11.051954504,31.75048,-103.50753,,0.0,N,2-NETL,,,,,,,,,,8,,4.0,3,7,1.0,1,not_cluster,N
f1009840,BATTLEFIELD GAS PLANT,ng_processing,LA,88479.9,18.971042348,11.627413052,31.96785,-93.67311,,0.0,N,2-NETL,,,,,,,,,,0,,2.0,3,7,1.0,1,not_cluster,N
f1012815,ALAMO GAS PLANT,ng_processing,TX,101459.6,19.0629874552,11.6837665048,31.2816037,-95.5197394,,0.0,N,2-NETL,,,,,,,,,,6,,2.0,3,7,1.0,1,not_cluster,N
f1013753,FREEPORT LNG PRETREATMENT FACILITY,ng_processing,TX,200022.9,15.6176061818,9.5720812082,28.984942,-95.308669,,0.0,N,2-NETL,,,,,,,,,,3,,2.0,3,7,1.0,1,not_cluster,N
f1002790,GREEN VALLEY CHEMICAL CORP,ammonia,IA,71590.16229338819,29.884806096999192,21.00647110361464,41.070867,-94.356733,,0.0,N,2-NETL,,,,,,,,,,0,,3.0,2,4,1.0,1,not_cluster,N
f1002916,ARCHER DANIEL MIDLAND COMPANY,ethanol,NE,2345713.5210056016,34.11070734837822,13.000391874457396,41.42405,-97.28956,,0.0,N,2-NETL,,,,,,,,,,0,,3.0,2,4,1.0,1,not_cluster,N
f1005170,Green Plains Madison LLC,ethanol,IL,238796.96939156752,26.226033714801822,13.265856423895524,38.67995,-90.17185,,0.0,N,2-NETL,,,,,,,,,,0,,1.0,2,3,1.0,1,not_cluster,N
f1005626,BIG RIVER UNITED ENERGY LLC,ethanol,IA,459349.05732099456,46.72785934999944,20.82316147881288,42.4872,-91.1633,,0.0,N,2-NETL,,,,,,,,,,0,,3.0,2,4,1.0,1,not_cluster,N
f1005458,Argos Cement LLC,cement,FL,1236271.6430262206,46.92597505901147,7.308342206871542,29.690671,-82.582134,,0.0,N,2-NETL,,,,,,,,,,0,,2.0,3,5,1.0,1,not_cluster,N
f1005639,LAFARGE NA WHITEHALL PLANT,cement,PA,433233.517956188,62.73533364589685,15.648451142513638,40.687646,-75.506305,,0.0,N,2-NETL,,,,,,,,,,0,,1.0,1,2,1.0,1,not_cluster,N
f1002537,ASH GROVE CEMENT COMPANY-SEATTLE,cement,WA,416304.84218483727,62.97734993450621,16.86679707293909,47.56799,-122.34255,,0.0,N,2-NETL,,,,,,,,,,0,,7.0,4,9,1.0,1,not_cluster,N
f1000002,TERRELL GAS PROCESSING,ng_processing,TX,500000.0,63.78161836,39.09195964,40.371053,-85.198134,,0.0,N,2-NETL,,,,,,,,,,6,,2.0,3,7,1.0,1,not_cluster,N
f1013265,"NE Nitro Geneva, LLC",ammonia,NE,69607.96545160988,63.87417044781385,42.79132825060307,40.53892,-97.58003,,0.0,N,2-NETL,,,,,,,,,,0,,3.0,2,4,1.0,1,not_cluster,N
f1005662,Mitsubishi Cement Corp Cushenbury Cement Plant,cement,CA,1306199.2523963037,64.55544472049604,7.545436054213503,34.437557,-116.891034,,0.0,N,2-NETL,,,,,,,,,,0,,7.0,4,9,1.0,1,not_cluster,N
f1000401,Tate & Lyle-Loudon,ethanol,TN,439376.68211294914,64.77033214721236,18.088344887063244,35.7433,-84.3208,2010.0,14.0,N,2-NETL,,,,,,,,,,0,,1.0,3,6,1.0,0,not_cluster,Y
f1006842,CalPortland Company Mojave Plant,cement,CA,1239158.2760510389,65.02551462256241,7.892346189297929,35.02722,-118.31417,,0.0,N,2-NETL,,,,,,,,,,0,,7.0,4,9,1.0,1,not_cluster,N
f1007877,CEMEX CONSTRUCTION MATERIALS SOUTH LLC,cement,CO,335074.34132667206,65.75977503992561,19.13833447749913,40.202236,-105.236697,,0.0,N,2-NETL,,,,,,,,,,0,,5.0,4,8,1.0,1,not_cluster,N
f1002229,"PCS Nitrogen Ohio, L.P.",ammonia,OH,525528.9260938802,66.02519757412055,20.47549616201721,40.711256,-84.138157,2010.0,14.0,N,2-NETL,,,,,,,,,,0,,1.0,2,3,1.0,0,not_cluster,Y
f1006037,"KOCH FERTILIZER DODGE CITY, LLC",ammonia,KS,288752.06020918046,66.22441747503454,25.76272846766535,37.77995,-100.00572,2010.0,14.0,N,2-NETL,,,,,,,,,,0,,3.0,2,4,1.0,0,not_cluster,Y
f1000290,Lehigh Cement Company LLC,cement,NY,270431.03239158913,67.2514417081409,20.626501955480613,43.3064,-73.6208,,0.0,N,2-NETL,,,,,,,,,,0,,1.0,1,2,1.0,1,not_cluster,N
f1002566,"LEHIGH CEMENT WEST, LLC.",cement,CA,802219.7981271344,69.2827895392721,11.034201921721971,35.12279,-118.369304,,0.0,N,2-NETL,,,,,,,,,,0,,7.0,4,9,1.0,1,not_cluster,N
f1006575,"KOCH FERTILIZER BEATRICE, LLC",ammonia,NE,225872.4955715556,69.84862054551692,28.311555616001893,40.319088,-96.8414,2010.0,14.0,N,2-NETL,,,,,,,,,,0,,3.0,2,4,1.0,0,not_cluster,Y
f1005502,"East Dubuque Nitrogen Fertilizers, LLC",ammonia,IL,322340.36373081565,71.7204517817414,24.697072271321424,42.44311,-90.55686,2010.0,14.0,N,2-NETL,,,,,,,,,,0,,1.0,2,3,1.0,0,not_cluster,Y
f1007046,"Koch Fertilizer Ft. Dodge, LLC",ammonia,IA,265142.875951182,72.44398598307023,26.620618656505645,42.499406,-94.017177,2010.0,14.0,N,2-NETL,,,,,,,,,,0,,3.0,2,4,1.0,0,not_cluster,Y
f1006642,NATIONAL CEMENT CO OF CALIFORNIA INC,cement,CA,998099.8706657052,67.0564691777358,9.39118437482808,34.819863,-118.748732,,0.0,N,2-NETL,,,,,,,,,,0,,7.0,4,9,1.0,1,not_cluster,N
f1007927,CalPortland Company Oro Grande Plant,cement,CA,1651373.0147870705,62.573000040085375,6.082398006349874,34.6045,-117.3382,,0.0,N,2-NETL,,,,,,,,,,0,,7.0,4,9,1.0,1,not_cluster,N
f1012698,Dyno Nobel Louisiana Ammonia LLC,ammonia,LA,283013.54925039585,62.470718070511246,25.962073399658657,29.964789,-90.264625,2017.0,7.0,N,2-NETL,,,,,,,,,,0,,2.0,3,7,1.0,1,not_cluster,Y
f1007766,LAFARGE Paulding Plant (INCLUDING SYSTECH ENV CORP),cement,OH,430963.3469750844,62.12805824899488,15.699168488057897,41.1809,-84.6048,,0.0,N,2-NETL,,,,,,,,,,0,,1.0,2,3,1.0,1,not_cluster,N
f1006450,HERCULES CEMENT STOCKERTOWN PLT QUARRY,cement,PA,675381.6648069988,57.396858718391606,11.708673143317055,40.75037,-75.27114,,0.0,N,2-NETL,,,,,,,,,,0,,1.0,1,2,1.0,1,not_cluster,N
f1006212,Fairborn Cement Company LLC,cement,OH,595763.8674472556,58.13884122909754,12.755138655111423,39.7779,-83.9661,,0.0,N,2-NETL,,,,,,,,,,0,,1.0,2,3,1.0,1,not_cluster,N
f1002380,AGRIUM US BORGER NITROGEN OPERATIONS,ammonia,TX,423860.86574752175,58.84343734507483,22.234455626386453,35.6411,-101.4203,2010.0,14.0,N,2-NETL,,,,,,,,,,10,,3.0,3,7,1.0,0,not_cluster,Y
f1005661,Archer Daniels Midland Co.,ethanol,IL,4875393.717364818,46.82495994690464,7.072844928659672,39.8675,-88.885,2011.0,13.0,N,2-NETL,,,,,,,,,,0,,1.0,2,3,1.0,0,not_cluster,Y
f1005742,LEHIGH CEMENT/EVANSVILLE CEMENT PLT & QUARRY,cement,PA,593632.8096335415,58.85635050675233,12.78577357291087,40.472471,-75.895245,,0.0,N,2-NETL,,,,,,,,,,0,,1.0,1,2,1.0,1,not_cluster,N
f1004340,"PCS NITROGEN FERTILIZER, L.P.",ammonia,GA,459242.69436409016,59.1964465085025,21.56137641610927,33.47,-81.97,2010.0,14.0,N,2-NETL,,,,,,,,,,0,,1.0,3,5,1.0,0,not_cluster,Y
f1005051,"Marquis Energy - Wisconsin, LLC",ethanol,WI,281323.11329475057,59.54992859073031,26.845561516924136,43.99187,-90.07219,,0.0,N,2-NETL,,,,,,,,,,0,,1.0,2,3,1.0,1,not_cluster,N
f1003891,LEHIGH CEMENT COMPANY LLC,cement,IN,405063.62358227134,59.76710215230774,16.305193320139967,38.739074,-86.45703,,0.0,N,2-NETL,,,,,,,,,,0,,1.0,2,3,1.0,1,not_cluster,N
f1002308,CEMEX Construction Materials Pacific LLC,cement,CA,2385939.513582774,59.79398054459368,4.031490206583721,34.39654,-117.150005,,0.0,N,2-NETL,,,,,,,,,,0,,7.0,4,9,1.0,1,not_cluster,N
f1009018,"GCC RIO GRANDE, INC. TIJERAS PLANT",cement,NM,359935.1473541549,59.95537373680611,18.368621099140785,35.071319,-106.392283,,0.0,N,2-NETL,,,,,,,,,,4,,4.0,4,8,1.0,1,not_cluster,N
f1002531,ASH GROVE CEMENT COMPANY-MONTANA CITY,cement,MT,365798.01796746295,60.54912215652523,17.333822439274034,46.54448,-111.92062,,0.0,N,2-NETL,,,,,,,,,,0,,6.0,4,8,1.0,1,not_cluster,N
f1004078,"Holcim (US), Inc.",cement,MD,669988.2941733307,60.793771513950674,11.774081366168588,39.6524,-77.6805,,0.0,N,2-NETL,,,,,,,,,,0,,1.0,3,5,1.0,1,not_cluster,N
f1006185,Trident,cement,MT,354062.54856354755,61.00640639956069,17.67129679750473,45.944769,-111.477076,,0.0,N,2-NETL,,,,,,,,,,0,,6.0,4,8,1.0,1,not_cluster,N
f1004289,LONE STAR IND INC DBA BUZZI UNICEM USA PRYOR CEMENT PLANT,cement,OK,246801.2827714201,61.24470841603025,22.672414668993277,36.29621,-95.331165,,0.0,N,2-NETL,,,,,,,,,,0,,3.0,3,7,1.0,1,not_cluster,N
f1006363,"GCC Permian, LLC",cement,TX,278474.7710352673,61.27143884058528,21.227705697931725,31.703691,-102.392214,,0.0,N,2-NETL,,,,,,,,,,8,,4.0,3,7,1.0,1,not_cluster,N
f1012918,Iowa Fertilizer Company,ammonia,IA,537002.2961748005,61.7753062642681,20.306755931952388,40.69,-91.23,,0.0,N,2-NETL,,,,,,,,,,0,,3.0,2,4,1.0,1,not_cluster,N
f1000243,Holcim (US) INC JOPPA PLANT,cement,IL,402311.5795307727,61.77969068942395,16.37272926999228,37.216805,-88.879849,,0.0,N,2-NETL,,,,,,,,,,0,,1.0,2,3,1.0,1,not_cluster,N
f1005788,TERRA INTERNATIONAL (OKLAHOMA) LLC,ammonia,OK,428475.3534502796,56.58919520991641,22.14232780570065,36.43722,-99.47108,2010.0,14.0,N,2-NETL,,,,,,,,,,0,,3.0,3,7,1.0,0,not_cluster,Y
f1005924,Cheyenne Plant,ammonia,WY,190889.5291845549,74.78130787376557,30.203390130453595,41.0949,-104.908,2010.0,14.0,N,2-NETL,,,,,,,,,,0,,5.0,4,8,1.0,0,not_cluster,Y
f1005306,Valero Lakota Plant,ethanol,IA,94617.59342999823,104.07445013708036,33.01237821919303,43.38391,-94.14706,2018.0,6.0,N,2-NETL,,,,,,,,,,0,,3.0,2,4,1.0,1,not_cluster,Y
f1002170,COFFEYVILLE RESOURCES NITROGEN FERT.,ammonia,KS,52137.13727117466,106.55358699689872,49.79903695308219,37.04536,-95.60517,2013.0,11.0,N,2-NETL,,,,,,,,,,0,,3.0,2,4,1.0,1,not_cluster,Y
f1012789,US Nitrogen LLC,ammonia,TN,74710.98175730719,95.28034844309722,43.344692122608265,36.1939,-83.00266,2017.0,7.0,N,2-NETL,,,,,,,,,,0,,1.0,3,6,1.0,1,not_cluster,Y
f1007933,THE ANDERSONS MARATHON HOLDINGS LLC MI,ethanol,MI,235309.87159661023,82.08181619690987,23.09726353127114,42.259646,-84.789726,2010.0,14.0,N,2-NETL,,,,,,,,,,0,,1.0,2,3,1.0,0,not_cluster,Y
f1007770,CHEROKEE NITROGEN,ammonia,AL,116550.51506314664,82.65884648766279,36.518053538000025,34.80302,-87.93974,2010.0,14.0,N,2-NETL,,,,,,,,,,0,,2.0,3,6,1.0,0,not_cluster,Y
f1002882,"CARDINAL ETHANOL, LLC",ethanol,IN,216376.82936608925,83.58631289188129,23.868823547817204,40.18682,-84.86226,2010.0,14.0,N,2-NETL,,,,,,,,,,0,,1.0,2,3,1.0,0,not_cluster,Y
f1005867,PRYOR CHEMICAL COMPANY,ammonia,OK,95043.50337980314,85.80585043082115,39.5035658990348,36.241247,-95.278349,2010.0,14.0,N,2-NETL,,,,,,,,,,0,,3.0,3,7,1.0,0,not_cluster,Y
f1000035,THE ANDERSONS MARATHON HOLDINGS LLC OH,ethanol,OH,213259.61325019397,87.55956768474144,24.004904574350128,40.081111,-84.591667,2011.0,13.0,N,2-NETL,,,,,,,,,,0,,1.0,2,3,1.0,0,not_cluster,Y
f1002962,E ENERGY ADAMS,ethanol,NE,140009.88121455765,87.95925150721625,28.309037787781342,40.4842,-96.5459,2010.0,14.0,N,2-NETL,,,,,,,,,,0,,3.0,2,4,1.0,0,not_cluster,Y
f1005766,Dyno Nobel,ammonia,OR,84722.63809665201,90.83141835214806,41.293146152790186,45.911158,-122.824231,2010.0,14.0,N,2-NETL,,,,,,,,,,0,,7.0,4,9,1.0,0,not_cluster,Y
f1006203,ARKALON ETHANOL LLC,ethanol,KS,120194.33344813791,92.59793761502652,30.054816644716876,37.107107,-101.03083,2010.0,14.0,N,2-NETL,,,,,,,,,,0,,3.0,2,4,1.0,0,not_cluster,Y
f1004902,Marion Ethanol LLC d/b/a Poet Biorefining - Marion,ethanol,OH,167719.01542373677,92.9653737551004,26.374338849835617,40.61855,-83.15954,2013.0,11.0,N,2-NETL,,,,,,,,,,0,,1.0,2,3,1.0,1,not_cluster,Y
f1000415,"South Bend Ethanol, LLC.",ethanol,IN,143421.80565224157,93.10157688502422,28.04305766344992,41.6552,-86.2962,2010.0,14.0,N,2-NETL,,,,,,,,,,0,,1.0,2,3,1.0,0,not_cluster,Y
f1000413,"Alto Pekin, LLC",ethanol,IL,377313.70898377936,75.1013502370553,19.19885406783532,40.555,-89.6628,2010.0,14.0,N,2-NETL,,,,,,,,,,0,,1.0,2,3,1.0,0,not_cluster,Y
f1004174,NEVADA CEMENT COMPANY,cement,NV,434844.0382409589,56.37503073989835,16.43292596387404,39.62,-119.2628,,0.0,N,2-NETL,,,,,,,,,,0,,5.0,4,8,1.0,1,not_cluster,N
f1003770,GIANT CEMENT COMPANY,cement,SC,682030.9308334722,49.22927272195393,11.629019227961033,33.242778,-80.442222,,0.0,N,2-NETL,,,,,,,,,,0,,1.0,3,5,1.0,1,not_cluster,N
f1005360,Lafarge Ravena Cement Plant,cement,NY,1227960.2345005928,49.26434566520216,7.352080660685364,42.546096,-73.672154,,0.0,N,2-NETL,,,,,,,,,,0,,1.0,1,2,1.0,1,not_cluster,N
f1006669,CalPortland Company Rillito Plant,cement,AZ,983913.5710911416,49.27801139604535,9.494745659564911,32.4108,-111.15055,,0.0,N,2-NETL,,,,,,,,,,0,,5.0,4,8,1.0,1,not_cluster,N
f1007216,Central Plains Cement Company,cement,OK,561669.0421178947,49.52580628493585,14.0239011107588,36.1941,-95.8117,,0.0,N,2-NETL,,,,,,,,,,0,,3.0,3,7,1.0,1,not_cluster,N
f1004385,Central Plains Cement Company LLC,cement,MO,888867.7012098252,49.18480624857151,9.584078500207704,39.14418,-94.39482,,0.0,N,2-NETL,,,,,,,,,,0,,3.0,2,4,1.0,1,not_cluster,N
f1003303,Brooksville South Cement Plant,cement,FL,910525.830255489,49.77133717054529,9.40821065226052,28.582265,-82.430829,,0.0,N,2-NETL,,,,,,,,,,0,,2.0,3,5,1.0,1,not_cluster,N
f1006077,Davenport Plant,cement,IA,927859.9550189526,49.841912642482846,9.271560394847253,41.45906,-90.695252,,0.0,N,2-NETL,,,,,,,,,,0,,3.0,2,4,1.0,1,not_cluster,N
f1003643,PHOENIX CEMENT COMPANY\S CLARKDALE FACILITY,cement,AZ,921819.2789385132,49.92670590765656,9.973480204496022,34.78141,-112.08271,,0.0,N,2-NETL,,,,,,,,,,0,,5.0,4,8,1.0,1,not_cluster,N
f1006136,LEHIGH CEMENT CO LLC,cement,IN,527031.7543190997,56.40935323104011,13.827184992578454,40.734521,-86.433441,,0.0,N,2-NETL,,,,,,,,,,0,,1.0,2,3,1.0,1,not_cluster,N
f1004539,GCC DACOTAH,cement,SD,780695.276652692,49.9764648270669,10.560225842781758,44.08901,-103.26756,,0.0,N,2-NETL,,,,,,,,,,0,,6.0,2,4,1.0,1,not_cluster,N
f1002787,LEHIGH CEMENT COMPANY LLC,cement,MD,2176695.739715759,50.27444468702993,4.010850675408703,39.560284,-77.171425,,0.0,N,2-NETL,,,,,,,,,,0,,1.0,3,5,1.0,1,not_cluster,N
f1004721,CEMEX CONSTRUCTION MATERIALS ATLANTIC LLC,cement,TN,575297.3995190078,50.38283924024538,13.055779662079546,36.022505,-83.834408,,0.0,N,2-NETL,,,,,,,,,,0,,1.0,3,6,1.0,1,not_cluster,N
f1005302,LONE STAR INDUSTRIES INC,cement,IN,913461.6609906892,50.38985689272264,9.384815296739069,39.616615,-86.868632,,0.0,N,2-NETL,,,,,,,,,,0,,1.0,2,3,1.0,1,not_cluster,N
f1005987,CONTINENTAL CEMENT COMPANY LLC,cement,MO,786403.4291092204,50.43150833090191,10.504140784327708,39.67913,-91.31424,,0.0,N,2-NETL,,,,,,,,,,0,,3.0,2,4,1.0,1,not_cluster,N
f1008033,"CEMEX SOUTHEAST LLC, DEMOPOLIS PLANT",cement,AL,598182.2347853803,49.022392573848215,12.7205562077797,32.5127,-87.815631,,0.0,N,2-NETL,,,,,,,,,,0,,2.0,3,6,1.0,1,not_cluster,N
f1002750,Argos Cement LLC - Harleyville Plant,cement,SC,701862.8306613291,48.915794295564766,11.397673118017249,33.226205,-80.452832,,0.0,N,2-NETL,,,,,,,,,,0,,1.0,3,5,1.0,1,not_cluster,N
f1001157,"RED TRAIL ENERGY, LLC",ethanol,ND,250133.96093409896,46.955781729875824,23.4433572327727,46.878642,-102.296038,2022.0,2.0,N,2-NETL,,,,,,,,,,0,,6.0,2,4,1.0,1,not_cluster,Y
f1002421,ASH GROVE CEMENT COMPANY,cement,TX,809477.3408862061,47.36359444151525,10.963759510342944,32.51993,-97.0068,,0.0,N,2-NETL,,,,,,,,,,5,,4.0,3,7,1.0,1,not_cluster,N
f1006112,LONE STAR INDUSTRIES,cement,MO,1049953.6101002651,47.57982439165677,8.399606849623892,37.2676,-89.5385,,0.0,N,2-NETL,,,,,,,,,,0,,3.0,2,4,1.0,1,not_cluster,N
f1002443,BIG RIVER RESOURCES WEST BURLINGTON LLC,ethanol,IA,420627.4806816676,47.6410005714954,21.45280168475774,40.831196,-91.220611,,0.0,N,2-NETL,,,,,,,,,,0,,3.0,2,4,1.0,1,not_cluster,N
f1006490,"Valero Renewable Fuels Company, LLC d/b/a Valero Mt. Vernon Plant",ethanol,IN,468031.4172789301,47.67259315235936,20.8556448050874,37.933569,-87.873408,,0.0,N,2-NETL,,,,,,,,,,0,,1.0,2,3,1.0,1,not_cluster,N
f1004131,HOLCIM (US) INC. DEVIL\S SLIDE PLANT,cement,UT,860194.2988374633,47.72891410867715,10.494654885335429,41.0633,-111.5317,,0.0,N,2-NETL,,,,,,,,,,0,,5.0,4,8,1.0,1,not_cluster,N
f1007552,ASH GROVE CEMENT COMPANY-Louisville,cement,NE,808234.6027777948,47.92403453202064,10.97575977891777,41.005565,-96.154917,,0.0,N,2-NETL,,,,,,,,,,0,,3.0,2,4,1.0,1,not_cluster,N
f1006234,LEHIGH HANSON CEMENT SOUTH LLC,cement,AL,607914.6555466545,48.83642154487888,12.583310163100071,33.5401,-86.5435,,0.0,N,2-NETL,,,,,,,,,,0,,2.0,3,6,1.0,1,not_cluster,N
f1002530,Ash Grove Cement Company-LEAMINGTON,cement,UT,666698.2770449746,50.49480788327766,12.53587594364586,39.508327,-112.262246,,0.0,N,2-NETL,,,,,,,,,,0,,5.0,4,8,1.0,1,not_cluster,N
f1000630,ADVANSIX INCORPORATED - HOPEWELL,ammonia,VA,642530.8165191945,54.22481491373341,18.95814949807676,37.1815,-77.1621,2010.0,14.0,N,2-NETL,,,,,,,,,,0,,1.0,3,5,1.0,0,not_cluster,Y
f1003489,PCS NITROGEN FERTILIZER LP - GEISMAR AGRICULTURAL NITROGEN & PHOSPHATE PLANT,ammonia,LA,486356.3379091412,54.242954783062565,21.092452246949435,30.225784,-91.053154,2013.0,11.0,N,2-NETL,,,,,,,,,,0,,2.0,3,7,1.0,1,not_cluster,Y
f1005352,LEHIGH CEMENT CO LLC,cement,IA,592958.9320869349,54.61690834817675,12.795492469647217,43.1788,-93.2118,,0.0,N,2-NETL,,,,,,,,,,0,,3.0,2,4,1.0,1,not_cluster,N
f1004183,"CF Industries Nitrogen, LLC - Yazoo City Facility",ammonia,MS,662409.7586849761,54.666602537632535,18.738263338103494,32.928056,-90.407222,,0.0,N,2-NETL,,,,,,,,,,0,,2.0,3,6,1.0,1,not_cluster,N
f1006005,"CF Industries Nitrogen, LLC-Port Neal Nitrogen Complex",ammonia,IA,976893.1749846968,54.72304701368581,16.150202142053637,42.32786,-96.36489,2010.0,14.0,N,2-NETL,,,,,,,,,,0,,3.0,2,4,1.0,0,not_cluster,Y
f1003067,GCC RIO GRANDE INC,cement,CO,855529.1656822215,54.10371311731181,10.536196798930442,38.129058,-104.606741,,0.0,N,2-NETL,,,,,,,,,,0,,5.0,4,8,1.0,1,not_cluster,N
f1002517,Lehigh Cement LLC,cement,IN,604184.5410599113,54.79466663969807,12.635551277977491,38.415722,-85.749361,,0.0,N,2-NETL,,,,,,,,,,0,,1.0,2,3,1.0,1,not_cluster,N
f1002204,HOLCIM INCORPORATED,cement,OK,374308.9295309597,54.85421793998791,17.956252445983143,34.76754,-96.69652,,0.0,N,2-NETL,,,,,,,,,,0,,3.0,3,7,1.0,1,not_cluster,N
f1005331,CEMEX SOUTHEAST LLC,cement,GA,419655.0612556119,54.88957181486338,15.957412850491536,32.4152,-83.6333,,0.0,N,2-NETL,,,,,,,,,,0,,1.0,3,5,1.0,1,not_cluster,N
f1003008,Holcim (US) Inc. - Portland Plant,cement,CO,792104.9112796205,54.91355256318419,11.133855807365768,38.328631,-105.008989,,0.0,N,2-NETL,,,,,,,,,,0,,5.0,4,8,1.0,1,not_cluster,N
f1005622,KEYSTONE CEMENT COMPANY,cement,PA,809266.3371150023,55.46776824385314,10.28501033450846,40.715359,-75.400859,,0.0,N,2-NETL,,,,,,,,,,0,,1.0,1,2,1.0,1,not_cluster,N
f1001835,Lehigh Cement Co. LLC Nazareth,cement,PA,787849.6399457842,55.74556062888625,10.490020256210832,40.72966,-75.30078,,0.0,N,2-NETL,,,,,,,,,,0,,1.0,1,2,1.0,1,not_cluster,N
f1001689,Drake Cement,cement,AZ,529938.9828673824,56.12930568529282,14.550979672714522,34.98533,-112.37044,,0.0,N,2-NETL,,,,,,,,,,0,,5.0,4,8,1.0,1,not_cluster,N
f1006738,ILLINOIS CEMENT CO,cement,IL,636040.667558196,56.129827782555786,12.203147904297232,41.329483,-89.081612,,0.0,N,2-NETL,,,,,,,,,,0,,1.0,2,3,1.0,1,not_cluster,N
f1000533,SUWANNEE AMERICAN CEMENT,cement,FL,583313.9837178708,54.55194896598256,12.936287383935875,29.9616,-82.8497,,0.0,N,2-NETL,,,,,,,,,,0,,2.0,3,5,1.0,1,not_cluster,N
f1006694,Green Plains York LLC,ethanol,NE,287927.84921221266,53.76075637911961,26.476008895795506,40.69874,-97.567402,2010.0,14.0,N,2-NETL,,,,,,,,,,0,,3.0,2,4,1.0,0,not_cluster,Y
f1007606,ASH GROVE CEMENT-FOREMAN,cement,AR,1028816.0928267292,50.83176392460781,8.540259934720952,33.6936,-94.4166,,0.0,N,2-NETL,,,,,,,,,,0,,3.0,3,7,1.0,1,not_cluster,N
f1003883,"SUWANNEE AMERICAN CEMENT COMPANY, LLC",cement,FL,611749.5271670525,54.00150452927449,12.530061090664503,28.760864,-82.025353,,0.0,N,2-NETL,,,,,,,,,,0,,2.0,3,5,1.0,1,not_cluster,N
f1004758,CEMEX MIAMI,cement,FL,794318.5762368456,51.15221440867887,10.427293786726487,25.786463,-80.421113,,0.0,N,2-NETL,,,,,,,,,,0,,2.0,3,5,1.0,1,not_cluster,N
f1006110,"Lone Star Industries, Inc. /dba/ BUZZI UNICEM USA",cement,TX,578380.2781619652,51.15596794136739,13.762519433794685,32.25,-100.458333,,0.0,N,2-NETL,,,,,,,,,,72,,4.0,3,7,1.0,1,not_cluster,N
f1000247,SIGNAL MOUNTAIN CEMENT CO,cement,TN,524335.2998521682,51.49038165425952,13.873142541022409,35.101197,-85.345342,,0.0,N,2-NETL,,,,,,,,,,0,,1.0,3,6,1.0,1,not_cluster,N
f1004270,CAPITOL CEMENT PLANT,cement,TX,534372.0527080515,52.12106676298387,14.474759381736536,29.545278,-98.421111,,0.0,N,2-NETL,,,,,,,,,,1,,2.0,3,7,1.0,1,not_cluster,N
f1005978,MOUNTAIN CEMENT CO,cement,WY,564508.1107823956,52.05037456277281,13.22027825724952,41.26109,-105.60319,,0.0,N,2-NETL,,,,,,,,,,0,,5.0,4,8,1.0,1,not_cluster,N
f1004301,Century Plant,ng_processing,TX,5000000.0,0.0,20.0,30.608181,-102.57849,2010.0,14.0,N,3-CATF,,,,,,,,,,8,,4.0,3,7,1.0,0,not_cluster,Y
f1006402,Air Products Port Arthur Facility,ammonia,TX,1000000.0,0.0,20.0,29.866,-93.967,2013.0,11.0,N,3-CATF,,,,,,,,,,3,,2.0,3,7,1.0,1,not_cluster,Y
fop006,Petra Nova,other_operational_facility,TX,1400000.0,0.0,20.0,29.47908971,-95.62943553,2023.0,1.0,N,3-CATF,,,,,,,,,,3,,2.0,3,7,1.0,1,not_cluster,Y
fop005,Celanese Utilization Project,other_operational_facility,TX,180000.0,0.0,20.0,29.56029717,-95.05347963,2024.0,1.0,N,3-CATF,,,,,,,,,,3,,2.0,3,7,1.0,1,not_cluster,Y
fop004,Oklahoma Carbon Hub-EOR,other_operational_facility,OK,750000.0,0.0,20.0,36.76113438,-96.71275729,,1.0,N,3-CATF,,,,,,,,,,0,,3.0,3,7,1.0,1,not_cluster,Y
fop003,Blue Flint,ethanol,ND,181437.0,0.0,20.0,47.4564,-101.1371,2024.0,1.0,N,3-CATF,,,,,,,,,,0,,6.0,2,4,1.0,1,not_cluster,Y
f1010117,Core Energy CO2-EOR,ng_processing,MI,400000.0,0.0,20.0,45.113,-84.652,2003.0,21.0,N,3-CATF,,,,,,,,,,0,https://ghgdata.epa.gov/ghgp/service/facilityDetail/2022?id=1010117&ds=E&et=&popup=true,1.0,2,3,1.0,0,not_cluster,Y
f1003128,Terrell Gas Processing,ng_processing,TX,500000.0,0.0,20.0,30.3718,-101.8449,1972.0,52.0,N,3-CATF,,,,,,,,,,73,,4.0,3,7,1.0,0,not_cluster,Y
f1005897,Jal #3 Gas Plant,ng_processing,NM,30565.7335279999,0.0,20.3756019076,32.174281,-103.174134,2010.0,14.0,N,2-NETL,,,,,,,,,,4,,4.0,4,8,1.0,0,not_cluster,Y
f1013609,CAMPO VIEJO GAS PROCESSING PLANT,ng_processing,TX,43050.0,24.790824452600003,15.194376277400002,33.149918,-102.991166,2022.0,2.0,N,2-NETL,,,,,,,,,,81,,4.0,3,7,1.0,1,not_cluster,Y
f1007903,Velma Gas Plant,ng_processing,OK,15408.6403349999,0.0,25.344367744200003,34.4615,-97.6905,2010.0,14.0,N,2-NETL,,,,,,,,,,0,,3.0,3,7,1.0,0,not_cluster,Y
f1002515,ARTESIA GAS PLANT,ng_processing,NM,15622.7089369999,0.0,25.6948581868,32.7564,-104.2111,2010.0,14.0,N,2-NETL,,,,,,,,,,4,,4.0,4,8,1.0,0,not_cluster,Y
f1010032,LANCASTER RANCH COMPRESSOR STATION AND TREATING FACILITY,ng_processing,TX,20583.2,31.3400751832,19.2084331768,28.726014,-99.037991,2022.0,2.0,N,2-NETL,,,,,,,,,,1,,2.0,3,7,1.0,1,not_cluster,Y
f1013618,JACKSON LAKE GAS PLANT,ng_processing,CO,14281.0,36.432242933,22.329439217,40.452668,-103.955917,,0.0,N,2-NETL,,,,,,,,,,0,,5.0,4,8,1.0,1,not_cluster,N
f1012151,MT. OLIVE GAS PLANT,ng_processing,LA,36108.5,25.1015812742,15.3848401358,32.57421,-92.68162,,0.0,N,2-NETL,,,,,,,,,,0,,2.0,3,7,1.0,1,not_cluster,N
f1011130,TARGA TUPELO GAS PROCESSING PLANT,ng_processing,OK,20591.0,30.929214996800003,18.9566156432,34.5864,-96.288,,0.0,N,2-NETL,,,,,,,,,,0,,3.0,3,7,1.0,1,not_cluster,N
f1013647,IRON HORSE PROCESSING PLANT,ng_processing,OK,17938.9,32.3567579722,19.8315613378,35.145966,-97.921797,,0.0,N,2-NETL,,,,,,,,,,0,,3.0,3,7,1.0,1,not_cluster,N
f1004110,WEST FRENCHIE DRAW AMINE PLANT,ng_processing,WY,16911.9,32.861560881,20.140956669,43.287261,-107.621532,,0.0,N,2-NETL,,,,,,,,,,0,,5.0,4,8,1.0,1,not_cluster,N
f1013364,ROADRUNNER GAS PROCESSING PLANT,ng_processing,NM,17933.0,32.891219914,20.159134786,32.265851,-104.11239,,0.0,N,2-NETL,,,,,,,,,,4,,4.0,4,8,1.0,1,not_cluster,N
f1012433,MERIT ENERGY 345 ARKOMA BASIN GB,ng_processing,TX,16842.4,33.4407245562,20.495927953800003,32.93476,-96.81801,,0.0,N,2-NETL,,,,,,,,,,5,,4.0,3,7,1.0,1,not_cluster,N
f1013949,XTO - BOYSCOUT BOARDWALK,ng_processing,AR,14849.7,33.9658978812,20.8178083788,35.2683158972217,-92.5578741141625,,0.0,N,2-NETL,,,,,,,,,,0,,3.0,3,7,1.0,1,not_cluster,N
f1013406,BELLE ISLE BATTERY I PRODUCTION FACILITY,ng_processing,LA,21409.0,29.7024102088,18.2047030312,29.5289,-91.4052,,0.0,N,2-NETL,,,,,,,,,,0,,2.0,3,7,1.0,1,not_cluster,N
f1008924,NATIONAL HELIUM PLANT,ng_processing,KS,27120.1,29.5176307966,18.0914511334,37.1592,-100.7625,,0.0,N,2-NETL,,,,,,,,,,0,,3.0,2,4,1.0,1,not_cluster,N
f1010118,EAGLE-1 GAS PLANT,ng_processing,TX,40076.1,25.3531306874,15.5390155826,29.1351,-96.6591,,0.0,N,2-NETL,,,,,,,,,,2,,2.0,3,7,1.0,1,not_cluster,N
f1010643,WOODSBORO PLANT,ng_processing,TX,35724.6,26.2866917628,16.1111981772,28.175976,-97.281664,,0.0,N,2-NETL,,,,,,,,,,2,,2.0,3,7,1.0,1,not_cluster,N
f1009130,WARNER CO2 TREATMENT PLANT,ng_processing,MI,30034.6,27.9730262102,17.144757999800003,45.034388,-84.846853,,0.0,N,2-NETL,,,,,,,,,,0,,1.0,2,3,1.0,1,not_cluster,N
f1013903,BATTLE HORSE PLANT,ng_processing,TX,26188.3,29.009542328,17.780042072,30.1619,-96.56315,,0.0,N,2-NETL,,,,,,,,,,3,,2.0,3,7,1.0,1,not_cluster,N
f_agg_nonop_ng_processing0,_agg_nonop_ng_processing0,ng_processing,LA,221704.0,24.82391158413157,15.214655487048384,32.265127183333334,-93.38682626666667,,0.0,N,,,,,,,,0.0,0.0,0.0,0,,2.0,3,7,1.0,1,not_cluster,N
f_agg_nonop_ng_processing1,_agg_nonop_ng_processing1,ng_processing,LA,160569.6,25.03150277886212,15.341888799947752,31.82808925,-94.2781265,,0.0,N,,,,,,,,0.0,0.0,0.0,0,,2.0,3,7,1.0,1,not_cluster,N
f_agg_nonop_ng_processing2,_agg_nonop_ng_processing2,ng_processing,OK,40351.5,31.0846451088543,19.051879260265537,35.073406,-95.4912025,,0.0,N,,,,,,,,0.0,0.0,0.0,0,,3.0,3,7,1.0,1,not_cluster,N
f_agg_nonop_ng_processing3,_agg_nonop_ng_processing3,ng_processing,TX,133375.1,30.43124218318536,18.651406499371667,31.86401233333333,-101.81044975,,0.0,N,,,,,,,,0.0,0.0,0.0,8,,4.0,3,7,1.0,1,not_cluster,N
f_agg_nonop_ng_processing4,_agg_nonop_ng_processing4,ng_processing,CO,56655.2,29.39004403446941,18.01325279531996,40.30492851263385,-104.661367115342,,0.0,N,,,,,,,,0.0,0.0,0.0,0,,5.0,4,8,1.0,1,not_cluster,N
f_agg_nonop_ng_processing5,_agg_nonop_ng_processing5,ng_processing,TX,125661.1,29.049565608660096,17.80457246982393,31.40737622,-103.324312,,0.0,N,,,,,,,,0.0,0.0,0.0,8,,4.0,3,7,1.0,1,not_cluster,N
f_agg_nonop_ng_processing6,_agg_nonop_ng_processing6,ng_processing,TX,47175.5,29.974279278169163,18.37133246081336,28.690448,-97.8004595,,0.0,N,,,,,,,,0.0,0.0,0.0,2,,2.0,3,7,1.0,1,not_cluster,N
f_agg_nonop_ng_processing7,_agg_nonop_ng_processing7,ng_processing,TX,78352.4,28.94726133649742,17.741869851401642,31.344519666666667,-96.23436066666666,,0.0,N,,,,,,,,0.0,0.0,0.0,5,,4.0,3,7,1.0,1,not_cluster,N
f_agg_nonop_ng_processing8,_agg_nonop_ng_processing8,ng_processing,TX,94411.8,27.30114186272835,16.732957915865764,28.325281,-98.90592833333334,,0.0,N,,,,,,,,0.0,0.0,0.0,1,,2.0,3,7,1.0,1,not_cluster,N
fc1912_cluster,facility_ethanol_1912,ethanol,PA,143042.0,0.0,,41.03082,-78.4298,,0.0,Y,,,,,,,,,,,0,,,1,2,1.0,1,cluster,N
fc1913_cluster,facility_ethanol_1913,ethanol,UT,143042.0,0.0,,40.45336956800321,-110.295264112077,,0.0,Y,,,,,,,,,,,0,,,2,8,1.0,1,cluster,N
fc1914_cluster,facility_ethanol_1914,ethanol,TX,143042.0,0.0,,34.617489666666664,-102.09484633333334,,0.0,Y,,,,,,,,,,,0,,,3,7,1.0,1,cluster,N
fc1915_cluster,facility_ethanol_1915,ethanol,CA,143042.0,0.0,,41.66028757670879,-120.09754257811856,,0.0,Y,,,,,,,,,,,0,,,2,9,1.0,1,cluster,N
fc1916_cluster,facility_ethanol_1916,ethanol,SC,143042.0,0.0,,34.123712911457346,-80.91408666289658,,0.0,Y,,,,,,,,,,,0,,,2,5,1.0,1,cluster,N
fc1917_cluster,facility_ethanol_1917,ethanol,ME,143042.0,0.0,,44.24019715798952,-70.6453469306403,,0.0,Y,,,,,,,,,,,0,,,2,1,1.0,1,cluster,N
fc1918_cluster,facility_ethanol_1918,ethanol,IL,143042.0,0.0,,40.2173578,-88.0167788,,0.0,Y,,,,,,,,,,,0,,,2,3,1.0,1,cluster,N
fc1919_cluster,facility_ethanol_1919,ethanol,TN,143042.0,0.0,,36.28305,-89.147607,,0.0,Y,,,,,,,,,,,0,,,3,6,1.0,1,cluster,N
fc1920_cluster,facility_ethanol_1920,ethanol,IA,143042.0,0.0,,42.44658829032258,-95.05542858064516,,0.0,Y,,,,,,,,,,,0,,,2,4,1.0,1,cluster,N
fc1921_cluster,facility_pp_coal_1921,pp_coal,PA,1000000.0,0.0,,40.765,-76.10533333333333,,0.0,Y,,,,,,,,,,,0,,,1,2,0.1524448912882788,1,cluster,N
fc1922_cluster,facility_pp_coal_1922,pp_coal,PA,1000000.0,0.0,,40.596125,-79.1495,,0.0,Y,,,,,,,,,,,0,,,1,2,0.8475551087117211,1,cluster,N
fc1923_cluster,facility_pp_coal_1923,pp_coal,WY,1000000.0,0.0,,40.88369696969697,-108.34354545454543,,0.0,Y,,,,,,,,,,,0,,,4,8,1.0,1,cluster,N
fc1924_cluster,facility_pp_coal_1924,pp_coal,TX,1000000.0,0.0,,32.54028571428572,-95.87065714285714,,0.0,Y,,,,,,,,,,,0,,,3,7,1.0,1,cluster,N
fc1925_cluster,facility_pp_coal_1925,pp_coal,CA,1000000.0,0.0,,41.66028757670879,-120.09754257811856,,0.0,Y,,,,,,,,,,,0,,,1,9,1.0,1,cluster,N
fc1926_cluster,facility_pp_coal_1926,pp_coal,WV,1000000.0,0.0,,39.30942105263158,-80.5447894736842,,0.0,Y,,,,,,,,,,,0,,,3,5,0.6341241293250311,1,cluster,N
fc1927_cluster,facility_pp_coal_1927,pp_coal,VA,1000000.0,0.0,,36.599714285714285,-78.94171428571428,,0.0,Y,,,,,,,,,,,0,,,3,5,0.1958669832005606,1,cluster,N
fc1928_cluster,facility_pp_coal_1928,pp_coal,SC,1000000.0,0.0,,33.450857142857146,-80.23257142857143,,0.0,Y,,,,,,,,,,,0,,,3,5,0.1700088874744082,1,cluster,N
fc1929_cluster,facility_pp_coal_1929,pp_coal,NH,1000000.0,0.0,,43.1195,-71.1265,,0.0,Y,,,,,,,,,,,0,,,1,1,1.0,1,cluster,N
fc1930_cluster,facility_pp_coal_1930,pp_coal,IN,1000000.0,0.0,,38.5295625,-87.491625,,0.0,Y,,,,,,,,,,,0,,,2,3,0.4389438419107004,1,cluster,N
fc1931_cluster,facility_pp_coal_1931,pp_coal,OH,1000000.0,0.0,,38.92,-82.12528571428572,,0.0,Y,,,,,,,,,,,0,,,2,3,0.2326789336858833,1,cluster,N
fc1932_cluster,facility_pp_coal_1932,pp_coal,IL,1000000.0,0.0,,37.8836,-89.23859999999999,,0.0,Y,,,,,,,,,,,0,,,2,3,0.1526146304321428,1,cluster,N
fc1933_cluster,facility_pp_coal_1933,pp_coal,OH,1000000.0,0.0,,40.988,-81.35950000000001,,0.0,Y,,,,,,,,,,,0,,,2,3,0.094098464936424,1,cluster,N
fc1934_cluster,facility_pp_coal_1934,pp_coal,IN,1000000.0,0.0,,39.00425,-85.2895,,0.0,Y,,,,,,,,,,,0,,,2,3,0.0816641290348493,1,cluster,N
fc1935_cluster,facility_pp_coal_1935,pp_coal,AL,1000000.0,0.0,,33.5544,-86.9396,,0.0,Y,,,,,,,,,,,0,,,3,6,0.3740133696476299,1,cluster,N
fc1936_cluster,facility_pp_coal_1936,pp_coal,KY,1000000.0,0.0,,38.36025,-84.80025,,0.0,Y,,,,,,,,,,,0,,,3,6,0.62598663035237,1,cluster,N
fc1937_cluster,facility_pp_coal_1937,pp_coal,NE,1000000.0,0.0,,41.25292307692308,-96.21707692307692,,0.0,Y,,,,,,,,,,,0,,,2,4,0.2593466385595842,1,cluster,N
fc1938_cluster,facility_pp_coal_1938,pp_coal,IA,1000000.0,0.0,,41.496857142857145,-91.44257142857144,,0.0,Y,,,,,,,,,,,0,,,2,4,0.0938698227885281,1,cluster,N
fc1939_cluster,facility_pp_coal_1939,pp_coal,ND,1000000.0,0.0,,47.26811111111111,-101.43,,0.0,Y,,,,,,,,,,,0,,,2,4,0.2899709718061287,1,cluster,N
fc1940_cluster,facility_pp_coal_1940,pp_coal,KS,1000000.0,0.0,,39.06918181818182,-95.21063636363635,,0.0,Y,,,,,,,,,,,0,,,2,4,0.3568125668457589,1,cluster,N
fc1941_cluster,facility_pp_natgas_1941,pp_natgas,NJ,1290000.0,0.0,,40.8489595959596,-74.87376767676767,,0.0,Y,,,,,,,,,,,0,,,1,2,0.7459723278354001,1,cluster,N
fc1942_cluster,facility_pp_natgas_1942,pp_natgas,NY,1290000.0,0.0,,43.433,-76.39828571428572,,0.0,Y,,,,,,,,,,,0,,,1,2,0.0260795416869693,1,cluster,N
fc1943_cluster,facility_pp_natgas_1943,pp_natgas,PA,1290000.0,0.0,,40.385450000000006,-79.80605,,0.0,Y,,,,,,,,,,,0,,,1,2,0.2279481304776305,1,cluster,N
fc1944_cluster,facility_pp_natgas_1944,pp_natgas,CO,1290000.0,0.0,,39.775743589743584,-104.55010256410256,,0.0,Y,,,,,,,,,,,0,,,4,8,0.1537962301688158,1,cluster,N
fc1945_cluster,facility_pp_natgas_1945,pp_natgas,NV,1290000.0,0.0,,36.0224054054054,-114.92505405405404,,0.0,Y,,,,,,,,,,,0,,,4,8,0.2426260830360023,1,cluster,N
fc1946_cluster,facility_pp_natgas_1946,pp_natgas,AZ,1290000.0,0.0,,33.2658,-112.47558181818182,,0.0,Y,,,,,,,,,,,0,,,4,8,0.4182987543841947,1,cluster,N
fc1947_cluster,facility_pp_natgas_1947,pp_natgas,NM,1290000.0,0.0,,32.225,-107.4082,,0.0,Y,,,,,,,,,,,0,,,4,8,0.0434650357659024,1,cluster,N
fc1948_cluster,facility_pp_natgas_1948,pp_natgas,UT,1290000.0,0.0,,40.14336363636364,-111.78736363636364,,0.0,Y,,,,,,,,,,,0,,,4,8,0.0981056640045942,1,cluster,N
fc1949_cluster,facility_pp_natgas_1949,pp_natgas,NV,1290000.0,0.0,,39.563,-119.525,,0.0,Y,,,,,,,,,,,0,,,4,8,0.0437082326404905,1,cluster,N
fc1950_cluster,facility_pp_natgas_1950,pp_natgas,OK,1290000.0,0.0,,35.32368421052632,-97.6597894736842,,0.0,Y,,,,,,,,,,,0,,,3,7,0.028825397054603,1,cluster,N
fc1951_cluster,facility_pp_natgas_1951,pp_natgas,TX,1290000.0,0.0,,30.688251396648045,-96.4717150837989,,0.0,Y,,,,,,,,,,,0,,,3,7,0.5921047895445932,1,cluster,N
fc1952_cluster,facility_pp_natgas_1952,pp_natgas,TX,1290000.0,0.0,,32.315999999999995,-102.18385714285714,,0.0,Y,,,,,,,,,,,0,,,3,7,0.0352868761211516,1,cluster,N
fc1953_cluster,facility_pp_natgas_1953,pp_natgas,AR,1290000.0,0.0,,33.67918421052632,-92.37865789473685,,0.0,Y,,,,,,,,,,,0,,,3,7,0.0871510164758434,1,cluster,N
fc1954_cluster,facility_pp_natgas_1954,pp_natgas,OK,1290000.0,0.0,,36.12947826086956,-95.61456521739132,,0.0,Y,,,,,,,,,,,0,,,3,7,0.0662054592324856,1,cluster,N
fc1955_cluster,facility_pp_natgas_1955,pp_natgas,LA,1290000.0,0.0,,30.439954545454544,-92.97863636363635,,0.0,Y,,,,,,,,,,,0,,,3,7,0.0905617013764334,1,cluster,N
fc1956_cluster,facility_pp_natgas_1956,pp_natgas,LA,1290000.0,0.0,,30.00511111111111,-90.79,,0.0,Y,,,,,,,,,,,0,,,3,7,0.0414100435520604,1,cluster,N
fc1957_cluster,facility_pp_natgas_1957,pp_natgas,TX,1290000.0,0.0,,32.4107,-94.3281,,0.0,Y,,,,,,,,,,,0,,,3,7,0.0388350832177286,1,cluster,N
fc1958_cluster,facility_pp_natgas_1958,pp_natgas,TX,1290000.0,0.0,,26.234,-98.0175,,0.0,Y,,,,,,,,,,,0,,,3,7,0.0196196334251004,1,cluster,N
fc1959_cluster,facility_pp_natgas_1959,pp_natgas,CA,1290000.0,0.0,,34.33247368421053,-118.2968947368421,,0.0,Y,,,,,,,,,,,0,,,4,9,0.3352556476451916,1,cluster,N
fc1960_cluster,facility_pp_natgas_1960,pp_natgas,CA,1290000.0,0.0,,37.96630985915493,-121.69715492957748,,0.0,Y,,,,,,,,,,,0,,,4,9,0.3593827224612451,1,cluster,N
fc1961_cluster,facility_pp_natgas_1961,pp_natgas,OR,1290000.0,0.0,,45.800666666666665,-119.6938,,0.0,Y,,,,,,,,,,,0,,,4,9,0.1509232173791546,1,cluster,N
fc1962_cluster,facility_pp_natgas_1962,pp_natgas,WA,1290000.0,0.0,,46.529,-123.00907142857145,,0.0,Y,,,,,,,,,,,0,,,4,9,0.1308481966818155,1,cluster,N
fc1963_cluster,facility_pp_natgas_1963,pp_natgas,CA,1290000.0,0.0,,33.15085714285714,-115.17442857142858,,0.0,Y,,,,,,,,,,,0,,,4,9,0.0235902158325931,1,cluster,N
fc1964_cluster,facility_pp_natgas_1964,pp_natgas,VA,1290000.0,0.0,,38.151153846153846,-77.43528205128206,,0.0,Y,,,,,,,,,,,0,,,3,5,0.2653048789756494,1,cluster,N
fc1965_cluster,facility_pp_natgas_1965,pp_natgas,FL,1290000.0,0.0,,28.211767123287668,-81.95497260273972,,0.0,Y,,,,,,,,,,,0,,,3,5,0.3791729544315605,1,cluster,N
fc1966_cluster,facility_pp_natgas_1966,pp_natgas,NC,1290000.0,0.0,,35.4228125,-81.0955625,,0.0,Y,,,,,,,,,,,0,,,3,5,0.1027793315889889,1,cluster,N
fc1967_cluster,facility_pp_natgas_1967,pp_natgas,GA,1290000.0,0.0,,33.83612,-84.85196,,0.0,Y,,,,,,,,,,,0,,,3,5,0.1827638628699642,1,cluster,N
fc1968_cluster,facility_pp_natgas_1968,pp_natgas,GA,1290000.0,0.0,,32.31433333333333,-81.22333333333334,,0.0,Y,,,,,,,,,,,0,,,3,5,0.0433384222383872,1,cluster,N
fc1969_cluster,facility_pp_natgas_1969,pp_natgas,FL,1290000.0,0.0,,27.101142857142857,-80.53657142857142,,0.0,Y,,,,,,,,,,,0,,,3,5,0.0266405498954496,1,cluster,N
fc1970_cluster,facility_pp_natgas_1970,pp_natgas,MA,1290000.0,0.0,,42.24486956521739,-71.67793478260869,,0.0,Y,,,,,,,,,,,0,,,1,1,1.0,1,cluster,N
fc1971_cluster,facility_pp_natgas_1971,pp_natgas,MI,1290000.0,0.0,,42.38557831325301,-85.51714457831325,,0.0,Y,,,,,,,,,,,0,,,2,3,0.4628027219381236,1,cluster,N
fc1972_cluster,facility_pp_natgas_1972,pp_natgas,WI,1290000.0,0.0,,42.77591304347826,-88.87260869565218,,0.0,Y,,,,,,,,,,,0,,,2,3,0.1184231931413304,1,cluster,N
fc1973_cluster,facility_pp_natgas_1973,pp_natgas,OH,1290000.0,0.0,,39.1845,-84.73725,,0.0,Y,,,,,,,,,,,0,,,2,3,0.059690344764584,1,cluster,N
fc1974_cluster,facility_pp_natgas_1974,pp_natgas,OH,1290000.0,0.0,,40.4935,-81.19989285714287,,0.0,Y,,,,,,,,,,,0,,,2,3,0.2580317034665403,1,cluster,N
fc1975_cluster,facility_pp_natgas_1975,pp_natgas,IN,1290000.0,0.0,,39.738090909090914,-86.51290909090909,,0.0,Y,,,,,,,,,,,0,,,2,3,0.0489597504215672,1,cluster,N
fc1976_cluster,facility_pp_natgas_1976,pp_natgas,OH,1290000.0,0.0,,38.573,-82.783,,0.0,Y,,,,,,,,,,,0,,,2,3,0.0520922862678541,1,cluster,N
fc1977_cluster,facility_pp_natgas_1977,pp_natgas,MS,1290000.0,0.0,,32.896567567567566,-89.05617567567568,,0.0,Y,,,,,,,,,,,0,,,3,6,0.6715761342997087,1,cluster,N
fc1978_cluster,facility_pp_natgas_1978,pp_natgas,AL,1290000.0,0.0,,32.324357142857146,-86.015,,0.0,Y,,,,,,,,,,,0,,,3,6,0.2558604261833588,1,cluster,N
fc1979_cluster,facility_pp_natgas_1979,pp_natgas,AL,1290000.0,0.0,,34.6345,-87.04249999999999,,0.0,Y,,,,,,,,,,,0,,,3,6,0.0725634395169324,1,cluster,N
fc1980_cluster,facility_pp_natgas_1980,pp_natgas,MN,1290000.0,0.0,,44.7936,-93.4428,,0.0,Y,,,,,,,,,,,0,,,2,4,0.352822258354738,1,cluster,N
fc1981_cluster,facility_pp_natgas_1981,pp_natgas,KS,1290000.0,0.0,,37.0688,-94.648,,0.0,Y,,,,,,,,,,,0,,,2,4,0.1853227225677365,1,cluster,N
fc1982_cluster,facility_pp_natgas_1982,pp_natgas,IA,1290000.0,0.0,,42.231,-93.231,,0.0,Y,,,,,,,,,,,0,,,2,4,0.3205608533970426,1,cluster,N
fc1983_cluster,facility_pp_natgas_1983,pp_natgas,MO,1290000.0,0.0,,38.9282,-94.3718,,0.0,Y,,,,,,,,,,,0,,,2,4,0.1412941656804826,1,cluster,N
fc1984_cluster,facility_ng_processing_1984,ng_processing,PA,649255.0,0.0,,41.8328227762774,-76.44344700542716,,0.0,Y,,,,,,,,,,,0,,,4,2,1.0,1,cluster,N
fc1985_cluster,facility_ng_processing_1985,ng_processing,CO,649255.0,0.0,,38.12948750421128,-104.80682187178066,,0.0,Y,,,,,,,,,,,0,,,4,8,1.0,1,cluster,N
fc1986_cluster,facility_ng_processing_1986,ng_processing,TX,649255.0,0.0,,31.64329535882353,-102.74215591176473,,0.0,Y,,,,,,,,,,,0,,,3,7,0.2430493648605484,1,cluster,N
fc1987_cluster,facility_ng_processing_1987,ng_processing,TX,649255.0,0.0,,30.75594596842105,-95.40857489473684,,0.0,Y,,,,,,,,,,,0,,,3,7,0.7569506351394515,1,cluster,N
fc1988_cluster,facility_ng_processing_1988,ng_processing,CA,649255.0,0.0,,41.66028757670879,-120.09754257811856,,0.0,Y,,,,,,,,,,,0,,,4,9,1.0,1,cluster,N
fc1989_cluster,facility_ng_processing_1989,ng_processing,SC,649255.0,0.0,,34.123712911457346,-80.91408666289658,,0.0,Y,,,,,,,,,,,0,,,4,5,1.0,1,cluster,N
fc1990_cluster,facility_ng_processing_1990,ng_processing,ME,649255.0,0.0,,44.24019715798952,-70.6453469306403,,0.0,Y,,,,,,,,,,,0,,,4,1,1.0,1,cluster,N
fc1991_cluster,facility_ng_processing_1991,ng_processing,MT,649255.0,0.0,,46.9315475,-103.766193,,0.0,Y,,,,,,,,,,,0,,,2,3,1.0,1,cluster,N
fc1992_cluster,facility_ng_processing_1992,ng_processing,AL,649255.0,0.0,,34.58663976772085,-87.08829874471202,,0.0,Y,,,,,,,,,,,0,,,4,6,1.0,1,cluster,N
fc1993_cluster,facility_ng_processing_1993,ng_processing,KS,649255.0,0.0,,37.1592,-100.7625,,0.0,Y,,,,,,,,,,,0,,,2,4,1.0,1,cluster,N
fc1994_cluster,facility_cement_1994,cement,PA,631737.0,0.0,,40.55054766666667,-75.69058483333333,,0.0,Y,,,,,,,,,,,0,,,1,2,1.0,1,cluster,N
fc1995_cluster,facility_cement_1995,cement,UT,631737.0,0.0,,39.06544230769231,-109.91584938461538,,0.0,Y,,,,,,,,,,,0,,,4,8,1.0,1,cluster,N
fc1996_cluster,facility_cement_1996,cement,TX,631737.0,0.0,,32.17240626666667,-97.61486953333332,,0.0,Y,,,,,,,,,,,0,,,3,7,1.0,1,cluster,N
fc1997_cluster,facility_cement_1997,cement,CA,631737.0,0.0,,34.7177214,-117.6125426,,0.0,Y,,,,,,,,,,,0,,,4,9,1.0,1,cluster,N
fc1998_cluster,facility_cement_1998,cement,SC,631737.0,0.0,,32.637210714285715,-80.60525514285715,,0.0,Y,,,,,,,,,,,0,,,3,5,1.0,1,cluster,N
fc1999_cluster,facility_cement_1999,cement,ME,631737.0,0.0,,44.08401,-69.157238,,0.0,Y,,,,,,,,,,,0,,,1,1,1.0,1,cluster,N
fc2000_cluster,facility_cement_2000,cement,MI,631737.0,0.0,,40.7400171,-86.0744974,,0.0,Y,,,,,,,,,,,0,,,2,3,1.0,1,cluster,N
fc2001_cluster,facility_cement_2001,cement,AL,631737.0,0.0,,34.07299775,-86.3138385,,0.0,Y,,,,,,,,,,,0,,,3,6,1.0,1,cluster,N
fc2002_cluster,facility_cement_2002,cement,MO,631737.0,0.0,,39.7826940909091,-93.64207,,0.0,Y,,,,,,,,,,,0,,,2,4,1.0,1,cluster,N
fc2003_cluster,facility_ammonia_2003,ammonia,PA,486227.0,0.0,,41.8328227762774,-76.44344700542716,,0.0,Y,,,,,,,,,,,0,,,3,2,1.0,1,cluster,N
fc2004_cluster,facility_ammonia_2004,ammonia,WY,486227.0,0.0,,41.5414,-109.131,,0.0,Y,,,,,,,,,,,0,,,4,8,1.0,1,cluster,N
fc2005_cluster,facility_ammonia_2005,ammonia,LA,486227.0,0.0,,30.00583,-90.877047,,0.0,Y,,,,,,,,,,,0,,,3,7,1.0,1,cluster,N
fc2006_cluster,facility_ammonia_2006,ammonia,CA,486227.0,0.0,,41.66028757670879,-120.09754257811856,,0.0,Y,,,,,,,,,,,0,,,3,9,1.0,1,cluster,N
fc2007_cluster,facility_ammonia_2007,ammonia,SC,486227.0,0.0,,34.123712911457346,-80.91408666289658,,0.0,Y,,,,,,,,,,,0,,,3,5,1.0,1,cluster,N
fc2008_cluster,facility_ammonia_2008,ammonia,ME,486227.0,0.0,,44.24019715798952,-70.6453469306403,,0.0,Y,,,,,,,,,,,0,,,3,1,1.0,1,cluster,N
fc2009_cluster,facility_ammonia_2009,ammonia,MI,486227.0,0.0,,42.037246027577105,-86.5321611984015,,0.0,Y,,,,,,,,,,,0,,,3,3,1.0,1,cluster,N
fc2010_cluster,facility_ammonia_2010,ammonia,MS,486227.0,0.0,,32.928056,-90.407222,,0.0,Y,,,,,,,,,,,0,,,3,6,1.0,1,cluster,N
fc2011_cluster,facility_ammonia_2011,ammonia,IA,486227.0,0.0,,40.76659566666667,-94.388921,,0.0,Y,,,,,,,,,,,0,,,2,4,1.0,1,cluster,N
fc2012_cluster,facility_beccs_2012,beccs,PA,1000000.0,0.0,,41.8328227762774,-76.44344700542716,,0.0,Y,,,,,,,,,,,0,,,1,2,1.0,1,cluster,N
fc2013_cluster,facility_beccs_2013,beccs,UT,1000000.0,0.0,,40.45336956800321,-110.295264112077,,0.0,Y,,,,,,,,,,,0,,,4,8,1.0,1,cluster,N
fc2014_cluster,facility_beccs_2014,beccs,TX,1000000.0,0.0,,32.54379359306157,-97.39017349710996,,0.0,Y,,,,,,,,,,,0,,,3,7,1.0,1,cluster,N
fc2015_cluster,facility_beccs_2015,beccs,CA,1000000.0,0.0,,41.66028757670879,-120.09754257811856,,0.0,Y,,,,,,,,,,,0,,,4,9,1.0,1,cluster,N
fc2016_cluster,facility_beccs_2016,beccs,SC,1000000.0,0.0,,34.123712911457346,-80.91408666289658,,0.0,Y,,,,,,,,,,,0,,,3,5,1.0,1,cluster,N
fc2017_cluster,facility_beccs_2017,beccs,ME,1000000.0,0.0,,44.24019715798952,-70.6453469306403,,0.0,Y,,,,,,,,,,,0,,,1,1,1.0,1,cluster,N
fc2018_cluster,facility_beccs_2018,beccs,MI,1000000.0,0.0,,42.037246027577105,-86.5321611984015,,0.0,Y,,,,,,,,,,,0,,,2,3,1.0,1,cluster,N
fc2019_cluster,facility_beccs_2019,beccs,AL,1000000.0,0.0,,34.58663976772085,-87.08829874471202,,0.0,Y,,,,,,,,,,,0,,,3,6,1.0,1,cluster,N
fc2020_cluster,facility_beccs_2020,beccs,SD,1000000.0,0.0,,42.879373615733584,-97.21212634610823,,0.0,Y,,,,,,,,,,,0,,,2,4,1.0,1,cluster,N
